Change,Edition,Before reference,Before text,After reference,After text,Reason,Source
source-correction,Louis Segond (1910),John 3:16,"Car Dieu a tant aimé le monde qu’il a donné son Fils unique, afin que quiconque croit en lui ne périsse point, mais qu’il ait la vie éternelle.",John 3:16,"Car Dieu a tant aimé le monde qu’il a donné son Fils unique,afin que quiconque croit en lui ne périsse point, mais qu’il ait la vie éternelle.","Match the named edition source exactly, including its verse numbering, wording, capitalization and punctuation; normalize layout whitespace only.",https://ebible.org/Scriptures/fraLSG_usfx.zip
source-correction,Bible in Basic English (BBE),John 14:27,"Peace I leave with you; my peace I give to you: not as the world gives, do I give to you. Let not your heart be troubled, and let it have no fear.",John 14:27,May peace be with you; my peace I give to you: I give it not as the world gives. Let not your heart be troubled; let it be without fear.,"Match the named edition source exactly, including its verse numbering, wording, capitalization and punctuation; normalize layout whitespace only.",https://ebible.org/Scriptures/engBBE_usfx.zip
source-correction,Berean Standard Bible (BSB),Isaiah 41:10,"Do not fear, for I am with you; do not be afraid, for I am your God. I will strengthen you; I will surely help you; I will uphold you with My righteous right hand.",Isaiah 41:10,"Do not fear, for I am with you; do not be afraid, for I am your God. I will strengthen you; I will surely help you; I will uphold you with My right hand of righteousness.","Match the named edition source exactly, including its verse numbering, wording, capitalization and punctuation; normalize layout whitespace only.",https://ebible.org/Scriptures/engbsb_usfx.zip
source-correction,Bible in Basic English (BBE),Isaiah 41:10,"Have no fear, for I am with you; be not overcome with trouble, for I am your God; I will give you strength; yes, I will be your helper; yes, my true right hand will be your support.",Isaiah 41:10,"Have no fear, for I am with you; do not be looking about in trouble, for I am your God; I will give you strength, yes, I will be your helper; yes, my true right hand will be your support.","Match the named edition source exactly, including its verse numbering, wording, capitalization and punctuation; normalize layout whitespace only.",https://ebible.org/Scriptures/engBBE_usfx.zip
source-correction,Bible in Basic English (BBE),Proverbs 3:5-6,"Put all your hope in God and have no trust in the wisdom of your own mind. In all your ways give ear to him, and he will make straight your footsteps.",Proverbs 3:5-6,"Put all your hope in God, not looking to your reason for support. In all your ways give ear to him, and he will make straight your footsteps.","Match the named edition source exactly, including its verse numbering, wording, capitalization and punctuation; normalize layout whitespace only.",https://ebible.org/Scriptures/engBBE_usfx.zip
source-correction,Bible in Basic English (BBE),Psalm 46:1,"God is our safe place and our strength, ever ready to help in times of trouble.",Psalm 46:1,"God is our harbour and our strength, a very present help in trouble.","Match the named edition source exactly, including its verse numbering, wording, capitalization and punctuation; normalize layout whitespace only.",https://ebible.org/Scriptures/engBBE_usfx.zip
source-correction,Lutherbibel (1912),Psalm 46:1,"Ein Lied der Kinder Korah, von der Jugend, vorzusingen. Gott ist unsre Zuversicht und Stärke. Eine Hilfe in den großen Nöten, die uns getroffen haben.",Psalm 46:2,"Gott ist unsre Zuversicht und Stärke. Eine Hilfe in den großen Nöten, die uns getroffen haben.","Match the named edition source exactly, including its verse numbering, wording, capitalization and punctuation; normalize layout whitespace only.",https://ebible.org/Scriptures/deu1912_usfx.zip
source-correction,Louis Segond (1910),Psalm 46:1,Au chef des chantres. Des fils de Koré. Sur alamoth. Cantique.,Psalm 46:2,"Dieu est pour nous un refuge et un appui, Un secours qui ne manque jamais dans la détresse.","Match the named edition source exactly, including its verse numbering, wording, capitalization and punctuation; normalize layout whitespace only.",https://ebible.org/Scriptures/fraLSG_usfx.zip
source-correction,Bible in Basic English (BBE),Joshua 1:9,"Have I not given you your orders? Be strong and take heart; have no fear and do not be troubled, for the Lord your God is with you wherever you go.",Joshua 1:9,"Have I not given you your orders? Take heart and be strong; have no fear and do not be troubled; for the Lord your God is with you wherever you go,","Match the named edition source exactly, including its verse numbering, wording, capitalization and punctuation; normalize layout whitespace only.",https://ebible.org/Scriptures/engBBE_usfx.zip
source-correction,Bible in Basic English (BBE),Isaiah 40:31,"But those who are waiting for the Lord will have new strength; their wings will be like those of an eagle: running, they will not be tired, and walking, they will have no weariness.",Isaiah 40:31,"But those who are waiting for the Lord will have new strength; they will get wings like eagles: running, they will not be tired, and walking, they will have no weariness.","Match the named edition source exactly, including its verse numbering, wording, capitalization and punctuation; normalize layout whitespace only.",https://ebible.org/Scriptures/engBBE_usfx.zip
source-correction,World English Bible (WEB),Isaiah 40:31,"But those who wait for the LORD will renew their strength. They will mount up with wings like eagles. They will run, and not be weary. They will walk, and not faint.",Isaiah 40:31,"but those who wait for the LORD will renew their strength. They will mount up with wings like eagles. They will run, and not be weary. They will walk, and not faint.","Match the named edition source exactly, including its verse numbering, wording, capitalization and punctuation; normalize layout whitespace only.",https://ebible.org/Scriptures/engwebu_usfx.zip
source-correction,Lutherbibel (1912),Psalm 34:18,"Der HERR ist nahe bei denen, die zerbrochnes Herzens sind, und hilft denen, die ein zerschlagen Gemüt haben.",Psalm 34:19,"Der HERR ist nahe bei denen, die zerbrochnes Herzens sind, und hilft denen, die ein zerschlagen Gemüt haben.","Match the named edition source exactly, including its verse numbering, wording, capitalization and punctuation; normalize layout whitespace only.",https://ebible.org/Scriptures/deu1912_usfx.zip
source-correction,Louis Segond (1910),Psalm 34:18,"Quand les justes crient, l’Éternel entend, Et il les délivre de toutes leurs détresses;",Psalm 34:19,"L’Éternel est près de ceux qui ont le cœur brisé, Et il sauve ceux qui ont l’esprit dans l’abattement.","Match the named edition source exactly, including its verse numbering, wording, capitalization and punctuation; normalize layout whitespace only.",https://ebible.org/Scriptures/fraLSG_usfx.zip
source-correction,Bible in Basic English (BBE),Psalm 55:22,"Put your troubles on the Lord, and he will be your support; he will not let the upright man be moved.",Psalm 55:22,"Put your cares on the Lord, and he will be your support; he will not let the upright man be moved.","Match the named edition source exactly, including its verse numbering, wording, capitalization and punctuation; normalize layout whitespace only.",https://ebible.org/Scriptures/engBBE_usfx.zip
source-correction,Lutherbibel (1912),Psalm 55:22,Wirf dein Anliegen auf den HERRN; der wird dich versorgen und wird den Gerechten nicht ewiglich in Unruhe lassen.,Psalm 55:23,Wirf dein Anliegen auf den HERRN; der wird dich versorgen und wird den Gerechten nicht ewiglich in Unruhe lassen.,"Match the named edition source exactly, including its verse numbering, wording, capitalization and punctuation; normalize layout whitespace only.",https://ebible.org/Scriptures/deu1912_usfx.zip
source-correction,Louis Segond (1910),Psalm 55:22,"Sa bouche est plus douce que la crème, Mais la guerre est dans son cœur; Ses paroles sont plus onctueuses que l’huile, Mais ce sont des épées nues.",Psalm 55:23,"Remets ton sort à l’Éternel, et il te soutiendra, Il ne laissera jamais chanceler le juste.","Match the named edition source exactly, including its verse numbering, wording, capitalization and punctuation; normalize layout whitespace only.",https://ebible.org/Scriptures/fraLSG_usfx.zip
source-correction,Bible in Basic English (BBE),2 Corinthians 5:7,"For our life is guided by faith, not by sight.",2 Corinthians 5:7,"(For we are walking by faith, not by seeing,)","Match the named edition source exactly, including its verse numbering, wording, capitalization and punctuation; normalize layout whitespace only.",https://ebible.org/Scriptures/engBBE_usfx.zip
source-correction,World English Bible (WEB),2 Corinthians 5:7,"For we walk by faith, not by sight.",2 Corinthians 5:7,"for we walk by faith, not by sight.","Match the named edition source exactly, including its verse numbering, wording, capitalization and punctuation; normalize layout whitespace only.",https://ebible.org/Scriptures/engwebu_usfx.zip
replacement,Berean Standard Bible (BSB),2 Corinthians 12:9,"But He said to me, “My grace is sufficient for you, for My power is perfected in weakness.” Therefore I will boast all the more gladly in my weaknesses, so that the power of Christ may rest on me.",Hebrews 4:15,"For we do not have a high priest who is unable to sympathize with our weaknesses, but we have one who was tempted in every way that we are, yet was without sin.",The full verse is long for a card; this full verse also offers comfort through Christ's understanding of weakness.,https://ebible.org/Scriptures/engbsb_usfx.zip
replacement,Bible in Basic English (BBE),2 Corinthians 12:9,"And he said to me, My grace is enough for you, for my power is made complete in what is feeble.",Hebrews 4:15,"For we have not a high priest who is not able to be touched by the feelings of our feeble flesh; but we have one who has been tested in all points as we ourselves are tested, but without sin.",The full verse is long for a card; this full verse also offers comfort through Christ's understanding of weakness.,https://ebible.org/Scriptures/engBBE_usfx.zip
replacement,King James Version (KJV),2 Corinthians 12:9,"And he said unto me, My grace is sufficient for thee: for my strength is made perfect in weakness. Most gladly therefore will I rather glory in my infirmities, that the power of Christ may rest upon me.",Hebrews 4:15,"For we have not an high priest which cannot be touched with the feeling of our infirmities; but was in all points tempted like as we are, yet without sin.",The full verse is long for a card; this full verse also offers comfort through Christ's understanding of weakness.,https://ebible.org/Scriptures/eng-kjv2006_usfx.zip
replacement,World English Bible (WEB),2 Corinthians 12:9,"He has said to me, “My grace is sufficient for you, for my power is made perfect in weakness.” Most gladly therefore I will rather glory in my weaknesses, that the power of Christ may rest on me.",Hebrews 4:15,"For we don’t have a high priest who can’t be touched with the feeling of our infirmities, but one who has been in all points tempted like we are, yet without sin.",The full verse is long for a card; this full verse also offers comfort through Christ's understanding of weakness.,https://ebible.org/Scriptures/engwebu_usfx.zip
replacement,Lutherbibel (1912),2 Corinthians 12:9,"Und er hat zu mir gesagt: Laß dir an meiner Gnade genügen; denn meine Kraft ist in den Schwachen mächtig. Darum will ich mich am allerliebsten rühmen meiner Schwachheit, auf daß die Kraft Christi bei mir wohne.",Hebrews 4:15,"Denn wir haben nicht einen Hohenpriester, der nicht könnte Mitleiden haben mit unsern Schwachheiten, sondern der versucht ist allenthalben gleichwie wir, doch ohne Sünde.",The full verse is long for a card; this full verse also offers comfort through Christ's understanding of weakness.,https://ebible.org/Scriptures/deu1912_usfx.zip
replacement,Louis Segond (1910),2 Corinthians 12:9,"et il m’a dit: Ma grâce te suffit, car ma puissance s’accomplit dans la faiblesse. Je me glorifierai donc bien plus volontiers de mes faiblesses, afin que la puissance de Christ repose sur moi.",Hebrews 4:15,"Car nous n’avons pas un souverain sacrificateur qui ne puisse compatir à nos faiblesses; au contraire, il a été tenté comme nous en toutes choses, sans commettre de péché.",The full verse is long for a card; this full verse also offers comfort through Christ's understanding of weakness.,https://ebible.org/Scriptures/fraLSG_usfx.zip
replacement,Riveduta (1927),2 Corinthians 12:9,"ed egli mi ha detto: La mia grazia ti basta, perché la mia potenza si dimostra perfetta nella debolezza. Perciò molto volentieri mi glorierò piuttosto delle mie debolezze, onde la potenza di Cristo riposi su me.",Hebrews 4:15,"Perché non abbiamo un Sommo Sacerdote che non possa simpatizzare con noi nelle nostre infermità; ma ne abbiamo uno che in ogni cosa è stato tentato come noi, però senza peccare.",The full verse is long for a card; this full verse also offers comfort through Christ's understanding of weakness.,https://ebible.org/Scriptures/ita1927_usfx.zip
replacement,Reina-Valera (1909),2 Corinthians 12:9,"Y me ha dicho: Bástate mi gracia; porque mi potencia en la flaqueza se perfecciona. Por tanto, de buena gana me gloriaré más bien en mis flaquezas, porque habite en mí la potencia de Cristo.",Hebrews 4:15,"Porque no tenemos un Pontífice que no se pueda compadecer de nuestras flaquezas; mas tentado en todo según nuestra semejanza, pero sin pecado.",The full verse is long for a card; this full verse also offers comfort through Christ's understanding of weakness.,https://ebible.org/Scriptures/spaRV1909_usfx.zip
replacement,Sathyavedapusthakam (1910),2 Corinthians 12:9,അവൻ എന്നോടു: എന്റെ കൃപ നിനക്കുമതി; എന്റെ ശക്തി ബലഹീനതയിൽ തികഞ്ഞുവരുന്നു എന്നു പറഞ്ഞു. ആകയാൽ ക്രിസ്തുവിന്റെ ശക്തി എന്റെമേൽ ആവസിക്കേണ്ടതിന്നു ഞാൻ അതിസന്തോഷത്തോടെ എന്റെ ബലഹീനതകളിൽ പ്രശംസിക്കും.,Hebrews 4:15,നമുക്കുള്ള മഹാപുരോഹിതൻ നമ്മുടെ ബലഹീനതകളിൽ സഹതാപം കാണിപ്പാൻ കഴിയാത്തവനല്ല; പാപം ഒഴികെ സൎവ്വത്തിലും നമുക്കു തുല്യമായി പരീക്ഷിക്കപ്പെട്ടവനത്രേ നമുക്കുള്ളതു.,The full verse is long for a card; this full verse also offers comfort through Christ's understanding of weakness.,https://api.getbible.net/v2/mal1910.json
replacement,Ang Dating Biblia (1905),2 Corinthians 12:9,"At siya'y nagsabi sa akin, Ang aking biyaya ay sapat na sa iyo: sapagka't ang aking kapangyarihan ay nagiging sakdal sa kahinaan. Kaya't bagkus akong magmamapuri na may malaking galak sa aking kahinaan upang manahan nawa sa akin ang kapangyarihan ni Cristo.",Hebrews 4:15,"Sapagka't tayo'y walang isang dakilang saserdote na hindi maaaring mahabag sa ating kahinaan, kundi isa na tinukso sa lahat ng mga paraan gaya rin naman natin gayon ma'y walang kasalanan.",The full verse is long for a card; this full verse also offers comfort through Christ's understanding of weakness.,https://api.getbible.net/v2/tagalog.json
source-correction,World English Bible (WEB),1 Peter 5:7,"Casting all your worries on him, because he cares for you.",1 Peter 5:7,"casting all your worries on him, because he cares for you.","Match the named edition source exactly, including its verse numbering, wording, capitalization and punctuation; normalize layout whitespace only.",https://ebible.org/Scriptures/engwebu_usfx.zip
source-correction,Bible in Basic English (BBE),1 John 4:19,Our love is because he first had love for us.,1 John 4:19,"We have the power of loving, because he first had love for us.","Match the named edition source exactly, including its verse numbering, wording, capitalization and punctuation; normalize layout whitespace only.",https://ebible.org/Scriptures/engBBE_usfx.zip
replacement,Berean Standard Bible (BSB),Romans 8:38-39,"For I am convinced that neither death nor life, neither angels nor principalities, neither the present nor the future, nor any powers, neither height nor depth, nor anything else in all creation, will be able to separate us from the love of God that is in Christ Jesus our Lord.",Romans 8:32,"He who did not spare His own Son but gave Him up for us all, how will He not also, along with Him, freely give us all things?",The two-verse passage is very long and overlaps the existing Romans 8:39 card; this full verse affirms God's generosity.,https://ebible.org/Scriptures/engbsb_usfx.zip
replacement,Bible in Basic English (BBE),Romans 8:38-39,"For I am certain that not death, or life, or angels, or principalities, or things present, or things to come, or powers, or height, or depth, or any other living thing, will be able to make us separate from the love of God which is ours in Christ Jesus our Lord.",Romans 8:32,"He who did not keep back his only Son, but gave him up for us all, will he not with him freely give us all things?",The two-verse passage is very long and overlaps the existing Romans 8:39 card; this full verse affirms God's generosity.,https://ebible.org/Scriptures/engBBE_usfx.zip
replacement,King James Version (KJV),Romans 8:38-39,"For I am persuaded, that neither death, nor life, nor angels, nor principalities, nor powers, nor things present, nor things to come, Nor height, nor depth, nor any other creature, shall be able to separate us from the love of God, which is in Christ Jesus our Lord.",Romans 8:32,"He that spared not his own Son, but delivered him up for us all, how shall he not with him also freely give us all things?",The two-verse passage is very long and overlaps the existing Romans 8:39 card; this full verse affirms God's generosity.,https://ebible.org/Scriptures/eng-kjv2006_usfx.zip
replacement,World English Bible (WEB),Romans 8:38-39,"For I am persuaded that neither death, nor life, nor angels, nor principalities, nor things present, nor things to come, nor powers, nor height, nor depth, nor any other created thing will be able to separate us from God’s love which is in Christ Jesus our Lord.",Romans 8:32,"He who didn’t spare his own Son, but delivered him up for us all, how would he not also with him freely give us all things?",The two-verse passage is very long and overlaps the existing Romans 8:39 card; this full verse affirms God's generosity.,https://ebible.org/Scriptures/engwebu_usfx.zip
replacement,Lutherbibel (1912),Romans 8:38-39,"Denn ich bin gewiß, daß weder Tod noch Leben, weder Engel noch Fürstentümer noch Gewalten, weder Gegenwärtiges noch Zukünftiges, weder Hohes noch Tiefes noch keine andere Kreatur mag uns scheiden von der Liebe Gottes, die in Christo Jesu ist, unserm HERRN.",Romans 8:32,"welcher auch seines eigenen Sohnes nicht hat verschont, sondern hat ihn für uns alle dahingegeben; wie sollte er uns mit ihm nicht alles schenken?",The two-verse passage is very long and overlaps the existing Romans 8:39 card; this full verse affirms God's generosity.,https://ebible.org/Scriptures/deu1912_usfx.zip
replacement,Louis Segond (1910),Romans 8:38-39,"Car j’ai l’assurance que ni la mort ni la vie, ni les anges ni les dominations, ni les choses présentes ni les choses à venir, ni les puissances, ni la hauteur, ni la profondeur, ni aucune autre créature ne pourra nous séparer de l’amour de Dieu manifesté en Jésus-Christ notre Seigneur.",Romans 8:32,"Lui, qui n’a point épargné son propre Fils, mais qui l’a livré pour nous tous, comment ne nous donnera-t-il pas aussi toutes choses avec lui?",The two-verse passage is very long and overlaps the existing Romans 8:39 card; this full verse affirms God's generosity.,https://ebible.org/Scriptures/fraLSG_usfx.zip
replacement,Riveduta (1927),Romans 8:38-39,"Poiché io son persuaso che né morte, né vita, né angeli, né principati, né cose presenti, né cose future, né potestà, né altezza, né profondità, né alcun’altra creatura potranno separarci dall’amore di Dio, che è in Cristo Gesù, nostro Signore.",Romans 8:32,"Colui che non ha risparmiato il suo proprio Figliuolo, ma l’ha dato per tutti noi, come non ci donerà egli anche tutte le cose con lui?",The two-verse passage is very long and overlaps the existing Romans 8:39 card; this full verse affirms God's generosity.,https://ebible.org/Scriptures/ita1927_usfx.zip
replacement,Reina-Valera (1909),Romans 8:38-39,"Por lo cual estoy cierto que ni la muerte, ni la vida, ni ángeles, ni principados, ni potestades, ni lo presente, ni lo por venir, Ni lo alto, ni lo bajo, ni ninguna criatura nos podrá apartar del amor de Dios, que es en Cristo Jesús Señor nuestro.",Romans 8:32,"El que aun á su propio Hijo no perdonó, antes le entregó por todos nosotros, ¿cómo no nos dará también con él todas las cosas?",The two-verse passage is very long and overlaps the existing Romans 8:39 card; this full verse affirms God's generosity.,https://ebible.org/Scriptures/spaRV1909_usfx.zip
replacement,Sathyavedapusthakam (1910),Romans 8:38-39,മരണത്തിന്നോ ജീവന്നോ ദൂതന്മാൎക്കോ വാഴ്ചകൾക്കോ അധികാരങ്ങൾക്കോ ഇപ്പോഴുള്ളതിന്നോ വരുവാനുള്ളതിന്നോ ഉയരത്തിന്നോ ആഴത്തിന്നോ മറ്റു യാതൊരു സൃഷ്ടിക്കോ നമ്മുടെ കൎത്താവായ യേശുക്രിസ്തുവിലുള്ള ദൈവസ്നേഹത്തിൽ നിന്നു നമ്മെ വേറുപിരിപ്പാൻ കഴികയില്ല എന്നു ഞാൻ ഉറെച്ചിരിക്കുന്നു.,Romans 8:32,സ്വന്തപുത്രനെ ആദരിക്കാതെ നമുക്കു എല്ലാവൎക്കും വേണ്ടി ഏല്പിച്ചുതന്നവൻ അവനോടുകൂടെ സകലവും നമുക്കു നല്കാതിരിക്കുമോ?,The two-verse passage is very long and overlaps the existing Romans 8:39 card; this full verse affirms God's generosity.,https://api.getbible.net/v2/mal1910.json
replacement,Ang Dating Biblia (1905),Romans 8:38-39,"Sapagka't ako'y naniniwalang lubos, na kahit ang kamatayan man, kahit ang buhay, kahit ang mga anghel, kahit ang mga pamunuan, kahit ang mga bagay na kasalukuyan, kahit ang mga bagay na darating, kahit ang mga kapangyarihan, Kahit ang kataasan, kahit ang kababaan, kahit ang alin mang ibang nilalang, ay hindi makapaghihiwalay sa atin sa pagibig ng Dios, na nasa kay Cristo Jesus na Panginoon natin.",Romans 8:32,"Siya, na hindi ipinagkait ang kaniyang sariling anak kundi ibinigay dahil sa ating lahat, bakit hindi naman ibibigay sa atin ng walang bayad ang lahat ng mga bagay?",The two-verse passage is very long and overlaps the existing Romans 8:39 card; this full verse affirms God's generosity.,https://api.getbible.net/v2/tagalog.json
source-correction,Bible in Basic English (BBE),Revelation 21:4,And he will make all their grief come to an end; and there will be no more death or sorrow or crying or pain; for the first things have come to an end.,Revelation 21:4,"And he will put an end to all their weeping; and there will be no more death, or sorrow, or crying, or pain; for the first things have come to an end.","Match the named edition source exactly, including its verse numbering, wording, capitalization and punctuation; normalize layout whitespace only.",https://ebible.org/Scriptures/engBBE_usfx.zip
source-correction,Bible in Basic English (BBE),Psalm 23:1,The Lord is my keeper; I will have need of nothing.,Psalm 23:1,The Lord takes care of me as his sheep; I will not be without any good thing.,"Match the named edition source exactly, including its verse numbering, wording, capitalization and punctuation; normalize layout whitespace only.",https://ebible.org/Scriptures/engBBE_usfx.zip
source-correction,Bible in Basic English (BBE),Psalm 23:4,"Yes, though I go through the valley of the shadow of death, I will have no fear of evil; for you are with me; your rod and your support give me comfort.",Psalm 23:4,"Yes, though I go through the valley of deep shade, I will have no fear of evil; for you are with me, your rod and your support are my comfort.","Match the named edition source exactly, including its verse numbering, wording, capitalization and punctuation; normalize layout whitespace only.",https://ebible.org/Scriptures/engBBE_usfx.zip
source-correction,Bible in Basic English (BBE),Psalm 37:5,Put your way into the hands of the Lord; have faith in him and he will do it.,Psalm 37:5,Put your life in the hands of the Lord; have faith in him and he will do it.,"Match the named edition source exactly, including its verse numbering, wording, capitalization and punctuation; normalize layout whitespace only.",https://ebible.org/Scriptures/engBBE_usfx.zip
source-correction,Bible in Basic English (BBE),Psalm 37:4,"So take your delight in the Lord, and he will give you your heart's desires.",Psalm 37:4,"So will your delight be in the Lord, and he will give you your heart's desires.","Match the named edition source exactly, including its verse numbering, wording, capitalization and punctuation; normalize layout whitespace only.",https://ebible.org/Scriptures/engBBE_usfx.zip
source-correction,Bible in Basic English (BBE),Psalm 27:1,The Lord is my light and my salvation; whom will I go in fear of? The Lord is the strength of my life; before whom will I be without hope?,Psalm 27:1,The Lord is my light and my salvation; who is then a cause of fear to me? the Lord is the strength of my life; who is a danger to me?,"Match the named edition source exactly, including its verse numbering, wording, capitalization and punctuation; normalize layout whitespace only.",https://ebible.org/Scriptures/engBBE_usfx.zip
source-correction,Bible in Basic English (BBE),Jeremiah 33:3,"Give ear to my cry and I will give you an answer, and let you see great things and secret things of which you had no knowledge.",Jeremiah 33:3,"Let your cry come to me, and I will give you an answer, and let you see great things and secret things of which you had no knowledge.","Match the named edition source exactly, including its verse numbering, wording, capitalization and punctuation; normalize layout whitespace only.",https://ebible.org/Scriptures/engBBE_usfx.zip
source-correction,Bible in Basic English (BBE),James 1:5,"But if any man is in need of wisdom, let him make his request to God, who gives freely to all without bitter words, and it will be given to him.",James 1:5,"But if any man among you is without wisdom, let him make his request to God, who gives freely to all without an unkind word, and it will be given to him.","Match the named edition source exactly, including its verse numbering, wording, capitalization and punctuation; normalize layout whitespace only.",https://ebible.org/Scriptures/engBBE_usfx.zip
source-correction,Bible in Basic English (BBE),Hebrews 4:16,"Then let us come with a good heart to the throne of grace, that we may have mercy and get grace in time of need.",Hebrews 4:16,"Then let us come near to the seat of grace without fear, so that mercy may be given to us, and we may get grace for our help in time of need.","Match the named edition source exactly, including its verse numbering, wording, capitalization and punctuation; normalize layout whitespace only.",https://ebible.org/Scriptures/engBBE_usfx.zip
source-correction,Bible in Basic English (BBE),Hebrews 13:5,"Be free from the love of money, resting satisfied with such things as you have; for he has said, I will never go from you or give you up.",Hebrews 13:5,"Be free from the love of money and pleased with the things which you have; for he himself has said, I will be with you at all times.","Match the named edition source exactly, including its verse numbering, wording, capitalization and punctuation; normalize layout whitespace only.",https://ebible.org/Scriptures/engBBE_usfx.zip
replacement,Berean Standard Bible (BSB),1 John 3:1,"Behold what manner of love the Father has given to us, that we should be called children of God. And that is what we are! The reason the world does not know us is that it did not know Him.",1 John 3:2,"Beloved, we are now children of God, and what we will be has not yet been revealed. We know that when Christ appears, we will be like Him, for we will see Him as He is.",The full verse is lengthy; this full verse expresses the hope of being God's children.,https://ebible.org/Scriptures/engbsb_usfx.zip
replacement,Bible in Basic English (BBE),1 John 3:1,"See what great love the Father has given to us, naming us children of God; and such we are.",1 John 3:2,"My loved ones, now we are children of God, and at present it is not clear what we are to be. We are certain that at his revelation we will be like him; for we will see him as he is.",The full verse is lengthy; this full verse expresses the hope of being God's children.,https://ebible.org/Scriptures/engBBE_usfx.zip
replacement,King James Version (KJV),1 John 3:1,"Behold, what manner of love the Father hath bestowed upon us, that we should be called the sons of God: therefore the world knoweth us not, because it knew him not.",1 John 3:2,"Beloved, now are we the sons of God, and it doth not yet appear what we shall be: but we know that, when he shall appear, we shall be like him; for we shall see him as he is.",The full verse is lengthy; this full verse expresses the hope of being God's children.,https://ebible.org/Scriptures/eng-kjv2006_usfx.zip
replacement,World English Bible (WEB),1 John 3:1,"See how great a love the Father has given to us, that we should be called children of God! For this cause the world doesn’t know us, because it didn’t know him.",1 John 3:2,"Beloved, now we are children of God. It is not yet revealed what we will be; but we know that when he is revealed, we will be like him, for we will see him just as he is.",The full verse is lengthy; this full verse expresses the hope of being God's children.,https://ebible.org/Scriptures/engwebu_usfx.zip
replacement,Lutherbibel (1912),1 John 3:1,"Sehet, welch eine Liebe hat uns der Vater erzeigt, daß wir Gottes Kinder sollen heißen! Darum kennt euch die Welt nicht; denn sie kennt ihn nicht.",1 John 3:2,"Meine Lieben, wir sind nun Gottes Kinder; und es ist noch nicht erschienen, was wir sein werden. Wir wissen aber, wenn es erscheinen wird, daß wir ihm gleich sein werden; denn wir werden ihn sehen, wie er ist.",The full verse is lengthy; this full verse expresses the hope of being God's children.,https://ebible.org/Scriptures/deu1912_usfx.zip
replacement,Louis Segond (1910),1 John 3:1,"Voyez quel amour le Père nous a témoigné, pour que nous soyons appelés enfants de Dieu! Et nous le sommes. Si le monde ne nous connaît pas, c’est qu’il ne l’a pas connu.",1 John 3:2,"Bien-aimés, nous sommes maintenant enfants de Dieu, et ce que nous serons n’a pas encore été manifesté; mais nous savons que, lorsque cela sera manifesté, nous serons semblables à lui, parce que nous le verrons tel qu’il est.",The full verse is lengthy; this full verse expresses the hope of being God's children.,https://ebible.org/Scriptures/fraLSG_usfx.zip
replacement,Riveduta (1927),1 John 3:1,"Vedete di quale amore ci è stato largo il Padre, dandoci d’esser chiamati figliuoli di Dio! E tali siamo. Per questo non ci conosce il mondo: perché non ha conosciuto lui.",1 John 3:2,"Diletti, ora siamo figliuoli di Dio, e non è ancora reso manifesto quel che saremo. Sappiamo che quand’egli sarà manifestato saremo simili a lui, perché lo vedremo com’egli è.",The full verse is lengthy; this full verse expresses the hope of being God's children.,https://ebible.org/Scriptures/ita1927_usfx.zip
replacement,Reina-Valera (1909),1 John 3:1,"MIRAD cuál amor nos ha dado el Padre, que seamos llamados hijos de Dios: por esto el mundo no nos conoce, porque no le conoce á él.",1 John 3:2,"Muy amados, ahora somos hijos de Dios, y aun no se ha manifestado lo que hemos de ser; pero sabemos que cuando él apareciere, seremos semejantes á él, porque le veremos como él es.",The full verse is lengthy; this full verse expresses the hope of being God's children.,https://ebible.org/Scriptures/spaRV1909_usfx.zip
replacement,Sathyavedapusthakam (1910),1 John 3:1,"കാണ്മിൻ, നാം ദൈവമക്കൾ എന്നു വിളിക്കപ്പെടുവാൻ പിതാവു നമുക്കു എത്ര വലിയ സ്നേഹം നല്കിയിരിക്കുന്നു; അങ്ങനെ തന്നേ നാം ആകുന്നു. ലോകം അവനെ അറിഞ്ഞിട്ടില്ലായ്കകൊണ്ടു നമ്മെയും അറിയുന്നില്ല.",1 John 3:2,"പ്രിയമുള്ളവരേ, നാം ഇപ്പോൾ ദൈവമക്കൾ ആകുന്നു. നാം ഇന്നതു ആകും എന്നു ഇതുവരെ പ്രത്യക്ഷമായില്ല. അവൻ പ്രത്യക്ഷനാകുമ്പോൾ നാം അവനെ താൻ ഇരിക്കുംപോലെ തന്നേ കാണുന്നതാകകൊണ്ടു അവനോടു സദൃശന്മാർ ആകും എന്നു നാം അറിയുന്നു.",The full verse is lengthy; this full verse expresses the hope of being God's children.,https://api.getbible.net/v2/mal1910.json
replacement,Ang Dating Biblia (1905),1 John 3:1,"Masdan ninyo kung gaanong pagibig ang ipinagkaloob sa atin ng Ama, upang tayo'y mangatawag na mga anak ng Dios; at tayo'y gayon nga. Dahil dito'y hindi tayo nakikilala ng sanglibutan, sapagka't siya'y hindi nakilala nito.",1 John 3:2,"Mga minamahal, ngayon ay mga anak tayo ng Dios, at hindi pa nahahayag kung magiging ano tayo. Nalalaman natin, na kung siya'y mahayag, tayo'y magiging katulad niya: sapagka't siya'y ating makikitang gaya ng kaniyang sarili.",The full verse is lengthy; this full verse expresses the hope of being God's children.,https://api.getbible.net/v2/tagalog.json
source-correction,Bible in Basic English (BBE),John 16:33,I have said these things to you so that you may have peace in me. In the world you have trouble: but take heart! I have overcome the world.,John 16:33,I have said all these things to you so that in me you may have peace. In the world you have trouble: but take heart! I have overcome the world.,"Match the named edition source exactly, including its verse numbering, wording, capitalization and punctuation; normalize layout whitespace only.",https://ebible.org/Scriptures/engBBE_usfx.zip
source-correction,Louis Segond (1910),John 16:33,"Je vous ai dit ces choses, afin que vous ayez la paix en moi. Vous aurez des tribulations dans le monde; mais prenez courage, j’ai vaincu le monde.",John 16:33,"Je vous ai dit ces choses,afin que vous ayez la paix en moi. Vous aurez des tribulations dans le monde; mais prenez courage, j’ai vaincu le monde.","Match the named edition source exactly, including its verse numbering, wording, capitalization and punctuation; normalize layout whitespace only.",https://ebible.org/Scriptures/fraLSG_usfx.zip
source-correction,Bible in Basic English (BBE),John 10:10,"I have come so that they may have life, and may have it in greater measure.",John 10:10,The thief comes only to take the sheep and to put them to death: he comes for their destruction: I have come so that they may have life and have it in greater measure.,"Match the named edition source exactly, including its verse numbering, wording, capitalization and punctuation; normalize layout whitespace only.",https://ebible.org/Scriptures/engBBE_usfx.zip
source-correction,Bible in Basic English (BBE),Romans 8:31,"If God is for us, who is against us?",Romans 8:31,"What may we say about these things? If God is for us, who is against us?","Match the named edition source exactly, including its verse numbering, wording, capitalization and punctuation; normalize layout whitespace only.",https://ebible.org/Scriptures/engBBE_usfx.zip
replacement,Berean Standard Bible (BSB),1 Thessalonians 5:17,Pray without ceasing.,1 Thessalonians 5:16-18,"Rejoice at all times. Pray without ceasing. Give thanks in every circumstance, for this is God’s will for you in Christ Jesus.","Expand the extremely short standalone command into its complete surrounding sequence about joy, prayer and gratitude.",https://ebible.org/Scriptures/engbsb_usfx.zip
replacement,Bible in Basic English (BBE),1 Thessalonians 5:17,Keep on with your prayers.,1 Thessalonians 5:16-18,Have joy at all times. Keep on with your prayers. In everything give praise: for this is the purpose of God in Christ Jesus for you.,"Expand the extremely short standalone command into its complete surrounding sequence about joy, prayer and gratitude.",https://ebible.org/Scriptures/engBBE_usfx.zip
replacement,King James Version (KJV),1 Thessalonians 5:17,Pray without ceasing.,1 Thessalonians 5:16-18,Rejoice evermore. Pray without ceasing. In every thing give thanks: for this is the will of God in Christ Jesus concerning you.,"Expand the extremely short standalone command into its complete surrounding sequence about joy, prayer and gratitude.",https://ebible.org/Scriptures/eng-kjv2006_usfx.zip
replacement,World English Bible (WEB),1 Thessalonians 5:17,Pray without ceasing.,1 Thessalonians 5:16-18,"Always rejoice. Pray without ceasing. In everything give thanks, for this is the will of God in Christ Jesus toward you.","Expand the extremely short standalone command into its complete surrounding sequence about joy, prayer and gratitude.",https://ebible.org/Scriptures/engwebu_usfx.zip
replacement,Lutherbibel (1912),1 Thessalonians 5:17,"betet ohne Unterlaß,",1 Thessalonians 5:16-18,"Seid allezeit fröhlich, betet ohne Unterlaß, seid dankbar in allen Dingen; denn das ist der Wille Gottes in Christo Jesu an euch.","Expand the extremely short standalone command into its complete surrounding sequence about joy, prayer and gratitude.",https://ebible.org/Scriptures/deu1912_usfx.zip
replacement,Louis Segond (1910),1 Thessalonians 5:17,Priez sans cesse.,1 Thessalonians 5:16-18,"Soyez toujours joyeux. Priez sans cesse. Rendez grâces en toutes choses, car c’est à votre égard la volonté de Dieu en Jésus-Christ.","Expand the extremely short standalone command into its complete surrounding sequence about joy, prayer and gratitude.",https://ebible.org/Scriptures/fraLSG_usfx.zip
replacement,Riveduta (1927),1 Thessalonians 5:17,non cessate mai di pregare;,1 Thessalonians 5:16-18,"Siate sempre allegri; non cessate mai di pregare; in ogni cosa rendete grazie, poiché tale è la volontà di Dio in Cristo Gesù verso di voi.","Expand the extremely short standalone command into its complete surrounding sequence about joy, prayer and gratitude.",https://ebible.org/Scriptures/ita1927_usfx.zip
replacement,Reina-Valera (1909),1 Thessalonians 5:17,Orad sin cesar.,1 Thessalonians 5:16-18,Estad siempre gozosos. Orad sin cesar. Dad gracias en todo; porque esta es la voluntad de Dios para con vosotros en Cristo Jesús.,"Expand the extremely short standalone command into its complete surrounding sequence about joy, prayer and gratitude.",https://ebible.org/Scriptures/spaRV1909_usfx.zip
replacement,Sathyavedapusthakam (1910),1 Thessalonians 5:17,ഇടവിടാതെ പ്രാൎത്ഥിപ്പിൻ,1 Thessalonians 5:16-18,എപ്പോഴും സന്തോഷിപ്പിൻ; ഇടവിടാതെ പ്രാൎത്ഥിപ്പിൻ എല്ലാറ്റിന്നും സ്തോത്രം ചെയ്‌വിൻ; ഇതല്ലോ നിങ്ങളെക്കുറിച്ചു ക്രിസ്തുയേശുവിൽ ദൈവേഷ്ടം.,"Expand the extremely short standalone command into its complete surrounding sequence about joy, prayer and gratitude.",https://api.getbible.net/v2/mal1910.json
replacement,Ang Dating Biblia (1905),1 Thessalonians 5:17,Magsipanalangin kayong walang patid;,1 Thessalonians 5:16-18,Mangagalak kayong lagi; Magsipanalangin kayong walang patid; Sa lahat ng mga bagay ay magpasalamat kayo; sapagka't ito ang kalooban ng Dios kay Cristo tungkol sa inyo.,"Expand the extremely short standalone command into its complete surrounding sequence about joy, prayer and gratitude.",https://api.getbible.net/v2/tagalog.json
source-correction,Lutherbibel (1912),Psalm 4:8,"Ich liege und schlafe ganz mit Frieden; denn allein du, HERR, hilfst mir, daß ich sicher wohne.",Psalm 4:9,"Ich liege und schlafe ganz mit Frieden; denn allein du, HERR, hilfst mir, daß ich sicher wohne.","Match the named edition source exactly, including its verse numbering, wording, capitalization and punctuation; normalize layout whitespace only.",https://ebible.org/Scriptures/deu1912_usfx.zip
source-correction,Louis Segond (1910),Psalm 4:8,Tu mets dans mon cœur plus de joie qu’ils n’en ont Quand abondent leur froment et leur moût.,Psalm 4:9,"Je me couche et je m’endors en paix, Car toi seul, ô Éternel! tu me donnes la sécurité dans ma demeure.","Match the named edition source exactly, including its verse numbering, wording, capitalization and punctuation; normalize layout whitespace only.",https://ebible.org/Scriptures/fraLSG_usfx.zip
source-correction,Lutherbibel (1912),Psalm 18:2,"HERR, mein Fels, meine Burg, mein Erretter, mein Gott, mein Hort, auf den ich traue, mein Schild und Horn meines Heils und mein Schutz!",Psalm 18:3,"HERR, mein Fels, meine Burg, mein Erretter, mein Gott, mein Hort, auf den ich traue, mein Schild und Horn meines Heils und mein Schutz!","Match the named edition source exactly, including its verse numbering, wording, capitalization and punctuation; normalize layout whitespace only.",https://ebible.org/Scriptures/deu1912_usfx.zip
source-correction,Louis Segond (1910),Psalm 18:2,"Je t’aime, ô Éternel, ma force!",Psalm 18:3,"Éternel, mon rocher, ma forteresse, mon libérateur! Mon Dieu, mon rocher, où je trouve un abri! Mon bouclier, la force qui me sauve, ma haute retraite!","Match the named edition source exactly, including its verse numbering, wording, capitalization and punctuation; normalize layout whitespace only.",https://ebible.org/Scriptures/fraLSG_usfx.zip
source-correction,Lutherbibel (1912),Psalm 19:14,"Laß dir wohl gefallen die Rede meines Mundes und das Gespräch meines Herzens vor dir, HERR, mein Hort und mein Erlöser.",Psalm 19:15,"Laß dir wohl gefallen die Rede meines Mundes und das Gespräch meines Herzens vor dir, HERR, mein Hort und mein Erlöser.","Match the named edition source exactly, including its verse numbering, wording, capitalization and punctuation; normalize layout whitespace only.",https://ebible.org/Scriptures/deu1912_usfx.zip
source-correction,Louis Segond (1910),Psalm 19:14,"Préserve aussi ton serviteur des orgueilleux; Qu’ils ne dominent point sur moi! Alors je serai intègre, innocent de grands péchés.",Psalm 19:15,"Reçois favorablement les paroles de ma bouche Et les sentiments de mon cœur, O Éternel, mon rocher et mon libérateur!","Match the named edition source exactly, including its verse numbering, wording, capitalization and punctuation; normalize layout whitespace only.",https://ebible.org/Scriptures/fraLSG_usfx.zip
source-correction,Lutherbibel (1912),Psalm 31:24,"Seid getrost und unverzagt, alle, die ihr des HERRN harret!",Psalm 31:25,"Seid getrost und unverzagt, alle, die ihr des HERRN harret!","Match the named edition source exactly, including its verse numbering, wording, capitalization and punctuation; normalize layout whitespace only.",https://ebible.org/Scriptures/deu1912_usfx.zip
source-correction,Louis Segond (1910),Psalm 31:24,"Aimez l’Éternel, vous qui avez de la piété! L’Éternel garde les fidèles, Et il punit sévèrement les orgueilleux.",Psalm 31:25,"Fortifiez-vous et que votre cœur s’affermisse, Vous tous qui espérez en l’Éternel!","Match the named edition source exactly, including its verse numbering, wording, capitalization and punctuation; normalize layout whitespace only.",https://ebible.org/Scriptures/fraLSG_usfx.zip
source-correction,Lutherbibel (1912),Psalm 34:4,"Da ich den HERRN suchte, antwortete er mir und errettete mich aus aller meiner Furcht.",Psalm 34:5,"Da ich den HERRN suchte, antwortete er mir und errettete mich aus aller meiner Furcht.","Match the named edition source exactly, including its verse numbering, wording, capitalization and punctuation; normalize layout whitespace only.",https://ebible.org/Scriptures/deu1912_usfx.zip
source-correction,Louis Segond (1910),Psalm 34:4,Exaltez avec moi l’Éternel! Célébrons tous son nom!,Psalm 34:5,"J’ai cherché l’Éternel, et il m’a répondu; Il m’a délivré de toutes mes frayeurs.","Match the named edition source exactly, including its verse numbering, wording, capitalization and punctuation; normalize layout whitespace only.",https://ebible.org/Scriptures/fraLSG_usfx.zip
source-correction,Lutherbibel (1912),Psalm 46:10,"Seid stille und erkennet, daß ich GOTT bin. Ich will Ehre einlegen unter den Heiden; ich will Ehre einlegen auf Erden.",Psalm 46:11,"Seid stille und erkennet, daß ich GOTT bin. Ich will Ehre einlegen unter den Heiden; ich will Ehre einlegen auf Erden.","Match the named edition source exactly, including its verse numbering, wording, capitalization and punctuation; normalize layout whitespace only.",https://ebible.org/Scriptures/deu1912_usfx.zip
source-correction,Louis Segond (1910),Psalm 46:10,"C’est lui qui a fait cesser les combats jusqu’au bout de la terre; Il a brisé l’arc, et il a rompu la lance, Il a consumé par le feu les chars de guerre.",Psalm 46:11,"Arrêtez, et sachez que je suis Dieu: Je domine sur les nations, je domine sur la terre.","Match the named edition source exactly, including its verse numbering, wording, capitalization and punctuation; normalize layout whitespace only.",https://ebible.org/Scriptures/fraLSG_usfx.zip
source-correction,Lutherbibel (1912),Psalm 56:3,"Wenn ich mich fürchte, so hoffe ich auf dich.",Psalm 56:4,"Wenn ich mich fürchte, so hoffe ich auf dich.","Match the named edition source exactly, including its verse numbering, wording, capitalization and punctuation; normalize layout whitespace only.",https://ebible.org/Scriptures/deu1912_usfx.zip
source-correction,Louis Segond (1910),Psalm 56:3,"Tout le jour mes adversaires me harcèlent; Ils sont nombreux, ils me font la guerre comme des hautains.",Psalm 56:4,"Quand je suis dans la crainte, En toi je me confie.","Match the named edition source exactly, including its verse numbering, wording, capitalization and punctuation; normalize layout whitespace only.",https://ebible.org/Scriptures/fraLSG_usfx.zip
source-correction,Berean Standard Bible (BSB),2 Thessalonians 1:12,"So that the name of our Lord Jesus will be glorified in you, and you in Him, according to the grace of our God and of the Lord Jesus Christ.",2 Thessalonians 1:12,"so that the name of our Lord Jesus will be glorified in you, and you in Him, according to the grace of our God and of the Lord Jesus Christ.","Match the named edition source exactly, including its verse numbering, wording, capitalization and punctuation; normalize layout whitespace only.",https://ebible.org/Scriptures/engbsb_usfx.zip
source-correction,World English Bible (WEB),2 Thessalonians 1:12,"That the name of our Lord Jesus may be glorified in you, and you in him, according to the grace of our God and the Lord Jesus Christ.",2 Thessalonians 1:12,"that the name of our Lord Jesus may be glorified in you, and you in him, according to the grace of our God and the Lord Jesus Christ.","Match the named edition source exactly, including its verse numbering, wording, capitalization and punctuation; normalize layout whitespace only.",https://ebible.org/Scriptures/engwebu_usfx.zip
source-correction,Berean Standard Bible (BSB),Romans 8:39,"Neither height nor depth, nor anything else in all creation, will be able to separate us from the love of God that is in Christ Jesus our Lord.",Romans 8:39,"neither height nor depth, nor anything else in all creation, will be able to separate us from the love of God that is in Christ Jesus our Lord.","Match the named edition source exactly, including its verse numbering, wording, capitalization and punctuation; normalize layout whitespace only.",https://ebible.org/Scriptures/engbsb_usfx.zip
source-correction,World English Bible (WEB),Romans 8:39,"Nor height, nor depth, nor any other created thing will be able to separate us from God’s love which is in Christ Jesus our Lord.",Romans 8:39,"nor height, nor depth, nor any other created thing will be able to separate us from God’s love which is in Christ Jesus our Lord.","Match the named edition source exactly, including its verse numbering, wording, capitalization and punctuation; normalize layout whitespace only.",https://ebible.org/Scriptures/engwebu_usfx.zip
source-correction,World English Bible (WEB),Isaiah 30:21,"And when you turn to the right hand, and when you turn to the left, your ears will hear a voice behind you, saying, “This is the way. Walk in it.”",Isaiah 30:21,"and when you turn to the right hand, and when you turn to the left, your ears will hear a voice behind you, saying, “This is the way. Walk in it.”","Match the named edition source exactly, including its verse numbering, wording, capitalization and punctuation; normalize layout whitespace only.",https://ebible.org/Scriptures/engwebu_usfx.zip
replacement,Berean Standard Bible (BSB),Isaiah 43:2,"When you pass through the waters, I will be with you; and when you go through the rivers, they will not overwhelm you. When you walk through the fire, you will not be scorched; the flames will not set you ablaze.",Isaiah 41:13,"For I am the LORD your God, who takes hold of your right hand and tells you: Do not fear, I will help you.",Replace a very long verse with a complete assurance of God's help.,https://ebible.org/Scriptures/engbsb_usfx.zip
replacement,Bible in Basic English (BBE),Isaiah 43:2,"When you go through the waters, I will be with you; and through the rivers, they will not go over you: when you go through the fire, you will not be burned; and the flame will have no power over you.",Isaiah 41:13,"For I, the Lord your God, have taken your right hand in mine, saying to you, Have no fear; I will be your helper.",Replace a very long verse with a complete assurance of God's help.,https://ebible.org/Scriptures/engBBE_usfx.zip
replacement,King James Version (KJV),Isaiah 43:2,"When thou passest through the waters, I will be with thee; and through the rivers, they shall not overflow thee: when thou walkest through the fire, thou shalt not be burned; neither shall the flame kindle upon thee.",Isaiah 41:13,"For I the LORD thy God will hold thy right hand, saying unto thee, Fear not; I will help thee.",Replace a very long verse with a complete assurance of God's help.,https://ebible.org/Scriptures/eng-kjv2006_usfx.zip
replacement,World English Bible (WEB),Isaiah 43:2,"When you pass through the waters, I will be with you, and through the rivers, they will not overflow you. When you walk through the fire, you will not be burned, and flame will not scorch you.",Isaiah 41:13,"For I, the LORD your God, will hold your right hand, saying to you, ‘Don’t be afraid. I will help you.’",Replace a very long verse with a complete assurance of God's help.,https://ebible.org/Scriptures/engwebu_usfx.zip
replacement,Lutherbibel (1912),Isaiah 43:2,"Denn so du durch Wasser gehst, will ich bei dir sein, daß dich die Ströme nicht sollen ersäufen; und so du ins Feuer gehst, sollst du nicht brennen, und die Flamme soll dich nicht versengen.",Isaiah 41:13,"Denn ich bin der HERR, dein Gott, der deine rechte Hand stärkt und zu dir spricht: Fürchte dich nicht, ich helfe dir!",Replace a very long verse with a complete assurance of God's help.,https://ebible.org/Scriptures/deu1912_usfx.zip
replacement,Louis Segond (1910),Isaiah 43:2,"Si tu traverses les eaux, je serai avec toi; Et les fleuves, ils ne te submergeront point; Si tu marches dans le feu, tu ne te brûleras pas, Et la flamme ne t’embrasera pas.",Isaiah 41:13,"Car je suis l’Éternel, ton Dieu, Qui fortifie ta droite, Qui te dis: Ne crains rien, Je viens à ton secours.",Replace a very long verse with a complete assurance of God's help.,https://ebible.org/Scriptures/fraLSG_usfx.zip
replacement,Riveduta (1927),Isaiah 43:2,"Quando passerai per delle acque, io sarò teco; quando traverserai de’ fiumi, non ti sommergeranno; quando camminerai nel fuoco, non ne sarai arso, e la fiamma non ti consumerà.",Isaiah 41:13,"perché io, l’Eterno, il tuo Dio, son quegli che ti prendo per la mia man destra e ti dico: “Non temere, io t’aiuto!”",Replace a very long verse with a complete assurance of God's help.,https://ebible.org/Scriptures/ita1927_usfx.zip
replacement,Reina-Valera (1909),Isaiah 43:2,"Cuando pasares por las aguas, yo seré contigo; y por los ríos, no te anegarán. Cuando pasares por el fuego, no te quemarás, ni la llama arderá en ti.",Isaiah 41:13,"Porque yo Jehová soy tu Dios, que te ase de tu mano derecha, y te dice: No temas, yo te ayudé.",Replace a very long verse with a complete assurance of God's help.,https://ebible.org/Scriptures/spaRV1909_usfx.zip
replacement,Sathyavedapusthakam (1910),Isaiah 43:2,നീ വെള്ളത്തിൽകൂടി കടക്കുമ്പോൾ ഞാൻ നിന്നോടുകൂടി ഇരിക്കും; നീ നദികളിൽകൂടി കടക്കുമ്പോൾ അവ നിന്റെമീതെ കവികയില്ല; നീ തീയിൽകൂടി നടന്നാൽ വെന്തു പോകയില്ല; അഗ്നിജ്വാല നിന്നെ ദഹിപ്പിക്കയുമില്ല.,Isaiah 41:13,"നിന്റെ ദൈവമായ യഹോവ എന്ന ഞാൻ നിന്റെ വലങ്കൈ പിടിച്ചു നിന്നോടു: ഭയപ്പെടേണ്ടാ, ഞാൻ നിന്നെ സഹായിക്കും എന്നു പറയുന്നു.",Replace a very long verse with a complete assurance of God's help.,https://api.getbible.net/v2/mal1910.json
replacement,Ang Dating Biblia (1905),Isaiah 43:2,"Pagka ikaw ay dumaraan sa tubig, ako'y sasaiyo; at sa mga ilog ay hindi ka tatakpan niyaon: pagka ikaw ay lumalakad sa apoy, hindi ka masusunog; o magniningas man ang alab sa iyo.",Isaiah 41:13,"Sapagka't akong Panginoon mong Dios, ay hahawak ng iyong kanang kamay, na magsasabi sa iyo, Huwag kang matakot; aking tutulungan ka.",Replace a very long verse with a complete assurance of God's help.,https://api.getbible.net/v2/tagalog.json
replacement,Berean Standard Bible (BSB),Isaiah 54:10,"Though the mountains may be removed and the hills may be shaken, My loving devotion will not depart from you, and My covenant of peace will not be broken,” says the LORD, who has compassion on you.",Isaiah 54:13,"Then all your sons will be taught by the LORD, and great will be their prosperity.",Replace a lengthy verse with a complete promise of teaching and peace.,https://ebible.org/Scriptures/engbsb_usfx.zip
replacement,Bible in Basic English (BBE),Isaiah 54:10,"For the mountains may be taken away, and the hills be moved out of their places, but my love will not be taken from you, or my agreement of peace broken, says the Lord, who has had mercy on you.",Isaiah 54:13,And all your builders will be made wise by the Lord; and great will be the peace of your children.,Replace a lengthy verse with a complete promise of teaching and peace.,https://ebible.org/Scriptures/engBBE_usfx.zip
replacement,King James Version (KJV),Isaiah 54:10,"For the mountains shall depart, and the hills be removed; but my kindness shall not depart from thee, neither shall the covenant of my peace be removed, saith the LORD that hath mercy on thee.",Isaiah 54:13,And all thy children shall be taught of the LORD; and great shall be the peace of thy children.,Replace a lengthy verse with a complete promise of teaching and peace.,https://ebible.org/Scriptures/eng-kjv2006_usfx.zip
replacement,World English Bible (WEB),Isaiah 54:10,"For the mountains may depart, and the hills be removed, but my loving kindness will not depart from you, and my covenant of peace will not be removed,” says the LORD who has mercy on you.",Isaiah 54:13,"All your children will be taught by the LORD, and your children’s peace will be great.",Replace a lengthy verse with a complete promise of teaching and peace.,https://ebible.org/Scriptures/engwebu_usfx.zip
replacement,Lutherbibel (1912),Isaiah 54:10,"Denn es sollen wohl Berge weichen und Hügel hinfallen; aber meine Gnade soll nicht von dir weichen, und der Bund meines Friedens soll nicht hinfallen, spricht der HERR, dein Erbarmer.",Isaiah 54:13,und alle deine Kinder gelehrt vom HERRN und großen Frieden deinen Kindern.,Replace a lengthy verse with a complete promise of teaching and peace.,https://ebible.org/Scriptures/deu1912_usfx.zip
replacement,Louis Segond (1910),Isaiah 54:10,"Quand les montagnes s’éloigneraient, Quand les collines chancelleraient, Mon amour ne s’éloignera point de toi, Et mon alliance de paix ne chancellera point, Dit l’Éternel, qui a compassion de toi.",Isaiah 54:13,"Tous tes fils seront disciples de l’Éternel, Et grande sera la prospérité de tes fils.",Replace a lengthy verse with a complete promise of teaching and peace.,https://ebible.org/Scriptures/fraLSG_usfx.zip
replacement,Riveduta (1927),Isaiah 54:10,"Quand’anche i monti s’allontanassero e i colli fossero rimossi, l’amor mio non s’allontanerà da te, né il mio patto di pace sarà rimosso, dice l’Eterno, che ha pietà di te.",Isaiah 54:13,"Tutti i tuoi figliuoli saran discepoli dell’Eterno, e grande sarà la pace dei tuoi figliuoli.",Replace a lengthy verse with a complete promise of teaching and peace.,https://ebible.org/Scriptures/ita1927_usfx.zip
replacement,Reina-Valera (1909),Isaiah 54:10,"Porque los montes se moverán, y los collados temblarán; mas no se apartará de ti mi misericordia, ni el pacto de mi paz vacilará, dijo Jehová, el que tiene misericordia de ti.",Isaiah 54:13,Y todos tus hijos serán enseñados de Jehová; y multiplicará la paz de tus hijos.,Replace a lengthy verse with a complete promise of teaching and peace.,https://ebible.org/Scriptures/spaRV1909_usfx.zip
replacement,Sathyavedapusthakam (1910),Isaiah 54:10,"പൎവ്വതങ്ങൾ മാറിപ്പോകും, കുന്നുകൾ നീങ്ങിപ്പോകും; എങ്കിലും എന്റെ ദയ നിന്നെ വിട്ടുമാറുകയില്ല; എന്റെ സമാധാനനിയമം നീങ്ങിപ്പോകയുമില്ല എന്നു നിന്നോടു കരുണയുള്ള യഹോവ അരുളിച്ചെയ്യുന്നു.",Isaiah 54:13,നിന്റെ മക്കൾ എല്ലാവരും യഹോവയാൽ ഉപദേശിക്കപ്പെട്ടവരും നിന്റെ മക്കളുടെ സമാധാനം വലിയതും ആയിരിക്കും.,Replace a lengthy verse with a complete promise of teaching and peace.,https://api.getbible.net/v2/mal1910.json
replacement,Ang Dating Biblia (1905),Isaiah 54:10,"Sapagka't ang mga bundok ay mangapapaalis, at ang mga burol ay mangapapalipat; nguni't ang aking kagandahang-loob ay hindi hihiwalay sa iyo, o ang akin mang tipan ng kapayapaan ay maalis, sabi ng Panginoon na naaawa sa iyo.",Isaiah 54:13,At lahat mong anak ay tuturuan ng Panginoon; at magiging malaki ang kapayapaan ng iyong mga anak.,Replace a lengthy verse with a complete promise of teaching and peace.,https://api.getbible.net/v2/tagalog.json
replacement,Berean Standard Bible (BSB),Lamentations 3:23,They are new every morning; great is Your faithfulness!,Lamentations 3:22-23,"Because of the loving devotion of the LORD we are not consumed, for His mercies never fail. They are new every morning; great is Your faithfulness!",Include the preceding verse so that 'They are new' has its stated subject: God's mercies. Keep both verses complete.,https://ebible.org/Scriptures/engbsb_usfx.zip
replacement,Bible in Basic English (BBE),Lamentations 3:23,They are new every morning; great is your good faith.,Lamentations 3:22-23,"It is through the Lord's love that we have not come to destruction, because his mercies have no limit. They are new every morning; great is your good faith.",Include the preceding verse so that 'They are new' has its stated subject: God's mercies. Keep both verses complete.,https://ebible.org/Scriptures/engBBE_usfx.zip
replacement,King James Version (KJV),Lamentations 3:23,They are new every morning: great is thy faithfulness.,Lamentations 3:22-23,"It is of the LORD’s mercies that we are not consumed, because his compassions fail not. They are new every morning: great is thy faithfulness.",Include the preceding verse so that 'They are new' has its stated subject: God's mercies. Keep both verses complete.,https://ebible.org/Scriptures/eng-kjv2006_usfx.zip
replacement,World English Bible (WEB),Lamentations 3:23,They are new every morning. Great is your faithfulness.,Lamentations 3:22-23,"It is because of the LORD’s loving kindnesses that we are not consumed, because his mercies don’t fail. They are new every morning. Great is your faithfulness.",Include the preceding verse so that 'They are new' has its stated subject: God's mercies. Keep both verses complete.,https://ebible.org/Scriptures/engwebu_usfx.zip
replacement,Lutherbibel (1912),Lamentations 3:23,"sondern sie ist alle Morgen neu, und deine Treue ist groß.",Lamentations 3:22-23,"Die Güte des HERRN ist's, daß wir nicht gar aus sind; seine Barmherzigkeit hat noch kein Ende, sondern sie ist alle Morgen neu, und deine Treue ist groß.",Include the preceding verse so that 'They are new' has its stated subject: God's mercies. Keep both verses complete.,https://ebible.org/Scriptures/deu1912_usfx.zip
replacement,Louis Segond (1910),Lamentations 3:23,Elles se renouvellent chaque matin. Oh! Que ta fidélité est grande!,Lamentations 3:22-23,"Les bontés de l’Éternel ne sont pas épuisées, Ses compassions ne sont pas à leur terme; Elles se renouvellent chaque matin. Oh! Que ta fidélité est grande!",Include the preceding verse so that 'They are new' has its stated subject: God's mercies. Keep both verses complete.,https://ebible.org/Scriptures/fraLSG_usfx.zip
replacement,Riveduta (1927),Lamentations 3:23,si rinnovano ogni mattina. Grande è la tua fedeltà!,Lamentations 3:22-23,E’ una grazia dell’Eterno che non siamo stati interamente distrutti; poiché le sue compassioni non sono esaurite; si rinnovano ogni mattina. Grande è la tua fedeltà!,Include the preceding verse so that 'They are new' has its stated subject: God's mercies. Keep both verses complete.,https://ebible.org/Scriptures/ita1927_usfx.zip
replacement,Reina-Valera (1909),Lamentations 3:23,Nuevas son cada mañana; grande es tu fidelidad.,Lamentations 3:22-23,"Es por la misericordia de Jehová que no somos consumidos, porque nunca decayeron sus misericordias. Nuevas son cada mañana; grande es tu fidelidad.",Include the preceding verse so that 'They are new' has its stated subject: God's mercies. Keep both verses complete.,https://ebible.org/Scriptures/spaRV1909_usfx.zip
replacement,Sathyavedapusthakam (1910),Lamentations 3:23,അതു രാവിലെതോറും പുതിയതും നിന്റെ വിശ്വസ്ഥത വലിയതും ആകുന്നു.,Lamentations 3:22-23,നാം മുടിഞ്ഞുപോകാതിരിക്കുന്നതു യഹോവയുടെ ദയ ആകുന്നു; അവന്റെ കരുണ തീൎന്നു പോയിട്ടില്ലല്ലോ; അതു രാവിലെതോറും പുതിയതും നിന്റെ വിശ്വസ്ഥത വലിയതും ആകുന്നു.,Include the preceding verse so that 'They are new' has its stated subject: God's mercies. Keep both verses complete.,https://api.getbible.net/v2/mal1910.json
replacement,Ang Dating Biblia (1905),Lamentations 3:23,"Ang mga yao'y bago tuwing umaga, dakila ang inyong pagtatapat.",Lamentations 3:22-23,"Sa mga kaawaan nga ng Panginoon ay hindi tayo nalipol, sapagka't ang kaniyang mga habag ay hindi nauubos. Ang mga yao'y bago tuwing umaga, dakila ang inyong pagtatapat.",Include the preceding verse so that 'They are new' has its stated subject: God's mercies. Keep both verses complete.,https://api.getbible.net/v2/tagalog.json
replacement,Berean Standard Bible (BSB),Galatians 6:18,"The grace of our Lord Jesus Christ be with your spirit, brothers. Amen.",Galatians 6:9,"Let us not grow weary in well-doing, for in due time we will reap a harvest if we do not give up.",Replace one of several repeated grace salutations with encouragement to persevere in doing good.,https://ebible.org/Scriptures/engbsb_usfx.zip
replacement,Bible in Basic English (BBE),Galatians 6:18,"The grace of our Lord Jesus Christ be with your spirit, brothers. So be it.",Galatians 6:9,"And let us not get tired of well-doing; for at the right time we will get in the grain, if we do not give way to weariness.",Replace one of several repeated grace salutations with encouragement to persevere in doing good.,https://ebible.org/Scriptures/engBBE_usfx.zip
replacement,King James Version (KJV),Galatians 6:18,"Brethren, the grace of our Lord Jesus Christ be with your spirit. Amen.",Galatians 6:9,"And let us not be weary in well doing: for in due season we shall reap, if we faint not.",Replace one of several repeated grace salutations with encouragement to persevere in doing good.,https://ebible.org/Scriptures/eng-kjv2006_usfx.zip
replacement,World English Bible (WEB),Galatians 6:18,"The grace of our Lord Jesus Christ be with your spirit, brothers. Amen.",Galatians 6:9,"Let’s not be weary in doing good, for we will reap in due season if we don’t give up.",Replace one of several repeated grace salutations with encouragement to persevere in doing good.,https://ebible.org/Scriptures/engwebu_usfx.zip
replacement,Lutherbibel (1912),Galatians 6:18,"Die Gnade unsers HERRN Jesu Christi sei mit eurem Geist, liebe Brüder! Amen.",Galatians 6:9,Lasset uns aber Gutes tun und nicht müde werden; denn zu seiner Zeit werden wir auch ernten ohne Aufhören.,Replace one of several repeated grace salutations with encouragement to persevere in doing good.,https://ebible.org/Scriptures/deu1912_usfx.zip
replacement,Louis Segond (1910),Galatians 6:18,"Frères, que la grâce de notre Seigneur Jésus-Christ soit avec votre esprit! Amen!",Galatians 6:9,"Ne nous lassons pas de faire le bien; car nous moissonnerons au temps convenable, si nous ne nous relâchons pas.",Replace one of several repeated grace salutations with encouragement to persevere in doing good.,https://ebible.org/Scriptures/fraLSG_usfx.zip
replacement,Riveduta (1927),Galatians 6:18,"La grazia del Signor nostro Gesù Cristo sia col vostro spirito, fratelli. Amen.",Galatians 6:9,"E non ci scoraggiamo nel far il bene; perché, se non ci stanchiamo, mieteremo a suo tempo.",Replace one of several repeated grace salutations with encouragement to persevere in doing good.,https://ebible.org/Scriptures/ita1927_usfx.zip
replacement,Reina-Valera (1909),Galatians 6:18,"Hermanos, la gracia de nuestro Señor Jesucristo sea con vuestro espíritu. Amén. Enviada de Roma á los Gálatas.",Galatians 6:9,"No nos cansemos, pues, de hacer bien; que á su tiempo segaremos, si no hubiéremos desmayado.",Replace one of several repeated grace salutations with encouragement to persevere in doing good.,https://ebible.org/Scriptures/spaRV1909_usfx.zip
replacement,Sathyavedapusthakam (1910),Galatians 6:18,"സഹോദരന്മാരേ, നമ്മുടെ കൎത്താവായ യേശുക്രിസ്തുവിന്റെ കൃപ നിങ്ങളുടെ ആത്മാവിനോടുകൂടെ ഇരിക്കുമാറാകട്ടെ. ആമേൻ.",Galatians 6:9,നന്മ ചെയ്കയിൽ നാം മടുത്തുപോകരുതു; തളൎന്നുപോകാഞ്ഞാൽ തക്കസമയത്തു നാം കൊയ്യും.,Replace one of several repeated grace salutations with encouragement to persevere in doing good.,https://api.getbible.net/v2/mal1910.json
replacement,Ang Dating Biblia (1905),Galatians 6:18,"Mga kapatid, ang biyaya ng ating Panginoong Jesucristo ay sumainyo nawang espiritu. Siya nawa.",Galatians 6:9,"At huwag tayong mangapagod sa paggawa ng mabuti: sapagka't sa kapanahunan ay magsisipagani tayo, kung hindi tayo manganghihimagod.",Replace one of several repeated grace salutations with encouragement to persevere in doing good.,https://api.getbible.net/v2/tagalog.json
source-correction,Louis Segond (1910),Matthew 19:26,"Jésus les regarda, et leur dit: Aux hommes cela est impossible, mais à Dieu tout est possible.",Matthew 19:26,"Jésus les regarda, et leur dit: Aux hommes cela est impossible,mais à Dieu tout est possible.","Match the named edition source exactly, including its verse numbering, wording, capitalization and punctuation; normalize layout whitespace only.",https://ebible.org/Scriptures/fraLSG_usfx.zip
source-correction,Reina-Valera (1909),Matthew 19:26,"Y mirándo los Jesús, les dijo: Para con los hombres imposible es esto; mas para con Dios todo es posible.",Matthew 19:26,"Y mirándolos Jesús, les dijo: Para con los hombres imposible es esto; mas para con Dios todo es posible.","Match the named edition source exactly, including its verse numbering, wording, capitalization and punctuation; normalize layout whitespace only.",https://ebible.org/Scriptures/spaRV1909_usfx.zip
source-correction,Louis Segond (1910),Mark 10:27,"Jésus les regarda, et dit: Cela est impossible aux hommes, mais non à Dieu: car tout est possible à Dieu.",Mark 10:27,"Jésus les regarda, et dit: Cela est impossible aux hommes, mais non à Dieu:car tout est possible à Dieu.","Match the named edition source exactly, including its verse numbering, wording, capitalization and punctuation; normalize layout whitespace only.",https://ebible.org/Scriptures/fraLSG_usfx.zip
source-correction,Berean Standard Bible (BSB),Luke 1:37,For no word from God will ever fail. ”,Luke 1:37,For no word from God will ever fail.”,"Match the named edition source exactly, including its verse numbering, wording, capitalization and punctuation; normalize layout whitespace only.",https://ebible.org/Scriptures/engbsb_usfx.zip
source-correction,Louis Segond (1910),John 6:35,"Jésus leur dit: Je suis le pain de vie. Celui qui vient à moi n’aura jamais faim, et celui qui croit en moi n’aura jamais soif.",John 6:35,"Jésus leur dit: Je suis le pain de vie.Celui qui vient à moi n’aura jamais faim, et celui qui croit en moi n’aura jamais soif.","Match the named edition source exactly, including its verse numbering, wording, capitalization and punctuation; normalize layout whitespace only.",https://ebible.org/Scriptures/fraLSG_usfx.zip
replacement,Berean Standard Bible (BSB),1 Corinthians 10:13,"No temptation has seized you except what is common to man. And God is faithful; He will not let you be tempted beyond what you can bear. But when you are tempted, He will also provide an escape, so that you can stand up under it.",1 Corinthians 1:9,"God, who has called you into fellowship with His Son Jesus Christ our Lord, is faithful.",Replace a very long verse with a complete affirmation of God's faithfulness.,https://ebible.org/Scriptures/engbsb_usfx.zip
replacement,Bible in Basic English (BBE),1 Corinthians 10:13,"You have been put to no test but such as is common to man: and God is true, who will not let any test come on you which you are not able to undergo; but he will make with the test a way out of it, so that you may be able to go through it.",1 Corinthians 1:9,"God is true, through whom you have been given a part with his Son, Jesus Christ our Lord.",Replace a very long verse with a complete affirmation of God's faithfulness.,https://ebible.org/Scriptures/engBBE_usfx.zip
replacement,King James Version (KJV),1 Corinthians 10:13,"There hath no temptation taken you but such as is common to man: but God is faithful, who will not suffer you to be tempted above that ye are able; but will with the temptation also make a way to escape, that ye may be able to bear it.",1 Corinthians 1:9,"God is faithful, by whom ye were called unto the fellowship of his Son Jesus Christ our Lord.",Replace a very long verse with a complete affirmation of God's faithfulness.,https://ebible.org/Scriptures/eng-kjv2006_usfx.zip
replacement,World English Bible (WEB),1 Corinthians 10:13,"No temptation has taken you except what is common to man. God is faithful, who will not allow you to be tempted above what you are able, but will with the temptation also make the way of escape, that you may be able to endure it.",1 Corinthians 1:9,"God is faithful, through whom you were called into the fellowship of his Son, Jesus Christ our Lord.",Replace a very long verse with a complete affirmation of God's faithfulness.,https://ebible.org/Scriptures/engwebu_usfx.zip
replacement,Lutherbibel (1912),1 Corinthians 10:13,"Es hat euch noch keine denn menschliche Versuchung betreten; aber Gott ist getreu, der euch nicht läßt versuchen über euer Vermögen, sondern macht, daß die Versuchung so ein Ende gewinne, daß ihr's könnet ertragen.",1 Corinthians 1:9,"Denn Gott ist treu, durch welchen ihr berufen seid zur Gemeinschaft seines Sohnes Jesu Christi, unsers HERRN.",Replace a very long verse with a complete affirmation of God's faithfulness.,https://ebible.org/Scriptures/deu1912_usfx.zip
replacement,Louis Segond (1910),1 Corinthians 10:13,"Aucune tentation ne vous est survenue qui n’ait été humaine, et Dieu, qui est fidèle, ne permettra pas que vous soyez tentés au-delà de vos forces; mais avec la tentation il préparera aussi le moyen d’en sortir, afin que vous puissiez la supporter.",1 Corinthians 1:9,"Dieu est fidèle, lui qui vous a appelés à la communion de son Fils, Jésus-Christ notre Seigneur.",Replace a very long verse with a complete affirmation of God's faithfulness.,https://ebible.org/Scriptures/fraLSG_usfx.zip
replacement,Riveduta (1927),1 Corinthians 10:13,"Niuna tentazione vi ha còlti, che non sia stata umana; or Iddio è fedele e non permetterà che siate tentati al di là delle vostre forze; ma con la tentazione vi darà anche la via d’uscirne, onde la possiate sopportare.",1 Corinthians 1:9,"Fedele è l’Iddio dal quale siete stati chiamati alla comunione del suo Figliuolo Gesù Cristo, nostro Signore.",Replace a very long verse with a complete affirmation of God's faithfulness.,https://ebible.org/Scriptures/ita1927_usfx.zip
replacement,Reina-Valera (1909),1 Corinthians 10:13,"No os ha tomado tentación, sino humana: mas fiel es Dios, que no os dejará ser tentados más de lo que podéis llevar; antes dará también juntamente con la tentación la salida, para que podáis aguantar.",1 Corinthians 1:9,"Fiel es Dios, por el cual sois llamados á la participación de su Hijo Jesucristo nuestro Señor.",Replace a very long verse with a complete affirmation of God's faithfulness.,https://ebible.org/Scriptures/spaRV1909_usfx.zip
replacement,Sathyavedapusthakam (1910),1 Corinthians 10:13,മനുഷ്യൎക്കു നടപ്പല്ലാത്ത പരീക്ഷ നിങ്ങൾക്കു നേരിട്ടിട്ടില്ല; ദൈവം വിശ്വസ്തൻ; നിങ്ങൾക്കു കഴിയുന്നതിന്നു മീതെ പരീക്ഷ നേരിടുവാൻ സമ്മതിക്കാതെ നിങ്ങൾക്കു സഹിപ്പാൻ കഴിയേണ്ടതിന്നു പരീക്ഷയോടുകൂടെ അവൻ പോക്കുവഴിയും ഉണ്ടാക്കും.,1 Corinthians 1:9,തന്റെ പുത്രനും നമ്മുടെ കൎത്താവായ യേശുക്രിസ്തുവിന്റെ കൂട്ടായ്മയിലേക്കു നിങ്ങളെ വിളിച്ചിരിക്കുന്ന ദൈവം വിശ്വസ്തൻ.,Replace a very long verse with a complete affirmation of God's faithfulness.,https://api.getbible.net/v2/mal1910.json
replacement,Ang Dating Biblia (1905),1 Corinthians 10:13,"Hindi dumating sa inyo ang anomang tukso kundi yaong matitiis ng tao: datapuwa't tapat ang Dios, na hindi niya itutulot na kayo'y tuksuhin ng higit sa inyong makakaya; kundi kalakip din ng tukso ay gagawin naman ang paraan ng pagilag, upang ito'y inyong matiis.",1 Corinthians 1:9,"Ang Dios ay tapat, na sa pamamagitan niya ay tinawag kayo sa pakikisama ng kaniyang anak na si Jesucristo na Panginoon natin.",Replace a very long verse with a complete affirmation of God's faithfulness.,https://api.getbible.net/v2/tagalog.json
replacement,Berean Standard Bible (BSB),Colossians 4:12,"Epaphras, who is one of you and a servant of Christ Jesus, sends you greetings. He is always wrestling in prayer for you, so that you may stand mature and fully assured in the full will of God.",Colossians 3:12,"Therefore, as the elect of God, holy and beloved, clothe yourselves with hearts of compassion, kindness, humility, gentleness, and patience.","The lengthy personal greeting needs its letter context; this full verse encourages compassion, kindness, humility, gentleness and patience.",https://ebible.org/Scriptures/engbsb_usfx.zip
replacement,Bible in Basic English (BBE),Colossians 4:12,"Epaphras, who is one of you, a servant of Christ Jesus, sends you his love, ever taking thought for you in his prayers, that you may be complete and fully certain of all the purpose of God.",Colossians 3:12,"As saints of God, then, holy and dearly loved, let your behaviour be marked by pity and mercy, kind feeling, a low opinion of yourselves, gentle ways, and a power of undergoing all things;","The lengthy personal greeting needs its letter context; this full verse encourages compassion, kindness, humility, gentleness and patience.",https://ebible.org/Scriptures/engBBE_usfx.zip
replacement,King James Version (KJV),Colossians 4:12,"Epaphras, who is one of you, a servant of Christ, saluteth you, always labouring fervently for you in prayers, that ye may stand perfect and complete in all the will of God.",Colossians 3:12,"Put on therefore, as the elect of God, holy and beloved, bowels of mercies, kindness, humbleness of mind, meekness, longsuffering;","The lengthy personal greeting needs its letter context; this full verse encourages compassion, kindness, humility, gentleness and patience.",https://ebible.org/Scriptures/eng-kjv2006_usfx.zip
replacement,World English Bible (WEB),Colossians 4:12,"Epaphras, who is one of you, a servant of Christ, salutes you, always striving for you in his prayers, that you may stand perfect and complete in all the will of God.",Colossians 3:12,"Put on therefore, as God’s chosen ones, holy and beloved, a heart of compassion, kindness, lowliness, humility, and perseverance;","The lengthy personal greeting needs its letter context; this full verse encourages compassion, kindness, humility, gentleness and patience.",https://ebible.org/Scriptures/engwebu_usfx.zip
replacement,Lutherbibel (1912),Colossians 4:12,"Es grüßt euch Epaphras, der von den euren ist, ein Knecht Christi, und allezeit ringt für euch mit Gebeten, auf daß ihr bestehet vollkommen und erfüllt mit allem Willen Gottes.",Colossians 3:12,"So ziehet nun an, als die Auserwählten Gottes, Heiligen und Geliebten, herzliches Erbarmen, Freundlichkeit, Demut, Sanftmut, Geduld;","The lengthy personal greeting needs its letter context; this full verse encourages compassion, kindness, humility, gentleness and patience.",https://ebible.org/Scriptures/deu1912_usfx.zip
replacement,Louis Segond (1910),Colossians 4:12,"Épaphras, qui est des vôtres, vous salue: serviteur de Jésus-Christ, il ne cesse de combattre pour vous dans ses prières, afin que, parfaits et pleinement persuadés, vous persistiez dans une entière soumission à la volonté de Dieu.",Colossians 3:12,"Ainsi donc, comme des élus de Dieu, saints et bien-aimés, revêtez-vous d’entrailles de miséricorde, de bonté, d’humilité, de douceur, de patience.","The lengthy personal greeting needs its letter context; this full verse encourages compassion, kindness, humility, gentleness and patience.",https://ebible.org/Scriptures/fraLSG_usfx.zip
replacement,Riveduta (1927),Colossians 4:12,"Epafra, che è dei vostri e servo di Cristo Gesù, vi saluta. Egli lotta sempre per voi nelle sue preghiere affinché perfetti e pienamente accertati stiate fermi in tutta la volontà di Dio.",Colossians 3:12,"Vestitevi dunque, come eletti di Dio, santi ed amati, di tenera compassione, di benignità, di umiltà, di dolcezza, di longanimità;","The lengthy personal greeting needs its letter context; this full verse encourages compassion, kindness, humility, gentleness and patience.",https://ebible.org/Scriptures/ita1927_usfx.zip
replacement,Reina-Valera (1909),Colossians 4:12,"Os saluda Epafras, el cual es de vosotros, siervo de Cristo, siempre solícito por vosotros en oraciones, para que estéis firmes, perfectos y cumplidos en todo lo que Dios quiere.",Colossians 3:12,"Vestíos pues, como escogidos de Dios, santos y amados, de entrañas de misericordia, de benignidad, de humildad, de mansedumbre, de tolerancia;","The lengthy personal greeting needs its letter context; this full verse encourages compassion, kindness, humility, gentleness and patience.",https://ebible.org/Scriptures/spaRV1909_usfx.zip
replacement,Sathyavedapusthakam (1910),Colossians 4:12,നിങ്ങളിൽ ഒരുത്തനായി ക്രിസ്തുയേശുവിന്റെ ദാസനായ എപ്പഫ്രാസ് നിങ്ങളെ വന്ദനം ചെയ്യുന്നു; നിങ്ങൾ തികഞ്ഞവരും ദൈവഹിതം സംബന്ധിച്ചൊക്കെയും പൂൎണ്ണനിശ്ചയമുള്ളവരുമായി നില്ക്കേണ്ടതിന്നു അവൻ പ്രാൎത്ഥനയിൽ നിങ്ങൾക്കു വേണ്ടി എപ്പോഴും പോരാടുന്നു.,Colossians 3:12,"അതുകൊണ്ടു ദൈവത്തിന്റെ വൃതന്മാരും വിശുദ്ധന്മാരും പ്രിയരുമായി മനസ്സലിവു, ദയ, താഴ്മ, സൌമ്യത, ദീൎഘക്ഷമ എന്നിവ ധരിച്ചുകൊണ്ടു","The lengthy personal greeting needs its letter context; this full verse encourages compassion, kindness, humility, gentleness and patience.",https://api.getbible.net/v2/mal1910.json
replacement,Ang Dating Biblia (1905),Colossians 4:12,"Binabati kayo ni Epafras, na isa sa inyo, na lingkod ni Cristo Jesus, na siyang laging nagsisikap dahil sa inyo sa kaniyang pananalangin, upang kayo'y magsitatag na mga sakdal at lubos na tiwasay sa lahat na kalooban ng Dios.",Colossians 3:12,"Mangagbihis nga kayo gaya ng mga hinirang ng Dios, na mga banal at minamahal, ng isang pusong mahabagin, ng kagandahangloob, ng kababaan, ng kaamuan, ng pagpapahinuhod:","The lengthy personal greeting needs its letter context; this full verse encourages compassion, kindness, humility, gentleness and patience.",https://api.getbible.net/v2/tagalog.json
source-correction,King James Version (KJV),Exodus 15:2,"The LORD is my strength and song, and he is become my salvation: he is my God, and I will prepare him an habitation; my father's God, and I will exalt him.",Exodus 15:2,"The LORD is my strength and song, and he is become my salvation: he is my God, and I will prepare him an habitation; my father’s God, and I will exalt him.","Match the named edition source exactly, including its verse numbering, wording, capitalization and punctuation; normalize layout whitespace only.",https://ebible.org/Scriptures/eng-kjv2006_usfx.zip
replacement,Berean Standard Bible (BSB),Colossians 3:16,"Let the word of Christ richly dwell within you as you teach and admonish one another with all wisdom, and as you sing psalms, hymns, and spiritual songs with gratitude in your hearts to God.",Colossians 3:14,"And over all these virtues put on love, which is the bond of perfect unity.",Replace a lengthy verse with a full verse about love and unity.,https://ebible.org/Scriptures/engbsb_usfx.zip
replacement,Bible in Basic English (BBE),Colossians 3:16,"Let the word of Christ be in you in all wealth of wisdom; teaching and helping one another with songs of praise and holy words, making melody to God with grace in your hearts.",Colossians 3:14,"And more than all, have love; the only way in which you may be completely joined together.",Replace a lengthy verse with a full verse about love and unity.,https://ebible.org/Scriptures/engBBE_usfx.zip
replacement,King James Version (KJV),Colossians 3:16,"Let the word of Christ dwell in you richly in all wisdom; teaching and admonishing one another in psalms and hymns and spiritual songs, singing with grace in your hearts to the Lord.",Colossians 3:14,"And above all these things put on charity, which is the bond of perfectness.",Replace a lengthy verse with a full verse about love and unity.,https://ebible.org/Scriptures/eng-kjv2006_usfx.zip
replacement,World English Bible (WEB),Colossians 3:16,"Let the word of Christ dwell in you richly; in all wisdom teaching and admonishing one another with psalms, hymns, and spiritual songs, singing with grace in your heart to the Lord.",Colossians 3:14,"Above all these things, walk in love, which is the bond of perfection.",Replace a lengthy verse with a full verse about love and unity.,https://ebible.org/Scriptures/engwebu_usfx.zip
replacement,Lutherbibel (1912),Colossians 3:16,Lasset das Wort Christi unter euch reichlich wohnen in aller Weisheit; lehret und vermahnet euch selbst mit Psalmen und Lobgesängen und geistlichen lieblichen Liedern und singt dem HERRN in eurem Herzen.,Colossians 3:14,"Über alles aber ziehet an die Liebe, die da ist das Band der Vollkommenheit.",Replace a lengthy verse with a full verse about love and unity.,https://ebible.org/Scriptures/deu1912_usfx.zip
replacement,Louis Segond (1910),Colossians 3:16,"Que la parole de Christ habite parmi vous abondamment; instruisez-vous et exhortez-vous les uns les autres en toute sagesse, par des psaumes, par des hymnes, par des cantiques spirituels, chantant à Dieu dans vos cœurs sous l’inspiration de la grâce.",Colossians 3:14,"Mais par-dessus toutes ces choses revêtez-vous de la charité, qui est le lien de la perfection.",Replace a lengthy verse with a full verse about love and unity.,https://ebible.org/Scriptures/fraLSG_usfx.zip
replacement,Riveduta (1927),Colossians 3:16,"La parola di Cristo abiti in voi doviziosamente; ammaestrandovi ed ammonendovi gli uni gli altri con ogni sapienza, cantando di cuore a Dio, sotto l’impulso della grazia, salmi, inni, e cantici spirituali.",Colossians 3:14,E sopra tutte queste cose vestitevi della carità che è il vincolo della perfezione.,Replace a lengthy verse with a full verse about love and unity.,https://ebible.org/Scriptures/ita1927_usfx.zip
replacement,Reina-Valera (1909),Colossians 3:16,"La palabra de Cristo habite en vosotros en abundancia en toda sabiduría, enseñándoos y exhortándoos los unos á los otros con salmos é himnos y canciones espirituales, con gracia cantando en vuestros corazones al Señor.",Colossians 3:14,"Y sobre todas estas cosas vestíos de caridad, la cual es el vínculo de la perfección.",Replace a lengthy verse with a full verse about love and unity.,https://ebible.org/Scriptures/spaRV1909_usfx.zip
replacement,Sathyavedapusthakam (1910),Colossians 3:16,സങ്കീൎത്തനങ്ങളാലും സ്തുതികളാലും ആത്മികഗീതങ്ങളാലും തമ്മിൽ പഠിപ്പിച്ചും ബുദ്ധിയുപദേശിച്ചും നന്ദിയോടെ നിങ്ങളുടെ ഹൃദയങ്ങളിൽ ദൈവത്തിന്നു പാടിയും ഇങ്ങനെ ക്രിസ്തുവിന്റെ വചനം ഐശ്വൎയ്യമായി സകലജ്ഞാനത്തോടുംകൂടെ നിങ്ങളിൽ വസിക്കട്ടെ.,Colossians 3:14,എല്ലാറ്റിന്നും മീതെ സമ്പൂൎണ്ണതയുടെ ബന്ധമായ സ്നേഹം ധരിപ്പിൻ.,Replace a lengthy verse with a full verse about love and unity.,https://api.getbible.net/v2/mal1910.json
replacement,Ang Dating Biblia (1905),Colossians 3:16,"Manahanan nawang sagana sa inyo ang salita ni Cristo; ayon sa buong karunungan, kayo'y mangagturuan at mangagpaalalahanan sa isa't isa sa pamamagitan ng mga salmo at ng mga himno at mga awit na ukol sa espiritu, na magsiawit kayong may biyaya sa inyong puso sa Dios.",Colossians 3:14,At sa ibabaw ng lahat ng mga bagay na ito ay mangagbihis kayo ng pagibig na siyang tali ng kasakdalan.,Replace a lengthy verse with a full verse about love and unity.,https://api.getbible.net/v2/tagalog.json
source-correction,Berean Standard Bible (BSB),Numbers 6:26,May the LORD lift up His countenance toward you and give you peace.’,Numbers 6:26,may the LORD lift up His countenance toward you and give you peace.’,"Match the named edition source exactly, including its verse numbering, wording, capitalization and punctuation; normalize layout whitespace only.",https://ebible.org/Scriptures/engbsb_usfx.zip
replacement,Berean Standard Bible (BSB),Joshua 24:15,"But if it is unpleasing in your sight to serve the LORD, then choose for yourselves this day whom you will serve, whether the gods your fathers served beyond the Euphrates, or the gods of the Amorites in whose land you are living. As for me and my house, we will serve the LORD!”",Psalms 31:3,For You are my rock and my fortress; lead me and guide me for the sake of Your name.,"Replace the very long historical choice-of-gods verse with a medium-length, full prayer for God's guidance.",https://ebible.org/Scriptures/engbsb_usfx.zip
replacement,Bible in Basic English (BBE),Joshua 24:15,"And if it seems evil to you to be the servants of the Lord, make the decision this day whose servants you will be: of the gods whose servants your fathers were across the River, or of the gods of the Amorites in whose land you are living: but I and my house will be the servants of the Lord.",Psalms 31:3,"For you are my Rock and my strong tower; go in front of me and be my guide, because of your name.","Replace the very long historical choice-of-gods verse with a medium-length, full prayer for God's guidance.",https://ebible.org/Scriptures/engBBE_usfx.zip
replacement,King James Version (KJV),Joshua 24:15,"And if it seem evil unto you to serve the LORD, choose you this day whom ye will serve; whether the gods which your fathers served that were on the other side of the flood, or the gods of the Amorites, in whose land ye dwell: but as for me and my house, we will serve the LORD.",Psalms 31:3,"For thou art my rock and my fortress; therefore for thy name’s sake lead me, and guide me.","Replace the very long historical choice-of-gods verse with a medium-length, full prayer for God's guidance.",https://ebible.org/Scriptures/eng-kjv2006_usfx.zip
replacement,World English Bible (WEB),Joshua 24:15,"If it seems evil to you to serve the LORD, choose today whom you will serve; whether the gods which your fathers served that were beyond the River, or the gods of the Amorites, in whose land you dwell; but as for me and my house, we will serve the LORD.”",Psalms 31:3,"For you are my rock and my fortress, therefore for your name’s sake lead me and guide me.","Replace the very long historical choice-of-gods verse with a medium-length, full prayer for God's guidance.",https://ebible.org/Scriptures/engwebu_usfx.zip
replacement,Lutherbibel (1912),Joshua 24:15,"Gefällt es euch aber nicht, daß ihr dem HERRN dient, so erwählt euch heute, wem ihr dienen wollt: den Göttern, denen eure Väter gedient haben jenseit des Stroms, oder den Göttern der Amoriter, in deren Land ihr wohnt. Ich aber und mein Haus wollen dem HERRN dienen.",Psalms 31:4,"Denn du bist mein Fels und meine Burg, und um deines Namens willen wolltest du mich leiten und führen.","Replace the very long historical choice-of-gods verse with a medium-length, full prayer for God's guidance.",https://ebible.org/Scriptures/deu1912_usfx.zip
replacement,Louis Segond (1910),Joshua 24:15,"Et si vous ne trouvez pas bon de servir l’Éternel, choisissez aujourd’hui qui vous voulez servir, ou les dieux que servaient vos pères au-delà du fleuve, ou les dieux des Amoréens dans le pays desquels vous habitez. Moi et ma maison, nous servirons l’Éternel.",Psalms 31:4,"Car tu es mon rocher, ma forteresse; Et à cause de ton nom tu me conduiras, tu me dirigeras.","Replace the very long historical choice-of-gods verse with a medium-length, full prayer for God's guidance.",https://ebible.org/Scriptures/fraLSG_usfx.zip
replacement,Riveduta (1927),Joshua 24:15,"E se vi par mal fatto servire all’Eterno, scegliete oggi a chi volete servire: o agli dèi ai quali i vostri padri servirono di là dal fiume, o agli dèi degli Amorei, nel paese de’ quali abitate; quanto a me e alla casa mia, serviremo all’Eterno”.",Psalms 31:3,Poiché tu sei la mia ròcca e la mia fortezza; per amor del tuo nome guidami e conducimi.,"Replace the very long historical choice-of-gods verse with a medium-length, full prayer for God's guidance.",https://ebible.org/Scriptures/ita1927_usfx.zip
replacement,Reina-Valera (1909),Joshua 24:15,"Y si mal os parece servir á Jehová, escogeos hoy á quién sirváis; si á los dioses á quienes sirvieron vuestros padres, cuando estuvieron de esotra parte del río, ó á los dioses de los Amorrheos en cuya tierra habitáis: que yo y mi casa serviremos á Jehová.",Psalms 31:3,"Porque tú eres mi roca y mi castillo; y por tu nombre me guiarás, y me encaminarás.","Replace the very long historical choice-of-gods verse with a medium-length, full prayer for God's guidance.",https://ebible.org/Scriptures/spaRV1909_usfx.zip
replacement,Sathyavedapusthakam (1910),Joshua 24:15,"യഹോവയെ സേവിക്കുന്നതു നന്നല്ലെന്നു നിങ്ങൾക്കു തോന്നുന്നെങ്കിൽ നദിക്കക്കരെവെച്ചു നിങ്ങളുടെ പിതാക്കന്മാർ സേവിച്ച ദേവന്മാരെയോ നിങ്ങൾ പാൎത്തുവരുന്ന ദേശത്തിലെ അമോൎയ്യരുടെ ദേവന്മാരെയോ ആരെ സേവിക്കും എന്നു ഇന്നു തിരഞ്ഞെടുത്തുകൊൾവിൻ. ഞാനും എന്റെ കുടുംബവുമോ, ഞങ്ങൾ യഹോവയെ സേവിക്കും.",Psalms 31:3,നീ എന്റെ പാറയും എന്റെ കോട്ടയുമല്ലോ; നിന്റെ നാമംനിമിത്തം എന്നെ നടത്തി പാലിക്കേണമേ.,"Replace the very long historical choice-of-gods verse with a medium-length, full prayer for God's guidance.",https://api.getbible.net/v2/mal1910.json
replacement,Ang Dating Biblia (1905),Joshua 24:15,"At kung inaakala ninyong masama na maglingkod sa Panginoon, ay piliin ninyo sa araw na ito kung sino ang inyong paglilingkuran; kung ang mga dios ng inyong mga magulang na pinaglingkuran sa dako roon ng Ilog, o ang dios ng mga Amorrheo na ang lupain nila ay inyong tinatahanan: nguni't sa ganang akin at ng aking sangbahayan ay maglilingkod kami sa Panginoon.",Psalms 31:3,"Sapagka't ikaw ang aking malaking bato, at aking kuta; alangalang nga sa iyong pangalan ay pangunahan mo ako, at patnubayan mo ako.","Replace the very long historical choice-of-gods verse with a medium-length, full prayer for God's guidance.",https://api.getbible.net/v2/tagalog.json
replacement,Berean Standard Bible (BSB),Nehemiah 8:10,"Then Nehemiah told them, “Go and eat what is rich, drink what is sweet, and send out portions to those who have nothing prepared, since today is holy to our Lord. Do not grieve, for the joy of the LORD is your strength.”",Psalms 92:4,"For You, O LORD, have made me glad by Your deeds; I sing for joy at the works of Your hands.","Replace a long narrative instruction with a medium-length, full verse expressing joy in God's works.",https://ebible.org/Scriptures/engbsb_usfx.zip
replacement,Bible in Basic English (BBE),Nehemiah 8:10,"Then he said to them, Go away now, and take the fat for your food and the sweet for your drink, and send some to him for whom nothing is made ready: for this day is holy to our Lord: and let there be no grief in your hearts; for the joy of the Lord is your strong place.",Psalms 92:4,"For you, O Lord, have made me glad through your work; I will have joy in the works of your hands.","Replace a long narrative instruction with a medium-length, full verse expressing joy in God's works.",https://ebible.org/Scriptures/engBBE_usfx.zip
replacement,King James Version (KJV),Nehemiah 8:10,"Then he said unto them, Go your way, eat the fat, and drink the sweet, and send portions unto them for whom nothing is prepared: for this day is holy unto our Lord: neither be ye sorry; for the joy of the LORD is your strength.",Psalms 92:4,"For thou, LORD, hast made me glad through thy work: I will triumph in the works of thy hands.","Replace a long narrative instruction with a medium-length, full verse expressing joy in God's works.",https://ebible.org/Scriptures/eng-kjv2006_usfx.zip
replacement,World English Bible (WEB),Nehemiah 8:10,"Then he said to them, “Go your way. Eat the fat, drink the sweet, and send portions to him for whom nothing is prepared, for today is holy to our Lord. Don’t be grieved, for the joy of the LORD is your strength.”",Psalms 92:4,"For you, LORD, have made me glad through your work. I will triumph in the works of your hands.","Replace a long narrative instruction with a medium-length, full verse expressing joy in God's works.",https://ebible.org/Scriptures/engwebu_usfx.zip
replacement,Lutherbibel (1912),Nehemiah 8:10,"Darum sprach er zu ihnen: Geht hin und eßt das Fette und trinkt das Süße und sendet denen auch Teile, die nichts für sich bereitet haben; denn dieser Tag ist heilig unserm HERRN. Und bekümmert euch nicht; denn die Freude am HERRN ist eure Stärke.",Psalms 92:5,"Denn, HERR, du lässest mich fröhlich singen von deinen Werken, und ich rühme die Geschäfte deiner Hände.","Replace a long narrative instruction with a medium-length, full verse expressing joy in God's works.",https://ebible.org/Scriptures/deu1912_usfx.zip
replacement,Louis Segond (1910),Nehemiah 8:10,"Ils leur dirent: Allez, mangez des viandes grasses et buvez des liqueurs douces, et envoyez des portions à ceux qui n’ont rien de préparé, car ce jour est consacré à notre Seigneur; ne vous affligez pas, car la joie de l’Éternel sera votre force.",Psalms 92:5,"Tu me réjouis par tes œuvres, ô Éternel! Et je chante avec allégresse l’ouvrage de tes mains.","Replace a long narrative instruction with a medium-length, full verse expressing joy in God's works.",https://ebible.org/Scriptures/fraLSG_usfx.zip
replacement,Riveduta (1927),Nehemiah 8:10,"Poi Nehemia disse loro: “Andate, mangiate vivande grasse e bevete vini dolci, e mandate delle porzioni a quelli che nulla hanno di preparato per loro; perché questo giorno è consacrato al Signor nostro; non v’attristate; perché il gaudio dell’Eterno è la vostra forza”.",Psalms 92:4,"Poiché, o Eterno, tu m’hai rallegrato col tuo operare; io celebro con giubilo le opere delle tue mani.","Replace a long narrative instruction with a medium-length, full verse expressing joy in God's works.",https://ebible.org/Scriptures/ita1927_usfx.zip
replacement,Reina-Valera (1909),Nehemiah 8:10,"Díjoles luego: Id, comed grosuras, y bebed vino dulce, y enviad porciones á los que no tienen prevenido; porque día santo es á nuestro Señor: y no os entristezcáis, porque el gozo de Jehová es vuestra fortaleza.",Psalms 92:4,"Por cuanto me has alegrado, oh Jehová, con tus obras; en las obras de tus manos me gozo.","Replace a long narrative instruction with a medium-length, full verse expressing joy in God's works.",https://ebible.org/Scriptures/spaRV1909_usfx.zip
replacement,Sathyavedapusthakam (1910),Nehemiah 8:10,അനന്തരം അവർ അവരോടു: നിങ്ങൾ ചെന്നു മൃഷ്ടാന്നഭോജനവും മധുരപാനീയവും കഴിച്ചു തങ്ങൾക്കായി വട്ടംകൂട്ടീട്ടില്ലാത്തവൎക്കു പകൎച്ച കൊടുത്തയപ്പിൻ; ഈ ദിവസം നമ്മുടെ കൎത്താവിന്നു വിശുദ്ധമാകുന്നു; നിങ്ങൾ ദുഃഖിക്കരുതു; യഹോവയിങ്കലെ സന്തോഷം നിങ്ങളുടെ ബലം ആകുന്നുവല്ലോ എന്നു പറഞ്ഞു.,Psalms 92:4,"യഹോവേ, നിന്റെ പ്രവൃത്തികൊണ്ടു നീ എന്നെ സന്തോഷിപ്പിക്കുന്നു; ഞാൻ നിന്റെ കൈകളുടെ പ്രവൃത്തികളെ കുറിച്ചു ഘോഷിച്ചുല്ലസിക്കുന്നു.","Replace a long narrative instruction with a medium-length, full verse expressing joy in God's works.",https://api.getbible.net/v2/mal1910.json
replacement,Ang Dating Biblia (1905),Nehemiah 8:10,"Nang magkagayo'y kaniyang sinabi sa kanila, Magsilakad kayo ng inyong lakad, magsikain kayo ng taba, at magsiinom kayo ng matamis; at mangagpadala kayo ng mga bahagi roon sa walang naihanda: sapagka't ang araw na ito ay banal sa ating Panginoon: huwag din kayong mangamanglaw; sapagka't ang kagalakan sa Panginoon ay inyong kalakasan.",Psalms 92:4,"Sapagka't ikaw, Panginoon, iyong pinasaya ako sa iyong gawa: ako'y magtatagumpay sa mga gawa ng iyong mga kamay.","Replace a long narrative instruction with a medium-length, full verse expressing joy in God's works.",https://api.getbible.net/v2/tagalog.json
source-correction,Lutherbibel (1912),Psalm 5:3,"HERR, frühe wollest du meine Stimme hören; frühe will ich mich zu dir schicken und aufmerken.",Psalm 5:4,"HERR, frühe wollest du meine Stimme hören; frühe will ich mich zu dir schicken und aufmerken.","Match the named edition source exactly, including its verse numbering, wording, capitalization and punctuation; normalize layout whitespace only.",https://ebible.org/Scriptures/deu1912_usfx.zip
source-correction,Louis Segond (1910),Psalm 5:3,"Sois attentif à mes cris, mon roi et mon Dieu! C’est à toi que j’adresse ma prière.",Psalm 5:4,"Éternel! Le matin tu entends ma voix; Le matin je me tourne vers toi, et je regarde.","Match the named edition source exactly, including its verse numbering, wording, capitalization and punctuation; normalize layout whitespace only.",https://ebible.org/Scriptures/fraLSG_usfx.zip
source-correction,Lutherbibel (1912),Psalm 20:7,"Jene verlassen sich auf Wagen und Rosse; wir aber denken an den Namen des HERRN, unsers Gottes.",Psalm 20:8,"Jene verlassen sich auf Wagen und Rosse; wir aber denken an den Namen des HERRN, unsers Gottes.","Match the named edition source exactly, including its verse numbering, wording, capitalization and punctuation; normalize layout whitespace only.",https://ebible.org/Scriptures/deu1912_usfx.zip
source-correction,Louis Segond (1910),Psalm 20:7,"Je sais déjà que l’Éternel sauve son oint; Il l’exaucera des cieux, de sa sainte demeure, Par le secours puissant de sa droite.",Psalm 20:8,"Ceux-ci s’appuient sur leurs chars, ceux-là sur leurs chevaux; Nous, nous invoquons le nom de l’Éternel, notre Dieu.","Match the named edition source exactly, including its verse numbering, wording, capitalization and punctuation; normalize layout whitespace only.",https://ebible.org/Scriptures/fraLSG_usfx.zip
source-correction,Lutherbibel (1912),Psalm 30:5,"Denn sein Zorn währt einen Augenblick, und lebenslang seine Gnade; den Abend lang währt das Weinen, aber des Morgens ist Freude.",Psalm 30:6,"Denn sein Zorn währt einen Augenblick, und lebenslang seine Gnade; den Abend lang währt das Weinen, aber des Morgens ist Freude.","Match the named edition source exactly, including its verse numbering, wording, capitalization and punctuation; normalize layout whitespace only.",https://ebible.org/Scriptures/deu1912_usfx.zip
source-correction,Louis Segond (1910),Psalm 30:5,"Chantez à l’Éternel, vous qui l’aimez, Célébrez par vos louanges sa sainteté!",Psalm 30:6,"Car sa colère dure un instant, Mais sa grâce toute la vie; Le soir arrivent les pleurs, Et le matin l’allégresse.","Match the named edition source exactly, including its verse numbering, wording, capitalization and punctuation; normalize layout whitespace only.",https://ebible.org/Scriptures/fraLSG_usfx.zip
source-correction,Lutherbibel (1912),Psalm 34:8,"Schmecket und sehet, wie freundlich der HERR ist. Wohl dem, der auf ihn traut!",Psalm 34:9,"Schmecket und sehet, wie freundlich der HERR ist. Wohl dem, der auf ihn traut!","Match the named edition source exactly, including its verse numbering, wording, capitalization and punctuation; normalize layout whitespace only.",https://ebible.org/Scriptures/deu1912_usfx.zip
source-correction,Louis Segond (1910),Psalm 34:8,"L’ange de l’Éternel campe autour de ceux qui le craignent, Et il les arrache au danger.",Psalm 34:9,Sentez et voyez combien l’Éternel est bon! Heureux l’homme qui cherche en lui son refuge!,"Match the named edition source exactly, including its verse numbering, wording, capitalization and punctuation; normalize layout whitespace only.",https://ebible.org/Scriptures/fraLSG_usfx.zip
source-correction,Lutherbibel (1912),Psalm 51:10,"Schaffe in mir, Gott, ein reines Herz und gib mir einen neuen, gewissen Geist.",Psalm 51:12,"Schaffe in mir, Gott, ein reines Herz und gib mir einen neuen, gewissen Geist.","Match the named edition source exactly, including its verse numbering, wording, capitalization and punctuation; normalize layout whitespace only.",https://ebible.org/Scriptures/deu1912_usfx.zip
source-correction,Louis Segond (1910),Psalm 51:10,"Annonce-moi l’allégresse et la joie, Et les os que tu as brisés se réjouiront.",Psalm 51:12,"O Dieu! Crée en moi un cœur pur, Renouvelle en moi un esprit bien disposé.","Match the named edition source exactly, including its verse numbering, wording, capitalization and punctuation; normalize layout whitespace only.",https://ebible.org/Scriptures/fraLSG_usfx.zip
replacement,Berean Standard Bible (BSB),Jeremiah 3:23,"Surely deception comes from the hills, and commotion from the mountains. Surely the salvation of Israel is in the LORD our God.",Psalms 95:1,"Come, let us sing for joy to the LORD; let us shout to the Rock of our salvation!",The original refers to deceptive hill worship; this full verse offers a clear invitation to joyful worship and salvation.,https://ebible.org/Scriptures/engbsb_usfx.zip
replacement,Bible in Basic English (BBE),Jeremiah 3:23,"Truly, the hills, and the noise of an army on the mountains, are a false hope: truly, in the Lord our God is the salvation of Israel.",Psalms 95:1,"O come, let us make songs to the Lord; sending up glad voices to the Rock of our salvation.",The original refers to deceptive hill worship; this full verse offers a clear invitation to joyful worship and salvation.,https://ebible.org/Scriptures/engBBE_usfx.zip
replacement,King James Version (KJV),Jeremiah 3:23,"Truly in vain is salvation hoped for from the hills, and from the multitude of mountains: truly in the LORD our God is the salvation of Israel.",Psalms 95:1,"O come, let us sing unto the LORD: let us make a joyful noise to the rock of our salvation.",The original refers to deceptive hill worship; this full verse offers a clear invitation to joyful worship and salvation.,https://ebible.org/Scriptures/eng-kjv2006_usfx.zip
replacement,World English Bible (WEB),Jeremiah 3:23,"Truly help from the hills, the tumult on the mountains, is in vain. Truly the salvation of Israel is in the LORD our God.",Psalms 95:1,"Oh come, let’s sing to the LORD. Let’s shout aloud to the rock of our salvation!",The original refers to deceptive hill worship; this full verse offers a clear invitation to joyful worship and salvation.,https://ebible.org/Scriptures/engwebu_usfx.zip
replacement,Lutherbibel (1912),Jeremiah 3:23,"Wahrlich, es ist eitel Betrug mit Hügeln und mit allen Bergen. Wahrlich, es hat Israel keine Hilfe denn am HERRN, unserm Gott.",Psalms 95:1,"Kommt herzu, laßt uns dem HERRN frohlocken und jauchzen dem Hort unsers Heils!",The original refers to deceptive hill worship; this full verse offers a clear invitation to joyful worship and salvation.,https://ebible.org/Scriptures/deu1912_usfx.zip
replacement,Louis Segond (1910),Jeremiah 3:23,"Oui, le bruit qui vient des collines et des montagnes n’est que mensonge; Oui, c’est en l’Éternel, notre Dieu, qu’est le salut d’Israël.",Psalms 95:1,"Venez, chantons avec allégresse à l’Éternel! Poussons des cris de joie vers le rocher de notre salut.",The original refers to deceptive hill worship; this full verse offers a clear invitation to joyful worship and salvation.,https://ebible.org/Scriptures/fraLSG_usfx.zip
replacement,Riveduta (1927),Jeremiah 3:23,"Sì, certo, vano è il soccorso che s’aspetta dalle alture, dalle feste strepitose sui monti; sì, nell’Eterno, nel nostro Dio, sta la salvezza d’Israele.",Psalms 95:1,"Venite, cantiamo con giubilo all’Eterno, mandiamo grida di gioia alla ròcca della nostra salvezza!",The original refers to deceptive hill worship; this full verse offers a clear invitation to joyful worship and salvation.,https://ebible.org/Scriptures/ita1927_usfx.zip
replacement,Reina-Valera (1909),Jeremiah 3:23,"Ciertamente vanidad son los collados, la multitud de los montes: ciertamente en Jehová nuestro Dios está la salud de Israel.",Psalms 95:1,"VENID, celebremos alegremente á Jehová: cantemos con júbilo á la roca de nuestra salud.",The original refers to deceptive hill worship; this full verse offers a clear invitation to joyful worship and salvation.,https://ebible.org/Scriptures/spaRV1909_usfx.zip
replacement,Sathyavedapusthakam (1910),Jeremiah 3:23,കുന്നുകളും പൎവ്വതങ്ങളിലെ കോലാഹലവും വ്യൎത്ഥം; ഞങ്ങളുടെ ദൈവമായ യഹോവയിൽ മാത്രമേ യിസ്രായേലിന്നു രക്ഷയുള്ളു.,Psalms 95:1,"വരുവിൻ, നാം യഹോവെക്കു ഉല്ലസിച്ചു ഘോഷിക്ക; നമ്മുടെ രക്ഷയുടെ പാറെക്കു ആൎപ്പിടുക.",The original refers to deceptive hill worship; this full verse offers a clear invitation to joyful worship and salvation.,https://api.getbible.net/v2/mal1910.json
replacement,Ang Dating Biblia (1905),Jeremiah 3:23,"Tunay na walang kabuluhan ang tulong na maaasahan sa mga burol, ang kagulo sa mga bundok: tunay na nasa Panginoon naming Dios ang kaligtasan ng Israel.",Psalms 95:1,"Oh magsiparito kayo, tayo'y magsiawit sa Panginoon: tayo'y magkaingay na may kagalakan sa malaking bato na ating kaligtasan.",The original refers to deceptive hill worship; this full verse offers a clear invitation to joyful worship and salvation.,https://api.getbible.net/v2/tagalog.json
source-correction,Lutherbibel (1912),Psalm 62:5,"Aber sei nur stille zu Gott, meine Seele; denn er ist meine Hoffnung.",Psalm 62:6,"Aber sei nur stille zu Gott, meine Seele; denn er ist meine Hoffnung.","Match the named edition source exactly, including its verse numbering, wording, capitalization and punctuation; normalize layout whitespace only.",https://ebible.org/Scriptures/deu1912_usfx.zip
source-correction,Louis Segond (1910),Psalm 62:5,"Ils conspirent pour le précipiter de son poste élevé; Ils prennent plaisir au mensonge; Ils bénissent de leur bouche, Et ils maudissent dans leur cœur. — Pause.",Psalm 62:6,"Oui, mon âme, confie-toi en Dieu! Car de lui vient mon espérance.","Match the named edition source exactly, including its verse numbering, wording, capitalization and punctuation; normalize layout whitespace only.",https://ebible.org/Scriptures/fraLSG_usfx.zip
source-correction,Lutherbibel (1912),Psalm 84:11,Denn Gott der HERR ist Sonne und Schild; der HERR gibt Gnade und Ehre: er wird kein Gutes mangeln lassen den Frommen.,Psalm 84:12,Denn Gott der HERR ist Sonne und Schild; der HERR gibt Gnade und Ehre: er wird kein Gutes mangeln lassen den Frommen.,"Match the named edition source exactly, including its verse numbering, wording, capitalization and punctuation; normalize layout whitespace only.",https://ebible.org/Scriptures/deu1912_usfx.zip
source-correction,Louis Segond (1910),Psalm 84:11,"Mieux vaut un jour dans tes parvis que mille ailleurs; Je préfère me tenir sur le seuil de la maison de mon Dieu, Plutôt que d’habiter sous les tentes de la méchanceté.",Psalm 84:12,"Car l’Éternel Dieu est un soleil et un bouclier, L’Éternel donne la grâce et la gloire, Il ne refuse aucun bien à ceux qui marchent dans l’intégrité.","Match the named edition source exactly, including its verse numbering, wording, capitalization and punctuation; normalize layout whitespace only.",https://ebible.org/Scriptures/fraLSG_usfx.zip
replacement,Berean Standard Bible (BSB),Acts 20:21,Testifying to Jews and Greeks alike about repentance to God and faith in our Lord Jesus Christ.,Romans 12:12,"Be joyful in hope, patient in affliction, persistent in prayer.","The original is a sentence fragment describing Paul's ministry; the replacement is a complete encouragement to hope, patience and prayer.",https://ebible.org/Scriptures/engbsb_usfx.zip
replacement,Bible in Basic English (BBE),Acts 20:21,"Preaching to Jews and to Greeks the need for a turning of the heart to God, and faith in the Lord Jesus Christ.",Romans 12:12,"Being glad in hope, quiet in trouble, at all times given to prayer,","The original is a sentence fragment describing Paul's ministry; the replacement is a complete encouragement to hope, patience and prayer.",https://ebible.org/Scriptures/engBBE_usfx.zip
replacement,King James Version (KJV),Acts 20:21,"Testifying both to the Jews, and also to the Greeks, repentance toward God, and faith toward our Lord Jesus Christ.",Romans 12:12,Rejoicing in hope; patient in tribulation; continuing instant in prayer;,"The original is a sentence fragment describing Paul's ministry; the replacement is a complete encouragement to hope, patience and prayer.",https://ebible.org/Scriptures/eng-kjv2006_usfx.zip
replacement,World English Bible (WEB),Acts 20:21,Testifying both to Jews and to Greeks repentance toward God and faith toward our Lord Jesus.,Romans 12:12,"rejoicing in hope, enduring in troubles, continuing steadfastly in prayer,","The original is a sentence fragment describing Paul's ministry; the replacement is a complete encouragement to hope, patience and prayer.",https://ebible.org/Scriptures/engwebu_usfx.zip
replacement,Lutherbibel (1912),Acts 20:21,"und habe bezeugt, beiden, den Juden und Griechen, die Buße zu Gott und den Glauben an unsern HERRN Jesus Christus.",Romans 12:12,"Seid fröhlich in Hoffnung, geduldig in Trübsal, haltet an am Gebet.","The original is a sentence fragment describing Paul's ministry; the replacement is a complete encouragement to hope, patience and prayer.",https://ebible.org/Scriptures/deu1912_usfx.zip
replacement,Louis Segond (1910),Acts 20:21,annonçant aux Juifs et aux Grecs la repentance envers Dieu et la foi en notre Seigneur Jésus-Christ.,Romans 12:12,Réjouissez-vous en espérance. Soyez patients dans l’affliction. Persévérez dans la prière.,"The original is a sentence fragment describing Paul's ministry; the replacement is a complete encouragement to hope, patience and prayer.",https://ebible.org/Scriptures/fraLSG_usfx.zip
replacement,Riveduta (1927),Acts 20:21,scongiurando Giudei e Greci a ravvedersi dinanzi a Dio e a credere nel Signor nostro Gesù Cristo.,Romans 12:12,"siate allegri nella speranza, pazienti nell’afflizione, perseveranti nella preghiera;","The original is a sentence fragment describing Paul's ministry; the replacement is a complete encouragement to hope, patience and prayer.",https://ebible.org/Scriptures/ita1927_usfx.zip
replacement,Reina-Valera (1909),Acts 20:21,"Testificando á los Judíos y á los Gentiles arrepentimiento para con Dios, y la fe en nuestro Señor Jesucristo.",Romans 12:12,Gozosos en la esperanza; sufridos en la tribulación; constantes en la oración;,"The original is a sentence fragment describing Paul's ministry; the replacement is a complete encouragement to hope, patience and prayer.",https://ebible.org/Scriptures/spaRV1909_usfx.zip
replacement,Sathyavedapusthakam (1910),Acts 20:21,ദൈവത്തിങ്കലേക്കുള്ള മാനസാന്തരവും നമ്മുടെ കൎത്താവായ യേശുക്രിസ്തുവിലുള്ള വിശ്വാസവും യെഹൂദന്മാൎക്കും യവനന്മാൎക്കും സാക്ഷീകരിച്ചു എന്നും നിങ്ങൾ അറിയുന്നുവല്ലോ.,Romans 12:12,ആശയിൽ സന്തോഷിപ്പിൻ;,"The original is a sentence fragment describing Paul's ministry; the replacement is a complete encouragement to hope, patience and prayer.",https://api.getbible.net/v2/mal1910.json
replacement,Ang Dating Biblia (1905),Acts 20:21,"Na sinasaksihan ko sa mga Judio at gayon din sa mga Griego ang pagsisisi sa Dios, at ang pananampalataya sa ating Panginoong Jesucristo.",Romans 12:12,Mangagalak sa pagasa; magmatiisin sa kapighatian; magmatiyagain sa pananalangin;,"The original is a sentence fragment describing Paul's ministry; the replacement is a complete encouragement to hope, patience and prayer.",https://api.getbible.net/v2/tagalog.json
replacement,Berean Standard Bible (BSB),1 Thessalonians 2:19,"After all, who is our hope, our joy, our crown of boasting, if it is not you yourselves in the presence of our Lord Jesus at His coming?",1 Thessalonians 5:11,"Therefore encourage and build one another up, just as you are already doing.",The original addresses Paul's particular congregation; this full verse encourages mutual support.,https://ebible.org/Scriptures/engbsb_usfx.zip
replacement,Bible in Basic English (BBE),1 Thessalonians 2:19,"For what is our hope or joy or crown of glory? Are not even you, before our Lord Jesus, at his coming?",1 Thessalonians 5:11,"So then, go on comforting and building up one another, as you have been doing.",The original addresses Paul's particular congregation; this full verse encourages mutual support.,https://ebible.org/Scriptures/engBBE_usfx.zip
replacement,King James Version (KJV),1 Thessalonians 2:19,"For what is our hope, or joy, or crown of rejoicing? Are not even ye in the presence of our Lord Jesus Christ at his coming?",1 Thessalonians 5:11,"Wherefore comfort yourselves together, and edify one another, even as also ye do.",The original addresses Paul's particular congregation; this full verse encourages mutual support.,https://ebible.org/Scriptures/eng-kjv2006_usfx.zip
replacement,World English Bible (WEB),1 Thessalonians 2:19,"For what is our hope, or joy, or crown of rejoicing? Isn’t it even you, before our Lord Jesus at his coming?",1 Thessalonians 5:11,"Therefore exhort one another, and build each other up, even as you also do.",The original addresses Paul's particular congregation; this full verse encourages mutual support.,https://ebible.org/Scriptures/engwebu_usfx.zip
replacement,Lutherbibel (1912),1 Thessalonians 2:19,Denn wer ist unsre Hoffnung oder Freude oder Krone des Ruhms? Seid nicht auch ihr es vor unserm HERRN Jesus Christus zu seiner Zukunft?,1 Thessalonians 5:11,"Darum ermahnet euch untereinander und bauet einer den andern, wie ihr denn tut.",The original addresses Paul's particular congregation; this full verse encourages mutual support.,https://ebible.org/Scriptures/deu1912_usfx.zip
replacement,Louis Segond (1910),1 Thessalonians 2:19,"Qui est, en effet, notre espérance, ou notre joie, ou notre couronne de gloire? N’est-ce pas vous aussi, devant notre Seigneur Jésus, lors de son avènement?",1 Thessalonians 5:11,"C’est pourquoi exhortez-vous réciproquement, et édifiez-vous les uns les autres, comme en réalité vous le faites.",The original addresses Paul's particular congregation; this full verse encourages mutual support.,https://ebible.org/Scriptures/fraLSG_usfx.zip
replacement,Riveduta (1927),1 Thessalonians 2:19,"Qual è infatti la nostra speranza, o la nostra allegrezza, o la corona di cui ci gloriamo? Non siete forse voi, nel cospetto del nostro Signor Gesù quand’egli verrà?",1 Thessalonians 5:11,"Perciò, consolatevi gli uni gli altri, ed edificatevi l’un l’altro, come d’altronde già fate.",The original addresses Paul's particular congregation; this full verse encourages mutual support.,https://ebible.org/Scriptures/ita1927_usfx.zip
replacement,Reina-Valera (1909),1 Thessalonians 2:19,"Porque ¿cuál es nuestra esperanza, ó gozo, ó corona de que me gloríe? ¿No sois vosotros, delante de nuestro Señor Jesucristo en su venida?",1 Thessalonians 5:11,"Por lo cual, consolaos los unos á los otros, y edificaos los unos á los otros, así como lo hacéis.",The original addresses Paul's particular congregation; this full verse encourages mutual support.,https://ebible.org/Scriptures/spaRV1909_usfx.zip
replacement,Sathyavedapusthakam (1910),1 Thessalonians 2:19,നമ്മുടെ കൎത്താവായ യേശുവിന്റെ മുമ്പാകെ അവന്റെ പ്രത്യക്ഷതയിൽ ഞങ്ങളുടെ ആശയോ സന്തോഷമോ പ്രശംസാകിരീടമോ ആർ ആകുന്നു? നിങ്ങളും അല്ലയോ?,1 Thessalonians 5:11,ആകയാൽ നിങ്ങൾ ചെയ്തുവരുന്നതുപോലെ അന്യോന്യം പ്രബോധിപ്പിച്ചും തമ്മിൽ ആത്മിക വൎദ്ധനവരുത്തിയും പോരുവിൻ.,The original addresses Paul's particular congregation; this full verse encourages mutual support.,https://api.getbible.net/v2/mal1910.json
replacement,Ang Dating Biblia (1905),1 Thessalonians 2:19,"Sapagka't ano ang aming pagasa, o katuwaan, o putong, na ipinagmamapuri? Hindi baga kayo rin sa harapan ng ating Panginoong Jesucristo sa kaniyang pagparito?",1 Thessalonians 5:11,"Dahil dito kayo'y mangagpangaralan, at mangagpatibayan sa isa't isa sa inyo, gaya ng inyong ginagawa.",The original addresses Paul's particular congregation; this full verse encourages mutual support.,https://api.getbible.net/v2/tagalog.json
replacement,Berean Standard Bible (BSB),Philippians 2:11,"And every tongue confess that Jesus Christ is Lord, to the glory of God the Father.",Philippians 1:6,"being confident of this, that He who began a good work in you will carry it on to completion until the day of Christ Jesus.",The original is the closing clause of a longer passage; this full verse expresses confidence that God will complete His good work.,https://ebible.org/Scriptures/engbsb_usfx.zip
replacement,Bible in Basic English (BBE),Philippians 2:11,"And that every tongue may give witness that Jesus Christ is Lord, to the glory of God the Father.",Philippians 1:6,"For I am certain of this very thing, that he by whom the good work was started in you will make it complete till the day of Jesus Christ:",The original is the closing clause of a longer passage; this full verse expresses confidence that God will complete His good work.,https://ebible.org/Scriptures/engBBE_usfx.zip
replacement,King James Version (KJV),Philippians 2:11,"And that every tongue should confess that Jesus Christ is Lord, to the glory of God the Father.",Philippians 1:6,"Being confident of this very thing, that he which hath begun a good work in you will perform it until the day of Jesus Christ:",The original is the closing clause of a longer passage; this full verse expresses confidence that God will complete His good work.,https://ebible.org/Scriptures/eng-kjv2006_usfx.zip
replacement,World English Bible (WEB),Philippians 2:11,"And that every tongue should confess that Jesus Christ is Lord, to the glory of God the Father.",Philippians 1:6,"being confident of this very thing, that he who began a good work in you will complete it until the day of Jesus Christ.",The original is the closing clause of a longer passage; this full verse expresses confidence that God will complete His good work.,https://ebible.org/Scriptures/engwebu_usfx.zip
replacement,Lutherbibel (1912),Philippians 2:11,"und alle Zungen bekennen sollen, daß Jesus Christus der HERR sei, zur Ehre Gottes, des Vaters.",Philippians 1:6,"und bin desselben in guter Zuversicht, daß, der in euch angefangen hat das gute Werk, der wird's auch vollführen bis an den Tag Jesu Christi.",The original is the closing clause of a longer passage; this full verse expresses confidence that God will complete His good work.,https://ebible.org/Scriptures/deu1912_usfx.zip
replacement,Louis Segond (1910),Philippians 2:11,"et que toute langue confesse que Jésus-Christ est Seigneur, à la gloire de Dieu le Père.",Philippians 1:6,Je suis persuadé que celui qui a commencé en vous cette bonne œuvre la rendra parfaite pour le jour de Jésus-Christ.,The original is the closing clause of a longer passage; this full verse expresses confidence that God will complete His good work.,https://ebible.org/Scriptures/fraLSG_usfx.zip
replacement,Riveduta (1927),Philippians 2:11,"e ogni lingua confessi che Gesù Cristo è il Signore, alla gloria di Dio Padre.",Philippians 1:6,"avendo fiducia in questo: che Colui che ha cominciato in voi un’opera buona, la condurrà a compimento fino al giorno di Cristo Gesù.",The original is the closing clause of a longer passage; this full verse expresses confidence that God will complete His good work.,https://ebible.org/Scriptures/ita1927_usfx.zip
replacement,Reina-Valera (1909),Philippians 2:11,"Y toda lengua confiese que Jesucristo es el Señor, á la gloria de Dios Padre.",Philippians 1:6,"Estando confiado de esto, que el que comenzó en vosotros la buena obra, la perfeccionará hasta el día de Jesucristo;",The original is the closing clause of a longer passage; this full verse expresses confidence that God will complete His good work.,https://ebible.org/Scriptures/spaRV1909_usfx.zip
replacement,Sathyavedapusthakam (1910),Philippians 2:11,എല്ലാനാവും “യേശുക്രിസ്തു കൎത്താവു” എന്നു പിതാവായ ദൈവത്തിന്റെ മഹത്വത്തിന്നായി ഏറ്റുപറകയും ചെയ്യേണ്ടിവരും.,Philippians 1:4,നിങ്ങളിൽ നല്ല പ്രവൃത്തിയെ ആരംഭിച്ചവൻ യേശുക്രിസ്തുവിന്റെ നാളോളം അതിനെ തികെക്കും എന്നു ഉറപ്പായി വിശ്വസിച്ചുമിരിക്കുന്നു.,The original is the closing clause of a longer passage; this full verse expresses confidence that God will complete His good work.,https://api.getbible.net/v2/mal1910.json
replacement,Ang Dating Biblia (1905),Philippians 2:11,"At upang ipahayag ng lahat ng mga dila na si Jesucristo ay Panginoon, sa ikaluluwalhati ng Dios Ama.",Philippians 1:6,"Na ako'y may lubos na pagkakatiwala sa bagay na ito, na ang nagpasimula sa inyo ng mabuting gawa, ay lulubusin hanggang sa araw ni Jesucristo:",The original is the closing clause of a longer passage; this full verse expresses confidence that God will complete His good work.,https://api.getbible.net/v2/tagalog.json
source-correction,World English Bible (WEB),Isaiah 58:11,"And the LORD will guide you continually, satisfy your soul in dry places, and make your bones strong. You will be like a watered garden, and like a spring of water whose waters don’t fail.",Isaiah 58:11,"and the LORD will guide you continually, satisfy your soul in dry places, and make your bones strong. You will be like a watered garden, and like a spring of water whose waters don’t fail.","Match the named edition source exactly, including its verse numbering, wording, capitalization and punctuation; normalize layout whitespace only.",https://ebible.org/Scriptures/engwebu_usfx.zip
replacement,Berean Standard Bible (BSB),Jeremiah 17:8,"He is like a tree planted by the waters that sends out its roots toward the stream. It does not fear when the heat comes, and its leaves are always green. It does not worry in a year of drought, nor does it cease to produce fruit.",Psalms 92:12,"The righteous will flourish like a palm tree, and grow like a cedar in Lebanon.",Replace the long tree metaphor with a shorter full verse about the righteous flourishing.,https://ebible.org/Scriptures/engbsb_usfx.zip
replacement,Bible in Basic English (BBE),Jeremiah 17:8,"For he will be like a tree planted by the waters, pushing out its roots by the stream; he will have no fear when the heat comes, but his leaf will be green; in a dry year he will have no care, and will go on giving fruit.",Psalms 92:12,The good man will be like a tall tree in his strength; his growth will be as the wide-stretching trees of Lebanon.,Replace the long tree metaphor with a shorter full verse about the righteous flourishing.,https://ebible.org/Scriptures/engBBE_usfx.zip
replacement,King James Version (KJV),Jeremiah 17:8,"For he shall be as a tree planted by the waters, and that spreadeth out her roots by the river, and shall not see when heat cometh, but her leaf shall be green; and shall not be careful in the year of drought, neither shall cease from yielding fruit.",Psalms 92:12,The righteous shall flourish like the palm tree: he shall grow like a cedar in Lebanon.,Replace the long tree metaphor with a shorter full verse about the righteous flourishing.,https://ebible.org/Scriptures/eng-kjv2006_usfx.zip
replacement,World English Bible (WEB),Jeremiah 17:8,"For he will be as a tree planted by the waters, who spreads out its roots by the river, and will not fear when heat comes, but its leaf will be green, and will not be concerned in the year of drought. It won’t cease from yielding fruit.",Psalms 92:12,The righteous shall flourish like the palm tree. He will grow like a cedar in Lebanon.,Replace the long tree metaphor with a shorter full verse about the righteous flourishing.,https://ebible.org/Scriptures/engwebu_usfx.zip
replacement,Lutherbibel (1912),Jeremiah 17:8,"Der ist wie ein Baum, am Wasser gepflanzt und am Bach gewurzelt. Denn obgleich eine Hitze kommt, fürchtet er sich doch nicht, sondern seine Blätter bleiben grün, und sorgt nicht, wenn ein dürres Jahr kommt sondern er bringt ohne Aufhören Früchte.",Psalms 92:13,Der Gerechte wird grünen wie ein Palmbaum; er wird wachsen wie eine Zeder auf dem Libanon.,Replace the long tree metaphor with a shorter full verse about the righteous flourishing.,https://ebible.org/Scriptures/deu1912_usfx.zip
replacement,Louis Segond (1910),Jeremiah 17:8,"Il est comme un arbre planté près des eaux, Et qui étend ses racines vers le courant; Il n’aperçoit point la chaleur quand elle vient, Et son feuillage reste vert; Dans l’année de la sécheresse, il n’a point de crainte, Et il ne cesse de porter du fruit.",Psalms 92:13,"Les justes croissent comme le palmier, Ils s’élèvent comme le cèdre du Liban.",Replace the long tree metaphor with a shorter full verse about the righteous flourishing.,https://ebible.org/Scriptures/fraLSG_usfx.zip
replacement,Riveduta (1927),Jeremiah 17:8,"Egli è come un albero piantato presso all’acque, che distende le sue radici lungo il fiume; non s’accorge quando vien la caldura, e il suo fogliame riman verde; nell’anno della siccità non è in affanno, e non cessa di portar frutto.",Psalms 92:12,"Il giusto fiorirà come la palma, crescerà come il cedro sul Libano.",Replace the long tree metaphor with a shorter full verse about the righteous flourishing.,https://ebible.org/Scriptures/ita1927_usfx.zip
replacement,Reina-Valera (1909),Jeremiah 17:8,"Porque él será como el árbol plantado junto á las aguas, que junto á la corriente echará sus raices, y no verá cuando viniere el calor, sino que su hoja estará verde; y en el año de sequía no se fatigará, ni dejará de hacer fruto.",Psalms 92:12,El justo florecerá como la palma: crecerá como cedro en el Líbano.,Replace the long tree metaphor with a shorter full verse about the righteous flourishing.,https://ebible.org/Scriptures/spaRV1909_usfx.zip
replacement,Sathyavedapusthakam (1910),Jeremiah 17:8,അവൻ വെള്ളത്തിന്നരികെ നട്ടിരിക്കുന്നതും ആറ്റരികെ വേരൂന്നിയിരിക്കുന്നതുമായ വൃക്ഷംപോലെയാകും; ഉഷ്ണം തട്ടുമ്പോൾ അതു പേടിക്കയില്ല; അതിന്റെ ഇല പച്ചയായിരിക്കും; വരൾച്ചയുള്ള കാലത്തും വാട്ടം തട്ടാതെ ഫലം കായിച്ചുകൊണ്ടിരിക്കും.,Psalms 92:12,നീതിമാൻ പനപോലെ തഴെക്കും; ലെബാനോനിലെ ദേവദാരുപോലെ വളരും.,Replace the long tree metaphor with a shorter full verse about the righteous flourishing.,https://api.getbible.net/v2/mal1910.json
replacement,Ang Dating Biblia (1905),Jeremiah 17:8,"Sapagka't siya'y magiging parang punong kahoy na itinanim sa tabi ng tubig, at naguugat sa tabi ng ilog, at hindi matatakot pagka ang init ay dumarating, kundi ang kaniyang dahon ay magiging sariwa; at hindi mababalisa sa taon ng pagkatuyu, o maglilikat man ng pagbubunga.",Psalms 92:12,Ang matuwid ay giginhawa na parang puno ng palma. Siya'y tutubo na parang cedro sa Libano.,Replace the long tree metaphor with a shorter full verse about the righteous flourishing.,https://api.getbible.net/v2/tagalog.json
source-correction,Berean Standard Bible (BSB),Habakkuk 3:18,Yet I will exult in the LORD; I will rejoice in the God of my salvation!,Habakkuk 3:18,yet I will exult in the LORD; I will rejoice in the God of my salvation!,"Match the named edition source exactly, including its verse numbering, wording, capitalization and punctuation; normalize layout whitespace only.",https://ebible.org/Scriptures/engbsb_usfx.zip
source-correction,World English Bible (WEB),Habakkuk 3:18,Yet I will rejoice in the LORD. I will be joyful in the God of my salvation!,Habakkuk 3:18,yet I will rejoice in the LORD. I will be joyful in the God of my salvation!,"Match the named edition source exactly, including its verse numbering, wording, capitalization and punctuation; normalize layout whitespace only.",https://ebible.org/Scriptures/engwebu_usfx.zip
replacement,Berean Standard Bible (BSB),Romans 10:1,"Brothers, my heart’s desire and prayer to God for the Israelites is for their salvation.",Romans 12:10,Be devoted to one another in brotherly love. Outdo yourselves in honoring one another.,Replace a prayer specifically about Israel with a full verse about love and honoring others.,https://ebible.org/Scriptures/engbsb_usfx.zip
replacement,Bible in Basic English (BBE),Romans 10:1,"Brothers, my heart's desire and my prayer to God for them is, that they may get salvation.",Romans 12:10,"Be kind to one another with a brother's love, putting others before yourselves in honour;",Replace a prayer specifically about Israel with a full verse about love and honoring others.,https://ebible.org/Scriptures/engBBE_usfx.zip
replacement,King James Version (KJV),Romans 10:1,"Brethren, my heart's desire and prayer to God for Israel is, that they might be saved.",Romans 12:10,Be kindly affectioned one to another with brotherly love; in honour preferring one another;,Replace a prayer specifically about Israel with a full verse about love and honoring others.,https://ebible.org/Scriptures/eng-kjv2006_usfx.zip
replacement,World English Bible (WEB),Romans 10:1,"Brothers, my heart’s desire and my prayer to God is for Israel, that they may be saved.",Romans 12:10,"In love of the brothers be tenderly affectionate to one another; in honor prefer one another,",Replace a prayer specifically about Israel with a full verse about love and honoring others.,https://ebible.org/Scriptures/engwebu_usfx.zip
replacement,Lutherbibel (1912),Romans 10:1,"Liebe Brüder, meines Herzens Wunsch ist, und ich flehe auch zu Gott für Israel, daß sie selig werden.",Romans 12:10,Die brüderliche Liebe untereinander sei herzlich. Einer komme dem andern mit Ehrerbietung zuvor.,Replace a prayer specifically about Israel with a full verse about love and honoring others.,https://ebible.org/Scriptures/deu1912_usfx.zip
replacement,Louis Segond (1910),Romans 10:1,"Frères, le vœu de mon cœur et ma prière à Dieu pour eux, c’est qu’ils soient sauvés.",Romans 12:10,"Par amour fraternel, soyez pleins d’affection les uns pour les autres; par honneur, usez de prévenances réciproques.",Replace a prayer specifically about Israel with a full verse about love and honoring others.,https://ebible.org/Scriptures/fraLSG_usfx.zip
replacement,Riveduta (1927),Romans 10:1,"Fratelli, il desiderio del mio cuore e la mia preghiera a Dio per loro è che siano salvati.",Romans 12:10,"Quanto all’amor fraterno, siate pieni d’affezione gli uni per gli altri; quanto all’onore, prevenitevi gli uni gli altri;",Replace a prayer specifically about Israel with a full verse about love and honoring others.,https://ebible.org/Scriptures/ita1927_usfx.zip
replacement,Reina-Valera (1909),Romans 10:1,"HERMANOS, ciertamente la voluntad de mi corazón y mi oración á Dios sobre Israel, es para salud.",Romans 12:10,Amándoos los unos á los otros con caridad fraternal; previniéndoos con honra los unos á los otros;,Replace a prayer specifically about Israel with a full verse about love and honoring others.,https://ebible.org/Scriptures/spaRV1909_usfx.zip
replacement,Sathyavedapusthakam (1910),Romans 10:1,"സഹോദരന്മാരേ, അവർ രക്ഷിക്കപ്പെടേണം എന്നു തന്നേ എന്റെ ഹൃദയവാഞ്ഛയും അവൎക്കുവേണ്ടി ദൈവത്തോടുള്ള യാചനയും ആകുന്നു.",Romans 12:10,സഹോദരപ്രീതിയിൽ തമ്മിൽ സ്ഥായിപൂണ്ടു ബഹുമാനിക്കുന്നതിൽ അന്യോന്യം മുന്നിട്ടു കൊൾവിൻ.,Replace a prayer specifically about Israel with a full verse about love and honoring others.,https://api.getbible.net/v2/mal1910.json
replacement,Ang Dating Biblia (1905),Romans 10:1,"Mga kapatid, ang nais ng aking puso at ang aking panalangin sa Dios ay patungkol sa kanila, upang sila'y mangaligtas.",Romans 12:10,Sa pagibig sa mga kapatid ay mangagmahalan kayo; sa kapurihan ay ipagpauna ng isa't isa ang iba;,Replace a prayer specifically about Israel with a full verse about love and honoring others.,https://api.getbible.net/v2/tagalog.json
replacement,Berean Standard Bible (BSB),Romans 15:6,So that with one mind and one voice you may glorify the God and Father of our Lord Jesus Christ.,Romans 15:4,"For everything that was written in the past was written for our instruction, so that through endurance and the encouragement of the Scriptures, we might have hope.","The original is a dependent 'so that' clause; this full verse connects Scripture, endurance and hope.",https://ebible.org/Scriptures/engbsb_usfx.zip
replacement,Bible in Basic English (BBE),Romans 15:6,So that with one mouth you may give glory to the God and Father of our Lord Jesus Christ.,Romans 15:4,"Now those things which were put down in writing before our time were for our learning, so that through quiet waiting and through the comfort of the holy Writings we might have hope.","The original is a dependent 'so that' clause; this full verse connects Scripture, endurance and hope.",https://ebible.org/Scriptures/engBBE_usfx.zip
replacement,King James Version (KJV),Romans 15:6,"That ye may with one mind and one mouth glorify God, even the Father of our Lord Jesus Christ.",Romans 15:4,"For whatsoever things were written aforetime were written for our learning, that we through patience and comfort of the scriptures might have hope.","The original is a dependent 'so that' clause; this full verse connects Scripture, endurance and hope.",https://ebible.org/Scriptures/eng-kjv2006_usfx.zip
replacement,World English Bible (WEB),Romans 15:6,That with one accord you may with one mouth glorify the God and Father of our Lord Jesus Christ.,Romans 15:4,"For whatever things were written before were written for our learning, that through perseverance and through encouragement of the Scriptures we might have hope.","The original is a dependent 'so that' clause; this full verse connects Scripture, endurance and hope.",https://ebible.org/Scriptures/engwebu_usfx.zip
replacement,Lutherbibel (1912),Romans 15:6,auf daß ihr einmütig mit einem Munde lobet Gott und den Vater unseres HERRN Jesu Christi.,Romans 15:4,"Was aber zuvor geschrieben ist, das ist uns zur Lehre geschrieben, auf daß wir durch Geduld und Trost der Schrift Hoffnung haben.","The original is a dependent 'so that' clause; this full verse connects Scripture, endurance and hope.",https://ebible.org/Scriptures/deu1912_usfx.zip
replacement,Louis Segond (1910),Romans 15:6,"afin que tous ensemble, d’une seule bouche, vous glorifiiez le Dieu et Père de notre Seigneur Jésus-Christ.",Romans 15:4,"Or, tout ce qui a été écrit d’avance l’a été pour notre instruction, afin que, par la patience, et par la consolation que donnent les Écritures, nous possédions l’espérance.","The original is a dependent 'so that' clause; this full verse connects Scripture, endurance and hope.",https://ebible.org/Scriptures/fraLSG_usfx.zip
replacement,Riveduta (1927),Romans 15:6,"affinché d’un solo animo e d’una stessa bocca glorifichiate Iddio, il Padre del nostro Signor Gesù Cristo.",Romans 15:4,"Perché tutto quello che fu scritto per l’addietro, fu scritto per nostro ammaestramento, affinché mediante la pazienza e mediante la consolazione delle Scritture noi riteniamo la speranza.","The original is a dependent 'so that' clause; this full verse connects Scripture, endurance and hope.",https://ebible.org/Scriptures/ita1927_usfx.zip
replacement,Reina-Valera (1909),Romans 15:6,"Para que concordes, á una boca glorifiquéis al Dios y Padre de nuestro Señor Jesucristo.",Romans 15:4,"Porque las cosas que antes fueron escritas, para nuestra enseñanza fueron escritas; para que por la paciencia, y por la consolación de las Escrituras, tengamos esperanza.","The original is a dependent 'so that' clause; this full verse connects Scripture, endurance and hope.",https://ebible.org/Scriptures/spaRV1909_usfx.zip
replacement,Sathyavedapusthakam (1910),Romans 15:6,സ്ഥിരതയും ആശ്വാസവും നല്കുന്ന ദൈവം നിങ്ങൾക്കു ക്രിസ്തുയേശുവിന്നു അനുരൂപമായി തമ്മിൽ ഏകചിന്തയോടിരിപ്പാൻ കൃപ നല്കുമാറാകട്ടെ.,Romans 15:4,"എന്നാൽ മുന്നെഴുതിയിരിക്കുന്നതു ഒക്കെയും നമ്മുടെ ഉപദേശത്തിന്നായിട്ടു, നമുക്കു തിരുവെഴുത്തുകളാൽ ഉളവാകുന്ന സ്ഥിരതയാലും ആശ്വാസത്താലും പ്രത്യാശ ഉണ്ടാകേണ്ടതിന്നു തന്നേ എഴുതിയിരിക്കുന്നു.","The original is a dependent 'so that' clause; this full verse connects Scripture, endurance and hope.",https://api.getbible.net/v2/mal1910.json
replacement,Ang Dating Biblia (1905),Romans 15:6,Upang kayo na may isang pagiisip sa pamamagitan ng isang bibig ay luwalhatiin ninyo ang Dios at Ama ng ating Panginoong Jesucristo.,Romans 15:4,"Sapagka't ang anomang mga bagay na isinulat nang una ay nangasulat dahil sa ikatututo natin, upang sa pamamagitan ng pagtitiis at pagaliw ng mga kasulatan ay mangagkaroon tayo ng pagasa.","The original is a dependent 'so that' clause; this full verse connects Scripture, endurance and hope.",https://api.getbible.net/v2/tagalog.json
source-correction,Berean Standard Bible (BSB),Romans 10:13,"For, “Everyone who calls on the name of the Lord will be saved.”",Romans 10:13,"for, “Everyone who calls on the name of the Lord will be saved.”","Match the named edition source exactly, including its verse numbering, wording, capitalization and punctuation; normalize layout whitespace only.",https://ebible.org/Scriptures/engbsb_usfx.zip
replacement,Berean Standard Bible (BSB),Isaiah 30:15,"For the Lord GOD, the Holy One of Israel, has said: “By repentance and rest you would be saved; your strength would lie in quiet confidence— but you were not willing.”",Isaiah 32:17,The work of righteousness will be peace; the service of righteousness will be quiet confidence forever.,The original ends by rebuking an unwilling people; this full verse expresses the peace associated with righteousness.,https://ebible.org/Scriptures/engbsb_usfx.zip
replacement,Bible in Basic English (BBE),Isaiah 30:15,"For the Lord, the Holy One of Israel, said, In quiet and rest is your salvation: peace and hope are your strength: but you would not have it so.",Isaiah 32:17,And the work of righteousness will be peace; and the effect of an upright rule will be to take away fear for ever.,The original ends by rebuking an unwilling people; this full verse expresses the peace associated with righteousness.,https://ebible.org/Scriptures/engBBE_usfx.zip
replacement,King James Version (KJV),Isaiah 30:15,"For thus saith the Lord GOD, the Holy One of Israel; In returning and rest shall ye be saved; in quietness and in confidence shall be your strength: and ye would not.",Isaiah 32:17,And the work of righteousness shall be peace; and the effect of righteousness quietness and assurance for ever.,The original ends by rebuking an unwilling people; this full verse expresses the peace associated with righteousness.,https://ebible.org/Scriptures/eng-kjv2006_usfx.zip
replacement,World English Bible (WEB),Isaiah 30:15,"For thus said the Lord GOD, the Holy One of Israel, “You will be saved in returning and rest. Your strength will be in quietness and in confidence.” You refused,",Isaiah 32:17,"The work of righteousness will be peace, and the effect of righteousness, quietness and confidence forever.",The original ends by rebuking an unwilling people; this full verse expresses the peace associated with righteousness.,https://ebible.org/Scriptures/engwebu_usfx.zip
replacement,Lutherbibel (1912),Isaiah 30:15,"Denn so spricht der Herr HERR, der Heilige in Israel: Wenn ihr umkehrtet und stillebliebet, so würde euch geholfen; durch Stillesein und Hoffen würdet ihr stark sein. Aber ihr wollt nicht",Isaiah 32:17,"und der Gerechtigkeit Frucht wird Friede sein, und der Gerechtigkeit Nutzen wird ewige Stille und Sicherheit sein,",The original ends by rebuking an unwilling people; this full verse expresses the peace associated with righteousness.,https://ebible.org/Scriptures/deu1912_usfx.zip
replacement,Louis Segond (1910),Isaiah 30:15,"Car ainsi a parlé le Seigneur, l’Éternel, le Saint d’Israël: C’est dans la tranquillité et le repos que sera votre salut, C’est dans le calme et la confiance que sera votre force. Mais vous ne l’avez pas voulu!",Isaiah 32:17,"L’œuvre de la justice sera la paix, Et le fruit de la justice le repos et la sécurité pour toujours.",The original ends by rebuking an unwilling people; this full verse expresses the peace associated with righteousness.,https://ebible.org/Scriptures/fraLSG_usfx.zip
replacement,Riveduta (1927),Isaiah 30:15,"Poiché così avea detto il Signore, l’Eterno, il Santo d’Israele: Nel tornare a me e nel tenervi in riposo starà la vostra salvezza; nella calma e nella fiducia starà la vostra forza; ma voi non l’avete voluto!",Isaiah 32:17,"Il frutto della giustizia sarà la pace, e l’effetto della giustizia, tranquillità e sicurezza per sempre.",The original ends by rebuking an unwilling people; this full verse expresses the peace associated with righteousness.,https://ebible.org/Scriptures/ita1927_usfx.zip
replacement,Reina-Valera (1909),Isaiah 30:15,"Porque así dijo el Señor Jehová, el Santo de Israel: En descanso y en reposo seréis salvos; en quietud y en confianza será vuestra fortaleza. Y no quisisteis,",Isaiah 32:17,"Y el efecto de la justicia será paz; y la labor de justicia, reposo y seguridad para siempre.",The original ends by rebuking an unwilling people; this full verse expresses the peace associated with righteousness.,https://ebible.org/Scriptures/spaRV1909_usfx.zip
replacement,Sathyavedapusthakam (1910),Isaiah 30:15,യിസ്രായേലിന്റെ പരിശുദ്ധനായി യഹോവയായ കൎത്താവു ഇപ്രകാരം അരുളിച്ചെയ്യുന്നു: മനംതിരിഞ്ഞു അടങ്ങിയിരുന്നാൽ നിങ്ങൾ രക്ഷിക്കപ്പെടും. വിശ്രമിക്കുന്നതിലും ആശ്രയിക്കുന്നതിലും നിങ്ങളുടെ ബലം; എങ്കിലും നിങ്ങൾക്കു മനസ്സാകാതെ: അല്ല;,Isaiah 32:17,നീതിയുടെ പ്രവൃത്തി സമാധാനവും നീതിയുടെ ഫലം ശാശ്വതവിശ്രാമവും നിൎഭയതയും ആയിരിക്കും.,The original ends by rebuking an unwilling people; this full verse expresses the peace associated with righteousness.,https://api.getbible.net/v2/mal1910.json
replacement,Ang Dating Biblia (1905),Isaiah 30:15,"Sapagka't ganito ang sabi ng Panginoong Dios, ng Banal ng Israel, Sa pagbabalik at sa pagpapahinga ay matitiwasay kayo; sa katahimikan at sa pagasa ay magiging ang inyong lakas. At hindi ninyo inibig.",Isaiah 32:17,At ang gawain ng katuwiran ay magiging kapayapaan; at ang bunga ng katuwiran ay katahimikan at pagkakatiwala kailan man.,The original ends by rebuking an unwilling people; this full verse expresses the peace associated with righteousness.,https://api.getbible.net/v2/tagalog.json
replacement,Berean Standard Bible (BSB),1 Corinthians 8:6,"Yet for us there is but one God, the Father, from whom all things came and for whom we exist. And there is but one Lord, Jesus Christ, through whom all things came and through whom we exist.",1 Corinthians 16:13,Be on the alert. Stand firm in the faith. Be men of courage. Be strong.,Replace a lengthy statement with a full verse encouraging steadfast faith and courage.,https://ebible.org/Scriptures/engbsb_usfx.zip
replacement,Bible in Basic English (BBE),1 Corinthians 8:6,"There is for us only one God, the Father, of whom are all things, and we are for him; and one Lord, Jesus Christ, through whom are all things, and we have our being through him.",1 Corinthians 16:13,"Be on the watch, unmoved in the faith, and be strong like men.",Replace a lengthy statement with a full verse encouraging steadfast faith and courage.,https://ebible.org/Scriptures/engBBE_usfx.zip
replacement,King James Version (KJV),1 Corinthians 8:6,"But to us there is but one God, the Father, of whom are all things, and we in him; and one Lord Jesus Christ, by whom are all things, and we by him.",1 Corinthians 16:13,"Watch ye, stand fast in the faith, quit you like men, be strong.",Replace a lengthy statement with a full verse encouraging steadfast faith and courage.,https://ebible.org/Scriptures/eng-kjv2006_usfx.zip
replacement,World English Bible (WEB),1 Corinthians 8:6,"Yet to us there is one God, the Father, of whom are all things, and we for him; and one Lord, Jesus Christ, through whom are all things, and we live through him.",1 Corinthians 16:13,Watch! Stand firm in the faith! Be courageous! Be strong!,Replace a lengthy statement with a full verse encouraging steadfast faith and courage.,https://ebible.org/Scriptures/engwebu_usfx.zip
replacement,Lutherbibel (1912),1 Corinthians 8:6,"so haben wir doch nur einen Gott, den Vater, von welchem alle Dinge sind und wir zu ihm; und einen HERRN, Jesus Christus, durch welchen alle Dinge sind und wir durch ihn.",1 Corinthians 16:13,"Wachet, stehet im Glauben, seid männlich und seid stark!",Replace a lengthy statement with a full verse encouraging steadfast faith and courage.,https://ebible.org/Scriptures/deu1912_usfx.zip
replacement,Louis Segond (1910),1 Corinthians 8:6,"néanmoins pour nous il n’y a qu’un seul Dieu, le Père, de qui viennent toutes choses et pour qui nous sommes, et un seul Seigneur, Jésus-Christ, par qui sont toutes choses et par qui nous sommes.",1 Corinthians 16:13,"Veillez, demeurez fermes dans la foi, soyez des hommes, fortifiez-vous.",Replace a lengthy statement with a full verse encouraging steadfast faith and courage.,https://ebible.org/Scriptures/fraLSG_usfx.zip
replacement,Riveduta (1927),1 Corinthians 8:6,"nondimeno, per noi c’è un Dio solo, il Padre, dal quale sono tutte le cose, e noi per la gloria sua, e un solo Signore, Gesù Cristo, mediante il quale sono tutte le cose, e mediante il quale siam noi.",1 Corinthians 16:13,"Vegliate, state fermi nella fede, portatevi virilmente, fortificatevi.",Replace a lengthy statement with a full verse encouraging steadfast faith and courage.,https://ebible.org/Scriptures/ita1927_usfx.zip
replacement,Reina-Valera (1909),1 Corinthians 8:6,"Nosotros empero no tenemos más de un Dios, el Padre, del cual son todas las cosas, y nosotros en él: y un Señor Jesucristo, por el cual son todas las cosas, y nosotros por él.",1 Corinthians 16:13,"Velad, estad firmes en la fe; portaos varonilmente, y esforzaos.",Replace a lengthy statement with a full verse encouraging steadfast faith and courage.,https://ebible.org/Scriptures/spaRV1909_usfx.zip
replacement,Sathyavedapusthakam (1910),1 Corinthians 8:6,പിതാവായ ഏക ദൈവമേ നമുക്കുള്ളു; അവൻ സകലത്തിന്നും കാരണഭൂതനും നാം അവന്നായി ജീവിക്കേണ്ടതും ആകുന്നു. യേശുക്രിസ്തു എന്ന ഏക കൎത്താവും നമുക്കു ഉണ്ടു; അവൻ മുഖാന്തരം സകലവും അവൻ മുഖാന്തരം നാമും ആകുന്നു.,1 Corinthians 16:13,ഉണൎന്നിരിപ്പിൻ; വിശ്വാസത്തിൽ നിലനില്പിൻ; പുരുഷത്വം കാണിപ്പിൻ; ശക്തിപ്പെടുവിൻ.,Replace a lengthy statement with a full verse encouraging steadfast faith and courage.,https://api.getbible.net/v2/mal1910.json
replacement,Ang Dating Biblia (1905),1 Corinthians 8:6,"Nguni't sa ganang atin ay may isang Dios lamang, ang Ama, na buhat sa kaniya ang lahat ng mga bagay, at tayo'y sa kaniya; at isa lamang Panginoon, si Jesucristo, na sa pamamagitan niya ang lahat ng mga bagay, at tayo'y sa pamamagitan niya.",1 Corinthians 16:13,"Magsipagingat kayo, mangagpakatibay kayo sa pananampalataya, kayo'y mangagpakalalake, kayo'y mangagpakalakas.",Replace a lengthy statement with a full verse encouraging steadfast faith and courage.,https://api.getbible.net/v2/tagalog.json
replacement,Berean Standard Bible (BSB),Philemon 1:25,The grace of the Lord Jesus Christ be with your spirit.,2 Thessalonians 3:16,Now may the Lord of peace Himself give you peace at all times and in every way. The Lord be with all of you.,Replace another repeated grace salutation with a complete blessing of peace.,https://ebible.org/Scriptures/engbsb_usfx.zip
replacement,Bible in Basic English (BBE),Philemon 1:25,The grace of our Lord Jesus Christ be with your spirit. So be it.,2 Thessalonians 3:16,Now the Lord of peace himself give you peace at all times and in every way. May the Lord be with you all.,Replace another repeated grace salutation with a complete blessing of peace.,https://ebible.org/Scriptures/engBBE_usfx.zip
replacement,King James Version (KJV),Philemon 1:25,The grace of our Lord Jesus Christ be with your spirit. Amen.,2 Thessalonians 3:16,Now the Lord of peace himself give you peace always by all means. The Lord be with you all.,Replace another repeated grace salutation with a complete blessing of peace.,https://ebible.org/Scriptures/eng-kjv2006_usfx.zip
replacement,World English Bible (WEB),Philemon 1:25,The grace of our Lord Jesus Christ be with your spirit. Amen.,2 Thessalonians 3:16,Now may the Lord of peace himself give you peace at all times in all ways. The Lord be with you all.,Replace another repeated grace salutation with a complete blessing of peace.,https://ebible.org/Scriptures/engwebu_usfx.zip
replacement,Lutherbibel (1912),Philemon 1:25,Die Gnade unsers HERRN Jesu Christi sei mit eurem Geist! Amen.,2 Thessalonians 3:16,"Er aber, der HERR des Friedens, gebe euch Frieden allenthalben und auf allerlei Weise. Der HERR sei mit euch allen!",Replace another repeated grace salutation with a complete blessing of peace.,https://ebible.org/Scriptures/deu1912_usfx.zip
replacement,Louis Segond (1910),Philemon 1:25,Que la grâce de notre Seigneur Jésus-Christ soit avec votre esprit!,2 Thessalonians 3:16,"Que le Seigneur de la paix vous donne lui-même la paix en tout temps, de toute manière! Que le Seigneur soit avec vous tous!",Replace another repeated grace salutation with a complete blessing of peace.,https://ebible.org/Scriptures/fraLSG_usfx.zip
replacement,Riveduta (1927),Philemon 1:25,La grazia del Signor Gesù Cristo sia con lo spirito vostro.,2 Thessalonians 3:16,Or il Signore della pace vi dia egli stesso del continuo la pace in ogni maniera. Il Signore sia con tutti voi.,Replace another repeated grace salutation with a complete blessing of peace.,https://ebible.org/Scriptures/ita1927_usfx.zip
replacement,Reina-Valera (1909),Philemon 1:25,"La gracia de nuestro Señor Jesucristo sea con vuestro espíritu. Amén. A Filemón fué enviada de Roma por Onésimo, siervo.",2 Thessalonians 3:16,Y el mismo Señor de paz os dé siempre paz en toda manera. El Señor sea con todos vosotros.,Replace another repeated grace salutation with a complete blessing of peace.,https://ebible.org/Scriptures/spaRV1909_usfx.zip
replacement,Sathyavedapusthakam (1910),Philemon 1:25,നമ്മുടെ കൎത്താവായ യേശുക്രിസ്തുവിന്റെ കൃപ നിങ്ങളുടെ ആത്മാവോടുകൂടെ ഇരിക്കുമാറാകട്ടെ. ആമേൻ.,2 Thessalonians 3:16,സമാധാനത്തിന്റെ കൎത്താവായവൻ താൻ നിങ്ങൾക്കു എല്ലായ്പോഴും സകലവിധത്തിലും സമാധാനം നല്കുമാറാകട്ടെ; കൎത്താവു നിങ്ങളെല്ലാവരോടും കൂടെ ഇരിക്കുമാറാകട്ടെ.,Replace another repeated grace salutation with a complete blessing of peace.,https://api.getbible.net/v2/mal1910.json
replacement,Ang Dating Biblia (1905),Philemon 1:25,Ang biyaya ng ating Panginoong Jesucristo ay sumainyo nawang espiritu. Siya nawa.,2 Thessalonians 3:16,Ngayon ang Panginoon din ng kapayapaan ay magbigay nawa sa inyo ng kapayapaan sa buong panahon at sa lahat ng paraan. Ang Panginoon ay sumainyo nawang lahat.,Replace another repeated grace salutation with a complete blessing of peace.,https://api.getbible.net/v2/tagalog.json
source-correction,Sathyavedapusthakam (1910),1 John 1:9,നമ്മുടെ പാപങ്ങളെ ഏറ്റുപറയുന്നു എങ്കിൽ അവൻ നമ്മോടു പാപങ്ങളെ ക്ഷമിച്ചു സകല അനീതിയും പോക്കി നമ്മെ ശുദ്ധീകരിപ്പാൻ തക്കവണ്ണം വിശ്വസ്തനും നീതിമാനും ആകുന്നു.,1 John 1:9,നമ്മുടെ പാപങ്ങളെ ഏറ്റുപറയുന്നു എങ്കിൽ അവൻ നമ്മോടു പാപങ്ങളെ ക്ഷമിച്ചു സകലഅനീതിയും പോക്കി നമ്മെ ശുദ്ധീകരിപ്പാൻ തക്കവണ്ണം വിശ്വസ്തനും നീതിമാനും ആകുന്നു.,"Match the named edition source exactly, including its verse numbering, wording, capitalization and punctuation; normalize layout whitespace only.",https://api.getbible.net/v2/mal1910.json
replacement,Berean Standard Bible (BSB),Isaiah 25:9,"And in that day it will be said, “Surely this is our God; we have waited for Him, and He has saved us. This is the LORD for whom we have waited. Let us rejoice and be glad in His salvation.”",Isaiah 40:8,"The grass withers and the flowers fall, but the word of our God stands forever.”",Replace a long declaration with a complete affirmation that God's word endures.,https://ebible.org/Scriptures/engbsb_usfx.zip
replacement,Bible in Basic English (BBE),Isaiah 25:9,"And in that day it will be said, See, this is our God; we have been waiting for him, and he will be our saviour: this is the Lord in whom is our hope; we will be glad and have delight in his salvation.",Isaiah 40:8,"The grass is dry, the flower is dead; but the word of our God is eternal.",Replace a long declaration with a complete affirmation that God's word endures.,https://ebible.org/Scriptures/engBBE_usfx.zip
replacement,King James Version (KJV),Isaiah 25:9,"And it shall be said in that day, Lo, this is our God; we have waited for him, and he will save us: this is the LORD; we have waited for him, we will be glad and rejoice in his salvation.",Isaiah 40:8,"The grass withereth, the flower fadeth: but the word of our God shall stand for ever.",Replace a long declaration with a complete affirmation that God's word endures.,https://ebible.org/Scriptures/eng-kjv2006_usfx.zip
replacement,World English Bible (WEB),Isaiah 25:9,"It shall be said in that day, “Behold, this is our God! We have waited for him, and he will save us! This is the LORD! We have waited for him. We will be glad and rejoice in his salvation!”",Isaiah 40:8,"The grass withers, the flower fades; but the word of our God stands forever.”",Replace a long declaration with a complete affirmation that God's word endures.,https://ebible.org/Scriptures/engwebu_usfx.zip
replacement,Lutherbibel (1912),Isaiah 25:9,"Zu der Zeit wird man sagen: Siehe, das ist unser Gott, auf den wir harren, und er wird uns helfen; das ist der HERR auf den wir harren, daß wir uns freuen und fröhlich seien in seinem Heil.",Isaiah 40:8,"Das Gras verdorrt, die Blume verwelkt; aber das Wort unsres Gottes bleibt ewiglich.",Replace a long declaration with a complete affirmation that God's word endures.,https://ebible.org/Scriptures/deu1912_usfx.zip
replacement,Louis Segond (1910),Isaiah 25:9,"En ce jour l’on dira: Voici, c’est notre Dieu, en qui nous avons confiance, Et c’est lui qui nous sauve; C’est l’Éternel, en qui nous avons confiance; Soyons dans l’allégresse, et réjouissons-nous de son salut!",Isaiah 40:8,"L’herbe sèche, la fleur tombe; Mais la parole de notre Dieu subsiste éternellement.",Replace a long declaration with a complete affirmation that God's word endures.,https://ebible.org/Scriptures/fraLSG_usfx.zip
replacement,Riveduta (1927),Isaiah 25:9,"In quel giorno, si dirà: “Ecco, questo è il nostro Dio: in lui abbiamo sperato, ed egli ci ha salvati. Questo è l’Eterno in cui abbiamo sperato; esultiamo, rallegriamoci per la sua salvezza!”",Isaiah 40:8,"L’erba si secca, il fiore appassisce, ma la parola del nostro Dio sussiste in eterno”.",Replace a long declaration with a complete affirmation that God's word endures.,https://ebible.org/Scriptures/ita1927_usfx.zip
replacement,Reina-Valera (1909),Isaiah 25:9,"Y se dirá en aquel día: He aquí éste es nuestro Dios, le hemos esperado, y nos salvará: éste es Jehová á quien hemos esperado, nos gozaremos y nos alegraremos en su salud.",Isaiah 40:8,"Sécase la hierba, cáese la flor: mas la palabra del Dios nuestro permanece para siempre.",Replace a long declaration with a complete affirmation that God's word endures.,https://ebible.org/Scriptures/spaRV1909_usfx.zip
replacement,Sathyavedapusthakam (1910),Isaiah 25:9,"അന്നാളിൽ: ഇതാ, നമ്മുടെ ദൈവം; അവനെയത്രേ നാം കാത്തിരുന്നതു; അവൻ നമ്മെ രക്ഷിക്കും; അവൻ തന്നേ യഹോവ; അവനെയത്രേ നാം കാത്തിരുന്നതു; അവന്റെ രക്ഷയിൽ നമുക്കു ആനന്ദിച്ചു സന്തോഷിക്കാം എന്നു അവർ പറയും.",Isaiah 40:8,"പുല്ലുണങ്ങുന്നു, പൂ വാടുന്നു; നമ്മുടെ ദൈവത്തിന്റെ വചനമോ എന്നേക്കും നിലനില്ക്കും.",Replace a long declaration with a complete affirmation that God's word endures.,https://api.getbible.net/v2/mal1910.json
replacement,Ang Dating Biblia (1905),Isaiah 25:9,"At sasabihin sa araw na yaon, Narito, ito'y ating Dios; hinintay natin siya, at ililigtas niya tayo: ito ang Panginoon; ating hinintay siya, tayo'y matutuwa at magagalak sa kaniyang pagliligtas.",Isaiah 40:8,"Ang damo ay natutuyo, ang bulaklak ay nalalanta; nguni't ang salita ng ating Dios ay mamamalagi magpakailan man.",Replace a long declaration with a complete affirmation that God's word endures.,https://api.getbible.net/v2/tagalog.json
replacement,Berean Standard Bible (BSB),Psalms 108:7,God has spoken from His sanctuary: “I will triumph! I will parcel out Shechem and apportion the Valley of Succoth.,Psalms 33:21,"For our hearts rejoice in Him, since we trust in His holy name.",The original refers to dividing named territories; this full verse clearly expresses joy and trust in God.,https://ebible.org/Scriptures/engbsb_usfx.zip
replacement,Bible in Basic English (BBE),Psalms 108:7,"This is the word of the holy God: I will be glad; I will make Shechem a heritage, measuring out the valley of Succoth.",Psalms 33:21,For in him our hearts have joy; in his holy name is our hope.,The original refers to dividing named territories; this full verse clearly expresses joy and trust in God.,https://ebible.org/Scriptures/engBBE_usfx.zip
replacement,King James Version (KJV),Psalms 108:7,"God hath spoken in his holiness; I will rejoice, I will divide Shechem, and mete out the valley of Succoth.",Psalms 33:21,"For our heart shall rejoice in him, because we have trusted in his holy name.",The original refers to dividing named territories; this full verse clearly expresses joy and trust in God.,https://ebible.org/Scriptures/eng-kjv2006_usfx.zip
replacement,World English Bible (WEB),Psalms 108:7,"God has spoken from his sanctuary: “In triumph, I will divide Shechem, and measure out the valley of Succoth.",Psalms 33:21,"For our heart rejoices in him, because we have trusted in his holy name.",The original refers to dividing named territories; this full verse clearly expresses joy and trust in God.,https://ebible.org/Scriptures/engwebu_usfx.zip
replacement,Lutherbibel (1912),Psalms 108:7,"Gott redete in seinem Heiligtum, des bin ich froh, und will Sichem teilen und das Tal Sukkoth abmessen.",Psalms 33:21,"Denn unser Herz freut sich sein, und wir trauen auf seinen heiligen Namen.",The original refers to dividing named territories; this full verse clearly expresses joy and trust in God.,https://ebible.org/Scriptures/deu1912_usfx.zip
replacement,Louis Segond (1910),Psalms 108:7,"Afin que tes bien-aimés soient délivrés, Sauve par ta droite, et exauce-nous!",Psalms 33:21,"Car notre cœur met en lui sa joie, Car nous avons confiance en son saint nom.",The original refers to dividing named territories; this full verse clearly expresses joy and trust in God.,https://ebible.org/Scriptures/fraLSG_usfx.zip
replacement,Riveduta (1927),Psalms 108:7,"Iddio ha parlato nella sua santità: Io trionferò, spartirò Sichem e misurerò la valle di Succot.",Psalms 33:21,"In lui, certo, si rallegrerà il cuor nostro, perché abbiam confidato nel nome della sua santità.",The original refers to dividing named territories; this full verse clearly expresses joy and trust in God.,https://ebible.org/Scriptures/ita1927_usfx.zip
replacement,Reina-Valera (1909),Psalms 108:7,"Dios habló por su santuario: alegraréme, repartiré á Sichêm, y mediré el valle de Succoth.",Psalms 33:21,"Por tanto en él se alegrará nuestro corazón, porque en su santo nombre hemos confiado.",The original refers to dividing named territories; this full verse clearly expresses joy and trust in God.,https://ebible.org/Scriptures/spaRV1909_usfx.zip
replacement,Sathyavedapusthakam (1910),Psalms 108:7,ദൈവം തന്റെ വിശുദ്ധിയിൽ അരുളിച്ചെയ്തതുകൊണ്ടു ഞാൻ ആനന്ദിക്കും; ഞാൻ ശെഖേമിനെ വിഭാഗിച്ചു സുക്കോത്ത് താഴ്വരയെ അളക്കും.,Psalms 33:21,അവന്റെ വിശുദ്ധനാമത്തിൽ നാം ആശ്രയിക്കയാൽ നമ്മുടെ ഹൃദയം അവനിൽ സന്തോഷിക്കും.,The original refers to dividing named territories; this full verse clearly expresses joy and trust in God.,https://api.getbible.net/v2/mal1910.json
replacement,Ang Dating Biblia (1905),Psalms 108:7,"Nagsalita ang Dios sa kaniyang kabanalan; ako'y magsasaya: aking hahatiin ang Sichem, at susukatin ko ang libis ng Sucoth.",Psalms 33:21,"Sapagka't ang aming puso ay magagalak sa kaniya, sapagka't kami ay nagsitiwala sa kaniyang banal na pangalan.",The original refers to dividing named territories; this full verse clearly expresses joy and trust in God.,https://api.getbible.net/v2/tagalog.json
replacement,Berean Standard Bible (BSB),Psalms 109:20,"May this be the LORD’s reward to my accusers, to those who speak evil against me.",Psalms 33:22,"May Your loving devotion rest on us, O LORD, as we put our hope in You.",The original asks for judgment on accusers; this complete prayer asks for God's loving devotion.,https://ebible.org/Scriptures/engbsb_usfx.zip
replacement,Bible in Basic English (BBE),Psalms 109:20,"Let this be the reward given to my haters from the Lord, and to those who say evil of my soul.",Psalms 33:22,"Let your mercy be on us, O Lord, as we are waiting for you.",The original asks for judgment on accusers; this complete prayer asks for God's loving devotion.,https://ebible.org/Scriptures/engBBE_usfx.zip
replacement,King James Version (KJV),Psalms 109:20,"Let this be the reward of mine adversaries from the LORD, and of them that speak evil against my soul.",Psalms 33:22,"Let thy mercy, O LORD, be upon us, according as we hope in thee.",The original asks for judgment on accusers; this complete prayer asks for God's loving devotion.,https://ebible.org/Scriptures/eng-kjv2006_usfx.zip
replacement,World English Bible (WEB),Psalms 109:20,"This is the reward of my adversaries from the LORD, of those who speak evil against my soul.",Psalms 33:22,"Let your loving kindness be on us, LORD, since we have hoped in you.",The original asks for judgment on accusers; this complete prayer asks for God's loving devotion.,https://ebible.org/Scriptures/engwebu_usfx.zip
replacement,Lutherbibel (1912),Psalms 109:20,"So geschehe denen vom HERRN, die mir zuwider sind und reden Böses wider meine Seele.",Psalms 33:22,"Deine Güte, HERR, sei über uns, wie wir auf dich hoffen.",The original asks for judgment on accusers; this complete prayer asks for God's loving devotion.,https://ebible.org/Scriptures/deu1912_usfx.zip
replacement,Louis Segond (1910),Psalms 109:20,"Tel soit, de la part de l’Éternel, le salaire de mes ennemis, Et de ceux qui parlent méchamment de moi!",Psalms 33:22,"Éternel! Que ta grâce soit sur nous, Comme nous espérons en toi!",The original asks for judgment on accusers; this complete prayer asks for God's loving devotion.,https://ebible.org/Scriptures/fraLSG_usfx.zip
replacement,Riveduta (1927),Psalms 109:20,"Tal sia, da parte dell’Eterno, la ricompensa dei miei avversari, e di quelli che proferiscono del male contro l’anima mia.",Psalms 33:22,"La tua benignità, o Eterno, sia sopra noi, poiché noi abbiamo sperato in te.",The original asks for judgment on accusers; this complete prayer asks for God's loving devotion.,https://ebible.org/Scriptures/ita1927_usfx.zip
replacement,Reina-Valera (1909),Psalms 109:20,"Este sea el pago de parte de Jehová de los que me calumnian, y de los que hablan mal contra mi alma.",Psalms 33:22,"Sea tu misericordia, oh Jehová, sobre nosotros, como esperamos en ti.",The original asks for judgment on accusers; this complete prayer asks for God's loving devotion.,https://ebible.org/Scriptures/spaRV1909_usfx.zip
replacement,Sathyavedapusthakam (1910),Psalms 109:20,ഇതു എന്റെ എതിരാളികൾക്കും എനിക്കു വിരോധമായി ദോഷം പറയുന്നവൎക്കും യഹോവ കൊടുക്കുന്ന പ്രതിഫലം ആകുന്നു.,Psalms 33:22,"യഹോവേ, ഞങ്ങൾ നിങ്കൽ പ്രത്യാശവെക്കുന്നതുപോലെ നിന്റെ ദയ ഞങ്ങളുടെമേൽ ഉണ്ടാകുമാറാകട്ടെ.",The original asks for judgment on accusers; this complete prayer asks for God's loving devotion.,https://api.getbible.net/v2/mal1910.json
replacement,Ang Dating Biblia (1905),Psalms 109:20,"Ito ang kagantihan sa aking mga kaaway na mula sa Panginoon, at sa kanilang nangagsasalita ng kasamaan laban sa aking kaluluwa.",Psalms 33:22,"Sumaamin nawa ang iyong kagandahang-loob, Oh Panginoon, ayon sa aming pagasa sa iyo.",The original asks for judgment on accusers; this complete prayer asks for God's loving devotion.,https://api.getbible.net/v2/tagalog.json
source-correction,King James Version (KJV),Psalms 115:1,"Not unto us, O LORD, not unto us, but unto thy name give glory, for thy mercy, and for thy truth's sake.",Psalms 115:1,"Not unto us, O LORD, not unto us, but unto thy name give glory, for thy mercy, and for thy truth’s sake.","Match the named edition source exactly, including its verse numbering, wording, capitalization and punctuation; normalize layout whitespace only.",https://ebible.org/Scriptures/eng-kjv2006_usfx.zip
source-correction,Lutherbibel (1912),Psalms 140:7,"HERR Herr, meine starke Hilfe, du beschirmst mein Haupt zur Zeit des Streites.",Psalms 140:8,"HERR Herr, meine starke Hilfe, du beschirmst mein Haupt zur Zeit des Streites.","Match the named edition source exactly, including its verse numbering, wording, capitalization and punctuation; normalize layout whitespace only.",https://ebible.org/Scriptures/deu1912_usfx.zip
source-correction,Louis Segond (1910),Psalms 140:7,"Je dis à l’Éternel: Tu es mon Dieu! Éternel, prête l’oreille à la voix de mes supplications!",Psalms 140:8,"Éternel, Seigneur, force de mon salut! Tu couvres ma tête au jour du combat.","Match the named edition source exactly, including its verse numbering, wording, capitalization and punctuation; normalize layout whitespace only.",https://ebible.org/Scriptures/fraLSG_usfx.zip
source-correction,Lutherbibel (1912),Psalms 20:6,"Nun merke ich, daß der HERR seinem Gesalbten hilft und erhöht ihn in seinen heiligen Himmel; seine rechte Hand hilft mit Macht.",Psalms 20:7,"Nun merke ich, daß der HERR seinem Gesalbten hilft und erhöht ihn in seinen heiligen Himmel; seine rechte Hand hilft mit Macht.","Match the named edition source exactly, including its verse numbering, wording, capitalization and punctuation; normalize layout whitespace only.",https://ebible.org/Scriptures/deu1912_usfx.zip
source-correction,Louis Segond (1910),Psalms 20:6,"Nous nous réjouirons de ton salut, Nous lèverons l’étendard au nom de notre Dieu; L’Éternel exaucera tous tes vœux.",Psalms 20:7,"Je sais déjà que l’Éternel sauve son oint; Il l’exaucera des cieux, de sa sainte demeure, Par le secours puissant de sa droite.","Match the named edition source exactly, including its verse numbering, wording, capitalization and punctuation; normalize layout whitespace only.",https://ebible.org/Scriptures/fraLSG_usfx.zip
replacement,Berean Standard Bible (BSB),Daniel 10:19,"“Do not be afraid, you who are highly precious,” he said. “Peace be with you! Be strong now; be very strong!” As he spoke with me, I was strengthened and said, “Speak, my lord, for you have strengthened me.”",Psalms 138:3,"On the day I called, You answered me; You emboldened me and strengthened my soul.",Replace a long narrative exchange with a complete personal testimony of answered prayer and strength.,https://ebible.org/Scriptures/engbsb_usfx.zip
replacement,Bible in Basic English (BBE),Daniel 10:19,"And he said to me, O man greatly loved, have no fear: peace be with you, be strong and let your heart be lifted up. And at his words I became strong, and said, Let my lord say on, for you have given me strength.",Psalms 138:3,"When my cry came to your ears you gave me an answer, and made me great with strength in my soul.",Replace a long narrative exchange with a complete personal testimony of answered prayer and strength.,https://ebible.org/Scriptures/engBBE_usfx.zip
replacement,King James Version (KJV),Daniel 10:19,"And said, O man greatly beloved, fear not: peace be unto thee, be strong, yea, be strong. And when he had spoken unto me, I was strengthened, and said, Let my lord speak; for thou hast strengthened me.",Psalms 138:3,"In the day when I cried thou answeredst me, and strengthenedst me with strength in my soul.",Replace a long narrative exchange with a complete personal testimony of answered prayer and strength.,https://ebible.org/Scriptures/eng-kjv2006_usfx.zip
replacement,World English Bible (WEB),Daniel 10:19,"He said, “Greatly beloved man, don’t be afraid. Peace be to you. Be strong. Yes, be strong.” When he spoke to me, I was strengthened, and said, “Let my lord speak, for you have strengthened me.”",Psalms 138:3,"In the day that I called, you answered me. You encouraged me with strength in my soul.",Replace a long narrative exchange with a complete personal testimony of answered prayer and strength.,https://ebible.org/Scriptures/engwebu_usfx.zip
replacement,Lutherbibel (1912),Daniel 10:19,"und sprach: Fürchte dich nicht, du lieber Mann! Friede sei mit dir! Und sei getrost, sei getrost! Und als er mit mir redete, ermannte ich mich und sprach: Mein HERR rede! denn du hast mich gestärkt.",Psalms 138:3,"Wenn ich dich anrufe, so erhörst du mich und gibst meiner Seele große Kraft.",Replace a long narrative exchange with a complete personal testimony of answered prayer and strength.,https://ebible.org/Scriptures/deu1912_usfx.zip
replacement,Louis Segond (1910),Daniel 10:19,"Puis il me dit: Ne crains rien, homme bien-aimé, que la paix soit avec toi! Courage, courage! Et comme il me parlait, je repris des forces, et je dis: Que mon seigneur parle, car tu m’as fortifié.",Psalms 138:3,"Le jour où je t’ai invoqué, tu m’as exaucé, Tu m’as rassuré, tu as fortifié mon âme.",Replace a long narrative exchange with a complete personal testimony of answered prayer and strength.,https://ebible.org/Scriptures/fraLSG_usfx.zip
replacement,Riveduta (1927),Daniel 10:19,"E disse: “O uomo grandemente amato, non temere! La pace sia teco! Sii forte, sii forte”. E quand’egli ebbe parlato meco, io ripresi forza, e dissi: “Il mio signore, parli pure poiché tu m’hai fortificato”.",Psalms 138:3,"Nel giorno che ho gridato a te, tu m’hai risposto, m’hai riempito di coraggio, dando forza all’anima mia.",Replace a long narrative exchange with a complete personal testimony of answered prayer and strength.,https://ebible.org/Scriptures/ita1927_usfx.zip
replacement,Reina-Valera (1909),Daniel 10:19,"Y díjome: Varón de deseos, no temas: paz á ti; ten buen ánimo, y aliéntate. Y hablando él conmigo cobré yo vigor, y dije: Hable mi señor, porque me has fortalecido.",Psalms 138:3,"En el día que clamé, me respondiste; esforzásteme con fortaleza en mi alma.",Replace a long narrative exchange with a complete personal testimony of answered prayer and strength.,https://ebible.org/Scriptures/spaRV1909_usfx.zip
replacement,Sathyavedapusthakam (1910),Daniel 10:19,"ഏറ്റവും പ്രിയപുരുഷാ, ഭയപ്പെടേണ്ടാ; നിനക്കു സമാധാനം! ബലപ്പെട്ടിരിക്ക, ബലപ്പെട്ടിരിക്ക എന്നു പറഞ്ഞു; അവൻ എന്നോടു സംസാരിച്ചപ്പോൾ ഞാൻ ബലപ്പെട്ടു: യജമാനനേ, സംസാരിക്കേണമേ; നീ എന്നെ ബലപ്പെടുത്തിയിരിക്കുന്നുവല്ലോ എന്നു പറഞ്ഞു.",Psalms 138:3,ഞാൻ വിളിച്ചപേക്ഷിച്ച നാളിൽ നീ എനിക്കുത്തരം അരുളി; എന്റെ ഉള്ളിൽ ബലം നല്കി എന്നെ ധൈൎയ്യപ്പെടുത്തിയിരിക്കുന്നു.,Replace a long narrative exchange with a complete personal testimony of answered prayer and strength.,https://api.getbible.net/v2/mal1910.json
replacement,Ang Dating Biblia (1905),Daniel 10:19,"At kaniyang sinabi, Oh taong minamahal na mainam, huwag kang matakot: kapayapaan ang sumaiyo, magpakalakas ka, oo, magpakalakas ka. At nang siya'y magsalita sa akin, ako'y lumakas, at nagsabi, Magsalita ang aking panginoon; sapagka't iyong pinalakas ako.",Psalms 138:3,"Nang araw na ako'y tumawag ay sinagot mo ako, iyong pinatapang ako ng kalakasan sa aking kaluluwa.",Replace a long narrative exchange with a complete personal testimony of answered prayer and strength.,https://api.getbible.net/v2/tagalog.json
source-correction,Lutherbibel (1912),Psalms 3:3,"Aber du, HERR, bist der Schild für mich und der mich zu Ehren setzt und mein Haupt aufrichtet.",Psalms 3:4,"Aber du, HERR, bist der Schild für mich und der mich zu Ehren setzt und mein Haupt aufrichtet.","Match the named edition source exactly, including its verse numbering, wording, capitalization and punctuation; normalize layout whitespace only.",https://ebible.org/Scriptures/deu1912_usfx.zip
source-correction,Louis Segond (1910),Psalms 3:3,Combien qui disent à mon sujet: Plus de salut pour lui auprès de Dieu! — Pause.,Psalms 3:4,"Mais toi, ô Éternel! Tu es mon bouclier, Tu es ma gloire, et tu relèves ma tête.","Match the named edition source exactly, including its verse numbering, wording, capitalization and punctuation; normalize layout whitespace only.",https://ebible.org/Scriptures/fraLSG_usfx.zip
source-correction,Lutherbibel (1912),Psalms 31:23,"Liebet den HERRN, alle seine Heiligen! Die Gläubigen behütet der HERR und vergilt reichlich dem, der Hochmut übt.",Psalms 31:24,"Liebet den HERRN, alle seine Heiligen! Die Gläubigen behütet der HERR und vergilt reichlich dem, der Hochmut übt.","Match the named edition source exactly, including its verse numbering, wording, capitalization and punctuation; normalize layout whitespace only.",https://ebible.org/Scriptures/deu1912_usfx.zip
source-correction,Louis Segond (1910),Psalms 31:23,"Je disais dans ma précipitation: Je suis chassé loin de ton regard! Mais tu as entendu la voix de mes supplications, Quand j’ai crié vers toi.",Psalms 31:24,"Aimez l’Éternel, vous qui avez de la piété! L’Éternel garde les fidèles, Et il punit sévèrement les orgueilleux.","Match the named edition source exactly, including its verse numbering, wording, capitalization and punctuation; normalize layout whitespace only.",https://ebible.org/Scriptures/fraLSG_usfx.zip
replacement,Berean Standard Bible (BSB),2 Corinthians 9:14,"And their prayers for you will express their affection for you, because of the surpassing grace God has given you.",Ephesians 4:32,"Be kind and tenderhearted to one another, forgiving each other just as in Christ God forgave you.",The original refers back to a particular collection and its recipients; the replacement gives a full verse on kindness and forgiveness.,https://ebible.org/Scriptures/engbsb_usfx.zip
replacement,Bible in Basic English (BBE),2 Corinthians 9:14,"While their hearts go out to you in love and in prayer for you, because of the great grace of God which is in you.",Ephesians 4:32,"And be kind to one another, full of pity, having forgiveness for one another, even as God in Christ had forgiveness for you.",The original refers back to a particular collection and its recipients; the replacement gives a full verse on kindness and forgiveness.,https://ebible.org/Scriptures/engBBE_usfx.zip
replacement,King James Version (KJV),2 Corinthians 9:14,"And by their prayer for you, which long after you for the exceeding grace of God in you.",Ephesians 4:32,"And be ye kind one to another, tenderhearted, forgiving one another, even as God for Christ’s sake hath forgiven you.",The original refers back to a particular collection and its recipients; the replacement gives a full verse on kindness and forgiveness.,https://ebible.org/Scriptures/eng-kjv2006_usfx.zip
replacement,World English Bible (WEB),2 Corinthians 9:14,"While they themselves also, with supplication on your behalf, yearn for you by reason of the exceeding grace of God in you.",Ephesians 4:32,"And be kind to one another, tender hearted, forgiving each other, just as God also in Christ forgave you.",The original refers back to a particular collection and its recipients; the replacement gives a full verse on kindness and forgiveness.,https://ebible.org/Scriptures/engwebu_usfx.zip
replacement,Lutherbibel (1912),2 Corinthians 9:14,indem auch sie nach euch verlangt im Gebet für euch um der überschwenglichen Gnade Gottes willen in euch.,Ephesians 4:32,"Seid aber untereinander freundlich, herzlich und vergebet einer dem andern, gleichwie Gott euch auch vergeben hat in Christo.",The original refers back to a particular collection and its recipients; the replacement gives a full verse on kindness and forgiveness.,https://ebible.org/Scriptures/deu1912_usfx.zip
replacement,Louis Segond (1910),2 Corinthians 9:14,"ils prient pour vous, parce qu’ils vous aiment à cause de la grâce éminente que Dieu vous a faite.",Ephesians 4:32,"Soyez bons les uns envers les autres, compatissants, vous pardonnant réciproquement, comme Dieu vous a pardonné en Christ.",The original refers back to a particular collection and its recipients; the replacement gives a full verse on kindness and forgiveness.,https://ebible.org/Scriptures/fraLSG_usfx.zip
replacement,Riveduta (1927),2 Corinthians 9:14,E con le loro preghiere a pro vostro essi mostrano d’esser mossi da vivo affetto per voi a motivo della sovrabbondante grazia di Dio che è sopra voi.,Ephesians 4:32,"Siate invece gli uni verso gli altri benigni, misericordiosi, perdonandovi a vicenda, come anche Dio vi ha perdonati in Cristo.",The original refers back to a particular collection and its recipients; the replacement gives a full verse on kindness and forgiveness.,https://ebible.org/Scriptures/ita1927_usfx.zip
replacement,Reina-Valera (1909),2 Corinthians 9:14,"Asimismo por la oración de ellos á favor vuestro, los cuales os quieren á causa de la eminente gracia de Dios en vosotros.",Ephesians 4:32,"Antes sed los unos con los otros benignos, misericordiosos, perdonándoos los unos á los otros, como también Dios os perdonó en Cristo.",The original refers back to a particular collection and its recipients; the replacement gives a full verse on kindness and forgiveness.,https://ebible.org/Scriptures/spaRV1909_usfx.zip
replacement,Sathyavedapusthakam (1910),2 Corinthians 9:14,നിങ്ങൾക്കു ലഭിച്ച അതിമഹത്തായ ദൈവകൃപനിമിത്തം അവർ നിങ്ങളെ കാണ്മാൻ വാഞ്ഛിച്ചു നിങ്ങൾക്കു വേണ്ടി പ്രാൎത്ഥിക്കും.,Ephesians 4:32,നിങ്ങൾ തമ്മിൽ ദയയും മനസ്സലിവുമുള്ളവരായി ദൈവം ക്രിസ്തുവിൽ നിങ്ങളോടു ക്ഷമിച്ചതുപോലെ അന്യോന്യം ക്ഷമിപ്പിൻ.,The original refers back to a particular collection and its recipients; the replacement gives a full verse on kindness and forgiveness.,https://api.getbible.net/v2/mal1910.json
replacement,Ang Dating Biblia (1905),2 Corinthians 9:14,"Samantalang sila rin naman, sa panalanging patungkol sa inyo, ay nananabik sa inyo dahil sa saganang biyaya ng Dios sa inyo.",Ephesians 4:32,"At magmagandang-loob kayo sa isa't isa, mga mahabagin, na mangagpatawaran kayo sa isa't isa, gaya naman ng pagpapatawad sa inyo ng Dios kay Cristo.",The original refers back to a particular collection and its recipients; the replacement gives a full verse on kindness and forgiveness.,https://api.getbible.net/v2/tagalog.json
replacement,Berean Standard Bible (BSB),Psalms 31:6,"I hate those who cling to worthless idols, but in the LORD I trust.",Psalms 62:8,"Trust in Him at all times, O people; pour out your hearts before Him. God is our refuge. Selah",Replace a declaration of hatred toward idol-followers with a complete invitation to trust God and pray.,https://ebible.org/Scriptures/engbsb_usfx.zip
replacement,Bible in Basic English (BBE),Psalms 31:6,I am full of hate for those who go after false gods; but my hope is in the Lord.,Psalms 62:8,"Have faith in him at all times, you people; let your hearts go flowing out before him: God is our safe place. (Selah.)",Replace a declaration of hatred toward idol-followers with a complete invitation to trust God and pray.,https://ebible.org/Scriptures/engBBE_usfx.zip
replacement,King James Version (KJV),Psalms 31:6,I have hated them that regard lying vanities: but I trust in the LORD.,Psalms 62:8,"Trust in him at all times; ye people, pour out your heart before him: God is a refuge for us. Selah.",Replace a declaration of hatred toward idol-followers with a complete invitation to trust God and pray.,https://ebible.org/Scriptures/eng-kjv2006_usfx.zip
replacement,World English Bible (WEB),Psalms 31:6,"I hate those who regard lying vanities, but I trust in the LORD.",Psalms 62:8,"Trust in him at all times, you people. Pour out your heart before him. God is a refuge for us. Selah.",Replace a declaration of hatred toward idol-followers with a complete invitation to trust God and pray.,https://ebible.org/Scriptures/engwebu_usfx.zip
replacement,Lutherbibel (1912),Psalms 31:6,"Ich hasse, die da halten auf eitle Götzen; ich aber hoffe auf den HERRN.",Psalms 62:9,"Hoffet auf ihn allezeit, liebe Leute, schüttet euer Herz vor ihm aus; Gott ist unsre Zuversicht. (Sela.)",Replace a declaration of hatred toward idol-followers with a complete invitation to trust God and pray.,https://ebible.org/Scriptures/deu1912_usfx.zip
replacement,Louis Segond (1910),Psalms 31:6,"Je remets mon esprit entre tes mains; Tu me délivreras, Éternel, Dieu de vérité!",Psalms 62:9,"En tout temps, peuples, confiez-vous en lui, Répandez vos cœurs en sa présence! Dieu est notre refuge, — Pause.",Replace a declaration of hatred toward idol-followers with a complete invitation to trust God and pray.,https://ebible.org/Scriptures/fraLSG_usfx.zip
replacement,Riveduta (1927),Psalms 31:6,Io odio quelli che attendono alle vanità menzognere; e quanto a me confido nell’Eterno.,Psalms 62:8,"Confida in lui ogni tempo, o popolo; espandi il tuo cuore nel suo cospetto; Dio è il nostro rifugio. Sela.",Replace a declaration of hatred toward idol-followers with a complete invitation to trust God and pray.,https://ebible.org/Scriptures/ita1927_usfx.zip
replacement,Reina-Valera (1909),Psalms 31:6,Aborrecí á los que esperan en vanidades ilusorias; mas yo en Jehová he esperado.,Psalms 62:8,"Esperad en él en todo tiempo, oh pueblos; derramad delante de él vuestro corazón: Dios es nuestro amparo. (Selah.)",Replace a declaration of hatred toward idol-followers with a complete invitation to trust God and pray.,https://ebible.org/Scriptures/spaRV1909_usfx.zip
replacement,Sathyavedapusthakam (1910),Psalms 31:6,മിത്ഥ്യാമൂൎത്തികളെ സേവിക്കുന്നവരെ ഞാൻ പകെക്കുന്നു; ഞാനോ യഹോവയിൽ ആശ്രയിക്കുന്നു.,Psalms 62:8,"ജനമേ, എല്ലാകാലത്തും അവനിൽ ആശ്രയിപ്പിൻ; നിങ്ങളുടെ ഹൃദയം അവന്റെ മുമ്പിൽ പകരുവിൻ; ദൈവം നമുക്കു സങ്കേതമാകുന്നു.സേലാ.",Replace a declaration of hatred toward idol-followers with a complete invitation to trust God and pray.,https://api.getbible.net/v2/mal1910.json
replacement,Ang Dating Biblia (1905),Psalms 31:6,Aking pinagtataniman ang nangagmamasid ng mga walang kabuluhang karayaan: nguni't tumitiwala ako sa Panginoon.,Psalms 62:8,"Magsitiwala kayo sa kaniya buong panahon, kayong mga bayan; buksan ninyo ang inyong dibdib sa harap niya; Dios ay kanlungan sa atin. (Selah)",Replace a declaration of hatred toward idol-followers with a complete invitation to trust God and pray.,https://api.getbible.net/v2/tagalog.json
replacement,Berean Standard Bible (BSB),Psalms 132:13,For the LORD has chosen Zion; He has desired it for His home:,Psalms 91:1,He who dwells in the shelter of the Most High will abide in the shadow of the Almighty.,The original introduces the next verse about Zion; this full verse expresses shelter in God's presence.,https://ebible.org/Scriptures/engbsb_usfx.zip
replacement,Bible in Basic English (BBE),Psalms 132:13,"For the Lord's heart is on Zion, desiring it for his resting-place.",Psalms 91:1,"Happy is he whose resting-place is in the secret of the Lord, and under the shade of the wings of the Most High;",The original introduces the next verse about Zion; this full verse expresses shelter in God's presence.,https://ebible.org/Scriptures/engBBE_usfx.zip
replacement,King James Version (KJV),Psalms 132:13,For the LORD hath chosen Zion; he hath desired it for his habitation.,Psalms 91:1,He that dwelleth in the secret place of the most High shall abide under the shadow of the Almighty.,The original introduces the next verse about Zion; this full verse expresses shelter in God's presence.,https://ebible.org/Scriptures/eng-kjv2006_usfx.zip
replacement,World English Bible (WEB),Psalms 132:13,For the LORD has chosen Zion. He has desired it for his habitation.,Psalms 91:1,He who dwells in the secret place of the Most High will rest in the shadow of the Almighty.,The original introduces the next verse about Zion; this full verse expresses shelter in God's presence.,https://ebible.org/Scriptures/engwebu_usfx.zip
replacement,Lutherbibel (1912),Psalms 132:13,"Denn der HERR hat Zion erwählt und hat Lust, daselbst zu wohnen.",Psalms 91:1,"Wer unter dem Schirm des Höchsten sitzt und unter dem Schatten des Allmächtigen bleibt,",The original introduces the next verse about Zion; this full verse expresses shelter in God's presence.,https://ebible.org/Scriptures/deu1912_usfx.zip
replacement,Louis Segond (1910),Psalms 132:13,"Oui, l’Éternel a choisi Sion, Il l’a désirée pour sa demeure:",Psalms 91:1,Celui qui demeure sous l’abri du Très-Haut Repose à l’ombre du Tout-Puissant.,The original introduces the next verse about Zion; this full verse expresses shelter in God's presence.,https://ebible.org/Scriptures/fraLSG_usfx.zip
replacement,Riveduta (1927),Psalms 132:13,"Poiché l’Eterno ha scelto Sion, l’ha desiderata per sua dimora.",Psalms 91:1,Chi dimora nel ritiro dell’Altissimo alberga all’ombra dell’Onnipotente.,The original introduces the next verse about Zion; this full verse expresses shelter in God's presence.,https://ebible.org/Scriptures/ita1927_usfx.zip
replacement,Reina-Valera (1909),Psalms 132:13,Porque Jehová ha elegido á Sión; deseóla por habitación para sí.,Psalms 91:1,"EL que habita al abrigo del Altísimo, morará bajo la sombra del Omnipotente.",The original introduces the next verse about Zion; this full verse expresses shelter in God's presence.,https://ebible.org/Scriptures/spaRV1909_usfx.zip
replacement,Sathyavedapusthakam (1910),Psalms 132:13,യഹോവ സീയോനെ തിരഞ്ഞെടുക്കയും അതിനെ തന്റെ വാസസ്ഥലമായി ഇച്ഛിക്കയും ചെയ്തു.,Psalms 91:1,അത്യുന്നതന്റെ മറവിൽ വസിക്കയും സൎവ്വശക്തന്റെ നിഴലിൻ കീഴിൽ പാൎക്കയും ചെയ്യുന്നവൻ,The original introduces the next verse about Zion; this full verse expresses shelter in God's presence.,https://api.getbible.net/v2/mal1910.json
replacement,Ang Dating Biblia (1905),Psalms 132:13,Sapagka't pinili ng Panginoon ang Sion; kaniyang ninasa na pinaka tahanan niya.,Psalms 91:1,Siyang tumatahan sa lihim na dako ng Kataastaasan. Ay mananatili sa lilim ng Makapangyarihan sa lahat.,The original introduces the next verse about Zion; this full verse expresses shelter in God's presence.,https://api.getbible.net/v2/tagalog.json
replacement,Berean Standard Bible (BSB),Psalms 132:8,"Arise, O LORD, to Your resting place, You and the ark of Your strength.",Psalms 63:7,For You are my help; I will sing for joy in the shadow of Your wings.,The original invokes the ark and its resting place; this full verse expresses help and joy in God's protection.,https://ebible.org/Scriptures/engbsb_usfx.zip
replacement,Bible in Basic English (BBE),Psalms 132:8,"Come back, O Lord, to your resting-place; you and the ark of your strength.",Psalms 63:7,"Because you have been my help, I will have joy in the shade of your wings.",The original invokes the ark and its resting place; this full verse expresses help and joy in God's protection.,https://ebible.org/Scriptures/engBBE_usfx.zip
replacement,King James Version (KJV),Psalms 132:8,"Arise, O LORD, into thy rest; thou, and the ark of thy strength.",Psalms 63:7,"Because thou hast been my help, therefore in the shadow of thy wings will I rejoice.",The original invokes the ark and its resting place; this full verse expresses help and joy in God's protection.,https://ebible.org/Scriptures/eng-kjv2006_usfx.zip
replacement,World English Bible (WEB),Psalms 132:8,"Arise, LORD, into your resting place, you, and the ark of your strength.",Psalms 63:7,For you have been my help. I will rejoice in the shadow of your wings.,The original invokes the ark and its resting place; this full verse expresses help and joy in God's protection.,https://ebible.org/Scriptures/engwebu_usfx.zip
replacement,Lutherbibel (1912),Psalms 132:8,"HERR, mache dich auf zu deiner Ruhe, du und die Lade deiner Macht!",Psalms 63:8,"Denn du bist mein Helfer, und unter dem Schatten deiner Flügel frohlocke ich.",The original invokes the ark and its resting place; this full verse expresses help and joy in God's protection.,https://ebible.org/Scriptures/deu1912_usfx.zip
replacement,Louis Segond (1910),Psalms 132:8,"Lève-toi, Éternel, viens à ton lieu de repos, Toi et l’arche de ta majesté!",Psalms 63:8,"Car tu es mon secours, Et je suis dans l’allégresse à l’ombre de tes ailes.",The original invokes the ark and its resting place; this full verse expresses help and joy in God's protection.,https://ebible.org/Scriptures/fraLSG_usfx.zip
replacement,Riveduta (1927),Psalms 132:8,"Lèvati, o Eterno, vieni al luogo del tuo riposo, tu e l’Arca della tua forza.",Psalms 63:7,"Poiché tu sei stato il mio aiuto, ed io giubilo all’ombra delle tue ali.",The original invokes the ark and its resting place; this full verse expresses help and joy in God's protection.,https://ebible.org/Scriptures/ita1927_usfx.zip
replacement,Reina-Valera (1909),Psalms 132:8,"Levántate, oh Jehová, á tu reposo; tú y el arca de tu fortaleza.",Psalms 63:7,Porque has sido mi socorro; y así en la sombra de tus alas me regocijaré.,The original invokes the ark and its resting place; this full verse expresses help and joy in God's protection.,https://ebible.org/Scriptures/spaRV1909_usfx.zip
replacement,Sathyavedapusthakam (1910),Psalms 132:8,"യഹോവേ, നീ നിന്റെ ബലത്തിന്റെ പെട്ടകവുമായി നിന്റെ വിശ്രാമത്തിലേക്കു എഴുന്നെള്ളേണമേ.",Psalms 63:7,നീ എനിക്കു സഹായമായിത്തീൎന്നുവല്ലോ; നിന്റെ ചിറകിൻ നിഴലിൽ ഞാൻ ഘോഷിച്ചാനന്ദിക്കുന്നു.,The original invokes the ark and its resting place; this full verse expresses help and joy in God's protection.,https://api.getbible.net/v2/mal1910.json
replacement,Ang Dating Biblia (1905),Psalms 132:8,"Bumangon ka, Oh Panginoon, sa iyong pahingahang dako: ikaw, at ang kaban ng iyong kalakasan.",Psalms 63:7,"Sapagka't naging katulong kita, at sa lilim ng mga pakpak mo'y magagalak ako.",The original invokes the ark and its resting place; this full verse expresses help and joy in God's protection.,https://api.getbible.net/v2/tagalog.json
source-correction,Lutherbibel (1912),2 Corinthians 13:14,Die Gnade unsers HERRN Jesu Christi und die Liebe Gottes und die Gemeinschaft des heiligen Geistes sei mit euch allen! Amen.,2 Corinthians 13:13,Die Gnade unsers HERRN Jesu Christi und die Liebe Gottes und die Gemeinschaft des heiligen Geistes sei mit euch allen! Amen.,"Match the named edition source exactly, including its verse numbering, wording, capitalization and punctuation; normalize layout whitespace only.",https://ebible.org/Scriptures/deu1912_usfx.zip
source-correction,Louis Segond (1910),2 Corinthians 13:14,"Que la grâce du Seigneur Jésus-Christ, l’amour de Dieu, et la communication du Saint-Esprit, soient avec vous tous!",2 Corinthians 13:13,"Que la grâce du Seigneur Jésus-Christ, l’amour de Dieu, et la communication du Saint-Esprit, soient avec vous tous!","Match the named edition source exactly, including its verse numbering, wording, capitalization and punctuation; normalize layout whitespace only.",https://ebible.org/Scriptures/fraLSG_usfx.zip
source-correction,Riveduta (1927),2 Corinthians 13:14,La grazia del Signor Gesù Cristo e l’amore di Dio e la comunione dello Spirito Santo siano con tutti voi.,2 Corinthians 13:13,La grazia del Signor Gesù Cristo e l’amore di Dio e la comunione dello Spirito Santo siano con tutti voi.,"Match the named edition source exactly, including its verse numbering, wording, capitalization and punctuation; normalize layout whitespace only.",https://ebible.org/Scriptures/ita1927_usfx.zip
source-correction,Reina-Valera (1909),2 Corinthians 13:14,"La gracia del Señor Jesucristo, y el amor de Dios, y la participación del Espíritu Santo sea con vosotros todos. Amén.",2 Corinthians 13:13,"La gracia del Señor Jesucristo, y el amor de Dios, y la participación del Espíritu Santo sea con vosotros todos. Amén.","Match the named edition source exactly, including its verse numbering, wording, capitalization and punctuation; normalize layout whitespace only.",https://ebible.org/Scriptures/spaRV1909_usfx.zip
source-correction,Lutherbibel (1912),Psalms 30:3,"HERR, du hast meine Seele aus der Hölle geführt; du hast mich lebend erhalten, da jene in die Grube fuhren.",Psalms 30:4,"HERR, du hast meine Seele aus der Hölle geführt; du hast mich lebend erhalten, da jene in die Grube fuhren.","Match the named edition source exactly, including its verse numbering, wording, capitalization and punctuation; normalize layout whitespace only.",https://ebible.org/Scriptures/deu1912_usfx.zip
source-correction,Louis Segond (1910),Psalms 30:3,"Éternel, mon Dieu! J’ai crié à toi, et tu m’as guéri.",Psalms 30:4,"Éternel! Tu as fait remonter mon âme du séjour des morts, Tu m’as fait revivre loin de ceux qui descendent dans la fosse.","Match the named edition source exactly, including its verse numbering, wording, capitalization and punctuation; normalize layout whitespace only.",https://ebible.org/Scriptures/fraLSG_usfx.zip
replacement,Berean Standard Bible (BSB),Psalms 30:7,"O LORD, You favored me; You made my mountain stand strong. When You hid Your face, I was dismayed.",Psalms 94:18,"If I say, “My foot is slipping,” Your loving devotion, O LORD, supports me.",The original ends in dismay; this full verse moves from vulnerability to sustaining love.,https://ebible.org/Scriptures/engbsb_usfx.zip
replacement,Bible in Basic English (BBE),Psalms 30:7,"Lord, by your grace you have kept my mountain strong: when your face was turned from me I was troubled.",Psalms 94:18,"If I say, My foot is slipping; your mercy, O Lord, is my support.",The original ends in dismay; this full verse moves from vulnerability to sustaining love.,https://ebible.org/Scriptures/engBBE_usfx.zip
replacement,King James Version (KJV),Psalms 30:7,"LORD, by thy favour thou hast made my mountain to stand strong: thou didst hide thy face, and I was troubled.",Psalms 94:18,"When I said, My foot slippeth; thy mercy, O LORD, held me up.",The original ends in dismay; this full verse moves from vulnerability to sustaining love.,https://ebible.org/Scriptures/eng-kjv2006_usfx.zip
replacement,World English Bible (WEB),Psalms 30:7,"You, LORD, when you favored me, made my mountain stand strong; but when you hid your face, I was troubled.",Psalms 94:18,"When I said, “My foot is slipping!” Your loving kindness, LORD, held me up.",The original ends in dismay; this full verse moves from vulnerability to sustaining love.,https://ebible.org/Scriptures/engwebu_usfx.zip
replacement,Lutherbibel (1912),Psalms 30:7,"Denn, HERR, durch dein Wohlgefallen hattest du meinen Berg stark gemacht; aber da du dein Antlitz verbargest, erschrak ich.",Psalms 94:18,"Ich sprach: Mein Fuß hat gestrauchelt; aber deine Gnade, HERR, hielt mich.",The original ends in dismay; this full verse moves from vulnerability to sustaining love.,https://ebible.org/Scriptures/deu1912_usfx.zip
replacement,Louis Segond (1910),Psalms 30:7,Je disais dans ma sécurité: Je ne chancellerai jamais!,Psalms 94:18,"Quand je dis: Mon pied chancelle! Ta bonté, ô Éternel! Me sert d’appui.",The original ends in dismay; this full verse moves from vulnerability to sustaining love.,https://ebible.org/Scriptures/fraLSG_usfx.zip
replacement,Riveduta (1927),Psalms 30:7,"O Eterno, per il tuo favore, avevi reso forte il mio monte; tu nascondesti la tua faccia, ed io fui smarrito.",Psalms 94:18,"Quand’ho detto: Il mio piè vacilla, la tua benignità, o Eterno, m’ha sostenuto.",The original ends in dismay; this full verse moves from vulnerability to sustaining love.,https://ebible.org/Scriptures/ita1927_usfx.zip
replacement,Reina-Valera (1909),Psalms 30:7,"Porque tú, Jehová, por tu benevolencia has asentado mi monte con fortaleza. Escondiste tu rostro, fuí conturbado.",Psalms 94:18,"Cuando yo decía: Mi pie resbala: tu misericordia, oh Jehová, me sustentaba.",The original ends in dismay; this full verse moves from vulnerability to sustaining love.,https://ebible.org/Scriptures/spaRV1909_usfx.zip
replacement,Sathyavedapusthakam (1910),Psalms 30:7,"യഹോവേ, നിന്റെ പ്രസാദത്താൽ നീ എന്റെ പൎവ്വതത്തെ ഉറെച്ചു നില്ക്കുമാറാക്കി; നീ നിന്റെ മുഖത്തെ മറെച്ചു, ഞാൻ ഭ്രമിച്ചുപോയി.",Psalms 94:18,"എന്റെ കാൽ വഴുതുന്നു എന്നു ഞാൻ പറഞ്ഞപ്പോൾ യഹോവേ, നിന്റെ ദയ എന്നെ താങ്ങി.",The original ends in dismay; this full verse moves from vulnerability to sustaining love.,https://api.getbible.net/v2/mal1910.json
replacement,Ang Dating Biblia (1905),Psalms 30:7,"Ikaw, Panginoon, sa iyong paglingap ay pinatayo mong matibay ang aking bundok: iyong ikinubli ang iyong mukha; ako'y nabagabag.",Psalms 94:18,"Nang aking sabihin, Ang aking paa ay natitisod; inalalayan ako ng iyong kagandahang-loob, Oh Panginoon.",The original ends in dismay; this full verse moves from vulnerability to sustaining love.,https://api.getbible.net/v2/tagalog.json
source-correction,Lutherbibel (1912),Psalms 36:7,"Wie teuer ist deine Güte, Gott, daß Menschenkinder unter dem Schatten deiner Flügel Zuflucht haben!",Psalms 36:8,"Wie teuer ist deine Güte, Gott, daß Menschenkinder unter dem Schatten deiner Flügel Zuflucht haben!","Match the named edition source exactly, including its verse numbering, wording, capitalization and punctuation; normalize layout whitespace only.",https://ebible.org/Scriptures/deu1912_usfx.zip
source-correction,Louis Segond (1910),Psalms 36:7,"Ta justice est comme les montagnes de Dieu, Tes jugements sont comme le grand abîme. Éternel! Tu soutiens les hommes et les bêtes.",Psalms 36:8,"Combien est précieuse ta bonté, ô Dieu! A l’ombre de tes ailes les fils de l’homme cherchent un refuge.","Match the named edition source exactly, including its verse numbering, wording, capitalization and punctuation; normalize layout whitespace only.",https://ebible.org/Scriptures/fraLSG_usfx.zip
source-correction,Lutherbibel (1912),Psalms 40:11,"Du aber, HERR, wollest deine Barmherzigkeit von mir nicht wenden; laß deine Güte und Treue allewege mich behüten.",Psalms 40:12,"Du aber, HERR, wollest deine Barmherzigkeit von mir nicht wenden; laß deine Güte und Treue allewege mich behüten.","Match the named edition source exactly, including its verse numbering, wording, capitalization and punctuation; normalize layout whitespace only.",https://ebible.org/Scriptures/deu1912_usfx.zip
source-correction,Louis Segond (1910),Psalms 40:11,"Je ne retiens pas dans mon cœur ta justice, Je publie ta vérité et ton salut; Je ne cache pas ta bonté et ta fidélité Dans la grande assemblée.",Psalms 40:12,"Toi, Éternel! Tu ne me refuseras pas tes compassions; Ta bonté et ta fidélité me garderont toujours.","Match the named edition source exactly, including its verse numbering, wording, capitalization and punctuation; normalize layout whitespace only.",https://ebible.org/Scriptures/fraLSG_usfx.zip
source-correction,Berean Standard Bible (BSB),Psalms 41:2,The LORD will protect and preserve him; He will bless him in the land and refuse to give him over to the will of his foes.,Psalms 41:2,The LORD will protect and preserve him; He will bless him in the land and refuse to surrender him to the will of his foes.,"Match the named edition source exactly, including its verse numbering, wording, capitalization and punctuation; normalize layout whitespace only.",https://ebible.org/Scriptures/engbsb_usfx.zip
source-correction,Lutherbibel (1912),Psalms 41:2,Der HERR wird ihn bewahren und beim Leben erhalten und es ihm lassen wohl gehen auf Erden und wird ihn nicht geben in seiner Feinde Willen.,Psalms 41:3,Der HERR wird ihn bewahren und beim Leben erhalten und es ihm lassen wohl gehen auf Erden und wird ihn nicht geben in seiner Feinde Willen.,"Match the named edition source exactly, including its verse numbering, wording, capitalization and punctuation; normalize layout whitespace only.",https://ebible.org/Scriptures/deu1912_usfx.zip
source-correction,Louis Segond (1910),Psalms 41:2,Heureux celui qui s’intéresse au pauvre! Au jour du malheur l’Éternel le délivre;,Psalms 41:3,"L’Éternel le garde et lui conserve la vie. Il est heureux sur la terre, Et tu ne le livres pas au bon plaisir de ses ennemis.","Match the named edition source exactly, including its verse numbering, wording, capitalization and punctuation; normalize layout whitespace only.",https://ebible.org/Scriptures/fraLSG_usfx.zip
source-correction,Lutherbibel (1912),Psalms 56:13,"denn du hast meine Seele vom Tode errettet, meine Füße vom Gleiten, daß ich wandle vor Gott im Licht der Lebendigen.",Psalms 56:14,"denn du hast meine Seele vom Tode errettet, meine Füße vom Gleiten, daß ich wandle vor Gott im Licht der Lebendigen.","Match the named edition source exactly, including its verse numbering, wording, capitalization and punctuation; normalize layout whitespace only.",https://ebible.org/Scriptures/deu1912_usfx.zip
source-correction,Louis Segond (1910),Psalms 56:13,O Dieu! Je dois accomplir les vœux que je t’ai faits; Je t’offrirai des actions de grâces.,Psalms 56:14,"Car tu as délivré mon âme de la mort, Tu as garanti mes pieds de la chute, Afin que je marche devant Dieu, à la lumière des vivants.","Match the named edition source exactly, including its verse numbering, wording, capitalization and punctuation; normalize layout whitespace only.",https://ebible.org/Scriptures/fraLSG_usfx.zip
replacement,Berean Standard Bible (BSB),Psalms 61:7,May he sit enthroned in God’s presence forever; appoint Your loving devotion and Your faithfulness to guard him.,Psalms 61:3,"For You have been my refuge, a tower of strength against the enemy.",The original intercedes for an unnamed king; this full verse expresses personal refuge in God.,https://ebible.org/Scriptures/engbsb_usfx.zip
replacement,Bible in Basic English (BBE),Psalms 61:7,May the seat of his authority be before God for ever; may mercy and righteousness keep him safe.,Psalms 61:3,"For you have been my secret place, and my high tower from those who made war on me.",The original intercedes for an unnamed king; this full verse expresses personal refuge in God.,https://ebible.org/Scriptures/engBBE_usfx.zip
replacement,King James Version (KJV),Psalms 61:7,"He shall abide before God for ever: O prepare mercy and truth, which may preserve him.",Psalms 61:3,"For thou hast been a shelter for me, and a strong tower from the enemy.",The original intercedes for an unnamed king; this full verse expresses personal refuge in God.,https://ebible.org/Scriptures/eng-kjv2006_usfx.zip
replacement,World English Bible (WEB),Psalms 61:7,"He shall be enthroned in God’s presence forever. Appoint your loving kindness and truth, that they may preserve him.",Psalms 61:3,"For you have been a refuge for me, a strong tower from the enemy.",The original intercedes for an unnamed king; this full verse expresses personal refuge in God.,https://ebible.org/Scriptures/engwebu_usfx.zip
replacement,Lutherbibel (1912),Psalms 61:7,"daß er immer bleibe vor Gott. Erzeige ihm Güte und Treue, die ihn behüten.",Psalms 61:4,"Denn du bist meine Zuversicht, ein starker Turm vor meinen Feinden.",The original intercedes for an unnamed king; this full verse expresses personal refuge in God.,https://ebible.org/Scriptures/deu1912_usfx.zip
replacement,Louis Segond (1910),Psalms 61:7,Ajoute des jours aux jours du roi; Que ses années se prolongent à jamais!,Psalms 61:4,"Car tu es pour moi un refuge, Une tour forte, en face de l’ennemi.",The original intercedes for an unnamed king; this full verse expresses personal refuge in God.,https://ebible.org/Scriptures/fraLSG_usfx.zip
replacement,Riveduta (1927),Psalms 61:7,Segga sul trono nel cospetto di Dio in perpetuo! Ordina alla benignità e alla verità di guardarlo;,Psalms 61:3,"poiché tu mi sei stato un rifugio, una forte torre dinanzi al nemico.",The original intercedes for an unnamed king; this full verse expresses personal refuge in God.,https://ebible.org/Scriptures/ita1927_usfx.zip
replacement,Reina-Valera (1909),Psalms 61:7,Estará para siempre delante de Dios: misericordia y verdad prepara que lo conserven.,Psalms 61:3,"Porque tú has sido mi refugio, y torre de fortaleza delante del enemigo.",The original intercedes for an unnamed king; this full verse expresses personal refuge in God.,https://ebible.org/Scriptures/spaRV1909_usfx.zip
replacement,Sathyavedapusthakam (1910),Psalms 61:7,"അവൻ എന്നേക്കും ദൈവസന്നിധിയിൽ വസിക്കും; അവനെ പരിപാലിക്കേണ്ടതിന്നു ദയയും വിശ്വസ്തതയും കല്പിക്കേണമേ,",Psalms 61:3,നീ എനിക്കൊരു സങ്കേതവും ശത്രുവിന്റെ നേരെ ഉറപ്പുള്ള ഗോപുരവും ആയിരിക്കുന്നുവല്ലോ.,The original intercedes for an unnamed king; this full verse expresses personal refuge in God.,https://api.getbible.net/v2/mal1910.json
replacement,Ang Dating Biblia (1905),Psalms 61:7,"Siya'y tatahan sa harap ng Dios magpakailan man: Oh maghanda ka ng kagandahang-loob at katotohanan, upang mapalagi siya.",Psalms 61:3,"Sapagka't ikaw ay naging aking kanlungan, matibay na moog sa kaaway.",The original intercedes for an unnamed king; this full verse expresses personal refuge in God.,https://api.getbible.net/v2/tagalog.json
replacement,Berean Standard Bible (BSB),Philippians 4:21,Greet all the saints in Christ Jesus. The brothers who are with me send you greetings.,Philippians 4:19,And my God will supply all your needs according to His glorious riches in Christ Jesus.,Replace a personal greeting with a complete assurance about God's provision.,https://ebible.org/Scriptures/engbsb_usfx.zip
replacement,Bible in Basic English (BBE),Philippians 4:21,Give words of love to every saint in Christ Jesus. The brothers who are with me send you their love.,Philippians 4:19,And my God will give you all you have need of from the wealth of his glory in Christ Jesus.,Replace a personal greeting with a complete assurance about God's provision.,https://ebible.org/Scriptures/engBBE_usfx.zip
replacement,King James Version (KJV),Philippians 4:21,Salute every saint in Christ Jesus. The brethren which are with me greet you.,Philippians 4:19,But my God shall supply all your need according to his riches in glory by Christ Jesus.,Replace a personal greeting with a complete assurance about God's provision.,https://ebible.org/Scriptures/eng-kjv2006_usfx.zip
replacement,World English Bible (WEB),Philippians 4:21,Greet every saint in Christ Jesus. The brothers who are with me greet you.,Philippians 4:19,My God will supply every need of yours according to his riches in glory in Christ Jesus.,Replace a personal greeting with a complete assurance about God's provision.,https://ebible.org/Scriptures/engwebu_usfx.zip
replacement,Lutherbibel (1912),Philippians 4:21,"Grüßet alle Heiligen in Christo Jesu. Es grüßen euch die Brüder, die bei mir sind.",Philippians 4:19,Mein Gott aber fülle aus alle eure Notdurft nach seinem Reichtum in der Herrlichkeit in Christo Jesu.,Replace a personal greeting with a complete assurance about God's provision.,https://ebible.org/Scriptures/deu1912_usfx.zip
replacement,Louis Segond (1910),Philippians 4:21,Saluez tous les saints en Jésus-Christ. Les frères qui sont avec moi vous saluent.,Philippians 4:19,"Et mon Dieu pourvoira à tous vos besoins selon sa richesse, avec gloire, en Jésus-Christ.",Replace a personal greeting with a complete assurance about God's provision.,https://ebible.org/Scriptures/fraLSG_usfx.zip
replacement,Riveduta (1927),Philippians 4:21,Salutate ognuno dei santi in Cristo Gesù.,Philippians 4:19,"E l’Iddio mio supplirà ad ogni vostro bisogno secondo le sue ricchezze e con gloria, in Cristo Gesù.",Replace a personal greeting with a complete assurance about God's provision.,https://ebible.org/Scriptures/ita1927_usfx.zip
replacement,Reina-Valera (1909),Philippians 4:21,Saludad á todos los santos en Cristo Jesús. Los hermanos que están conmigo os saludan.,Philippians 4:19,"Mi Dios, pues, suplirá todo lo que os falta conforme á sus riquezas en gloria en Cristo Jesús.",Replace a personal greeting with a complete assurance about God's provision.,https://ebible.org/Scriptures/spaRV1909_usfx.zip
replacement,Sathyavedapusthakam (1910),Philippians 4:21,ക്രിസ്തു യേശുവിൽ ഓരോ വിശുദ്ധനെയും വന്ദനം ചെയ്‌വിൻ. എന്നോടുകൂടെയുള്ള സഹോദരന്മാർ നിങ്ങളെ വന്ദനം ചെയ്യുന്നു.,Philippians 4:19,എന്റെ ദൈവമോ നിങ്ങളുടെ ബുദ്ധിമുട്ടു ഒക്കെയും മഹത്വത്തോടെ തന്റെ ധനത്തിന്നൊത്തവണ്ണം ക്രിസ്തുയേശുവിൽ പൂൎണ്ണമായി തീൎത്തുതരും.,Replace a personal greeting with a complete assurance about God's provision.,https://api.getbible.net/v2/mal1910.json
replacement,Ang Dating Biblia (1905),Philippians 4:21,Batiin ninyo ang bawa't banal kay Cristo Jesus. Binabati kayo ng mga kapatid na kasama ko.,Philippians 4:19,At pupunan ng aking Dios ang bawa't kailangan ninyo ayon sa kaniyang mga kayamanan sa kaluwalhatian kay Cristo Jesus.,Replace a personal greeting with a complete assurance about God's provision.,https://api.getbible.net/v2/tagalog.json
replacement,Berean Standard Bible (BSB),Psalms 84:9,"Take notice of our shield, O God, and look with favor on the face of Your anointed.",Psalms 84:5,"Blessed are those whose strength is in You, whose hearts are set on pilgrimage.",The original prayer refers to an anointed ruler; this complete beatitude expresses strength in God.,https://ebible.org/Scriptures/engbsb_usfx.zip
replacement,Bible in Basic English (BBE),Psalms 84:9,"O God, let your eyes be on him who is our safe cover, and let your heart be turned to your king.",Psalms 84:5,Happy is the man whose strength is in you; in whose heart are the highways to Zion.,The original prayer refers to an anointed ruler; this complete beatitude expresses strength in God.,https://ebible.org/Scriptures/engBBE_usfx.zip
replacement,King James Version (KJV),Psalms 84:9,"Behold, O God our shield, and look upon the face of thine anointed.",Psalms 84:5,Blessed is the man whose strength is in thee; in whose heart are the ways of them.,The original prayer refers to an anointed ruler; this complete beatitude expresses strength in God.,https://ebible.org/Scriptures/eng-kjv2006_usfx.zip
replacement,World English Bible (WEB),Psalms 84:9,"Behold, God our shield, look at the face of your anointed.",Psalms 84:5,"Blessed are those whose strength is in you, who have set their hearts on a pilgrimage.",The original prayer refers to an anointed ruler; this complete beatitude expresses strength in God.,https://ebible.org/Scriptures/engwebu_usfx.zip
replacement,Lutherbibel (1912),Psalms 84:9,"Gott, unser Schild, schaue doch; siehe an das Antlitz deines Gesalbten!",Psalms 84:6,"Wohl den Menschen, die dich für ihre Stärke halten und von Herzen dir nachwandeln,",The original prayer refers to an anointed ruler; this complete beatitude expresses strength in God.,https://ebible.org/Scriptures/deu1912_usfx.zip
replacement,Louis Segond (1910),Psalms 84:9,"Éternel, Dieu des armées, écoute ma prière! Prête l’oreille, Dieu de Jacob! — Pause.",Psalms 84:6,Heureux ceux qui placent en toi leur appui! Ils trouvent dans leur cœur des chemins tout tracés.,The original prayer refers to an anointed ruler; this complete beatitude expresses strength in God.,https://ebible.org/Scriptures/fraLSG_usfx.zip
replacement,Riveduta (1927),Psalms 84:9,"O Dio, scudo nostro, vedi e riguarda la faccia del tuo unto!",Psalms 84:5,"Beati quelli che hanno in te la loro forza, che hanno il cuore alle vie del Santuario!",The original prayer refers to an anointed ruler; this complete beatitude expresses strength in God.,https://ebible.org/Scriptures/ita1927_usfx.zip
replacement,Reina-Valera (1909),Psalms 84:9,"Mira, oh Dios, escudo nuestro, y pon los ojos en el rostro de tu ungido.",Psalms 84:5,Bienaventurado el hombre que tiene su fortaleza en ti; en cuyo corazón están tus caminos.,The original prayer refers to an anointed ruler; this complete beatitude expresses strength in God.,https://ebible.org/Scriptures/spaRV1909_usfx.zip
replacement,Sathyavedapusthakam (1910),Psalms 84:9,"ഞങ്ങളുടെ പരിചയായ ദൈവമേ, നോക്കേണമേ; നിന്റെ അഭിഷിക്തന്റെ മുഖത്തെ കടാക്ഷിക്കേണമേ;",Psalms 84:5,ബലം നിന്നിൽ ഉള്ള മനുഷ്യൻ ഭാഗ്യവാൻ; ഇങ്ങിനെയുള്ളവരുടെ മനസ്സിൽ സീയോനിലേക്കുള്ള പെരുവഴികൾ ഉണ്ടു.,The original prayer refers to an anointed ruler; this complete beatitude expresses strength in God.,https://api.getbible.net/v2/mal1910.json
replacement,Ang Dating Biblia (1905),Psalms 84:9,"Masdan mo, Oh Dios na aming kalasag, at tingnan mo ang mukha ng iyong pinahiran ng langis.",Psalms 84:5,Mapalad ang tao na ang kalakasan ay nasa iyo; na may mga daan sa kaniyang puso na tungo sa Sion.,The original prayer refers to an anointed ruler; this complete beatitude expresses strength in God.,https://api.getbible.net/v2/tagalog.json
replacement,Berean Standard Bible (BSB),Isaiah 30:29,"You will sing as on the night of a holy festival, and your heart will rejoice like one who walks to the music of a flute, going up to the mountain of the LORD, to the Rock of Israel.",Psalms 95:2,Let us enter His presence with thanksgiving; let us make a joyful noise to Him in song.,Replace a long festival comparison with a complete invitation to thankful worship.,https://ebible.org/Scriptures/engbsb_usfx.zip
replacement,Bible in Basic English (BBE),Isaiah 30:29,"You will have a song, as in the night when a holy feast is kept; and you will be glad in heart, as when they go with music of the pipe to the mountain of the Lord, the Rock of Israel.",Psalms 95:2,Let us come before his face with praises; and make melody with holy songs.,Replace a long festival comparison with a complete invitation to thankful worship.,https://ebible.org/Scriptures/engBBE_usfx.zip
replacement,King James Version (KJV),Isaiah 30:29,"Ye shall have a song, as in the night when a holy solemnity is kept; and gladness of heart, as when one goeth with a pipe to come into the mountain of the LORD, to the mighty One of Israel.",Psalms 95:2,"Let us come before his presence with thanksgiving, and make a joyful noise unto him with psalms.",Replace a long festival comparison with a complete invitation to thankful worship.,https://ebible.org/Scriptures/eng-kjv2006_usfx.zip
replacement,World English Bible (WEB),Isaiah 30:29,"You will have a song, as in the night when a holy feast is kept, and gladness of heart, as when one goes with a flute to come to the LORD’s mountain, to Israel’s Rock.",Psalms 95:2,Let’s come before his presence with thanksgiving. Let’s extol him with songs!,Replace a long festival comparison with a complete invitation to thankful worship.,https://ebible.org/Scriptures/engwebu_usfx.zip
replacement,Lutherbibel (1912),Isaiah 30:29,"Da werdet ihr singen wie in der Nacht eines heiligen Festes und euch von Herzen freuen, wie wenn man mit Flötenspiel geht zum Berge des HERRN, zum Hort Israels.",Psalms 95:2,Lasset uns mit Danken vor sein Angesicht kommen und mit Psalmen ihm jauchzen!,Replace a long festival comparison with a complete invitation to thankful worship.,https://ebible.org/Scriptures/deu1912_usfx.zip
replacement,Louis Segond (1910),Isaiah 30:29,"Vous chanterez comme la nuit où l’on célèbre la fête, Vous aurez le cœur joyeux comme celui qui marche au son de la flûte, Pour aller à la montagne de l’Éternel, vers le rocher d’Israël.",Psalms 95:2,"Allons au-devant de lui avec des louanges, Faisons retentir des cantiques en son honneur!",Replace a long festival comparison with a complete invitation to thankful worship.,https://ebible.org/Scriptures/fraLSG_usfx.zip
replacement,Riveduta (1927),Isaiah 30:29,"Allora intonerete de’ canti, come la notte quando si celebra una festa; e avrete la gioia nel cuore, come colui che cammina al suon del flauto per andare al monte dell’Eterno, alla Roccia d’Israele.",Psalms 95:2,"Presentiamoci a lui con lodi, celebriamolo con salmi!",Replace a long festival comparison with a complete invitation to thankful worship.,https://ebible.org/Scriptures/ita1927_usfx.zip
replacement,Reina-Valera (1909),Isaiah 30:29,"Vosotros tendréis canción, como en noche en que se celebra pascua; y alegría de corazón, como el que va con flauta para venir al monte de Jehová, al Fuerte de Israel.",Psalms 95:2,Lleguemos ante su acatamiento con alabanza; aclamémosle con cánticos.,Replace a long festival comparison with a complete invitation to thankful worship.,https://ebible.org/Scriptures/spaRV1909_usfx.zip
replacement,Sathyavedapusthakam (1910),Isaiah 30:29,നിങ്ങൾ ഉത്സവാഘോഷരാത്രിയിൽ എന്നപോലെ പാട്ടുപാടുകയും യഹോവയുടെ പൎവ്വതത്തിൽ യിസ്രായേലിൻ പാറയായവന്റെ അടുക്കൽ ചെല്ലേണ്ടതിന്നു കുഴലോടുകൂടെ പോകുംപോലെ ഹൃദയപൂൎവ്വം സന്തോഷിക്കയും ചെയ്യും.,Psalms 95:2,നാം സ്തോത്രത്തോടെ അവന്റെ സന്നിധിയിൽ ചെല്ലുക; സങ്കീൎത്തനങ്ങളോടെ അവന്നു ഘോഷിക്ക.,Replace a long festival comparison with a complete invitation to thankful worship.,https://api.getbible.net/v2/mal1910.json
replacement,Ang Dating Biblia (1905),Isaiah 30:29,"Kayo'y mangagkakaroon ng awit na gaya ng sa gabi pagka ang banal na kapistahan ay ipinagdidiwang; at kasayahan ng puso, na gaya ng yumayaon na may plauta upang masok sa bundok ng Panginoon, sa malaking Bato ng Israel.",Psalms 95:2,"Tayo'y magsiharap sa kaniyang harapan na may pagpapasalamat, tayo'y magkaingay na may kagalakan sa kaniya na may mga pagaawitan.",Replace a long festival comparison with a complete invitation to thankful worship.,https://api.getbible.net/v2/tagalog.json
replacement,Berean Standard Bible (BSB),Psalms 115:12,The LORD is mindful of us; He will bless us. He will bless the house of Israel; He will bless the house of Aaron;,Psalms 112:5,"It is well with the man who is generous and lends freely, whose affairs are guided by justice.",The original is an unfinished blessing list; this full verse commends generosity and just conduct.,https://ebible.org/Scriptures/engbsb_usfx.zip
replacement,Bible in Basic English (BBE),Psalms 115:12,The Lord has kept us in mind and will give us his blessing; he will send blessings on the house of Israel and on the house of Aaron.,Psalms 112:5,All is well for the man who is kind and gives freely to others; he will make good his cause when he is judged.,The original is an unfinished blessing list; this full verse commends generosity and just conduct.,https://ebible.org/Scriptures/engBBE_usfx.zip
replacement,King James Version (KJV),Psalms 115:12,The LORD hath been mindful of us: he will bless us; he will bless the house of Israel; he will bless the house of Aaron.,Psalms 112:5,"A good man sheweth favour, and lendeth: he will guide his affairs with discretion.",The original is an unfinished blessing list; this full verse commends generosity and just conduct.,https://ebible.org/Scriptures/eng-kjv2006_usfx.zip
replacement,World English Bible (WEB),Psalms 115:12,The LORD remembers us. He will bless us. He will bless the house of Israel. He will bless the house of Aaron.,Psalms 112:5,It is well with the man who deals graciously and lends. He will maintain his cause in judgment.,The original is an unfinished blessing list; this full verse commends generosity and just conduct.,https://ebible.org/Scriptures/engwebu_usfx.zip
replacement,Lutherbibel (1912),Psalms 115:12,"Der HERR denkt an uns und segnet uns; er segnet das Haus Israel, er segnet das Haus Aaron;",Psalms 112:5,"Wohl dem, der barmherzig ist und gerne leidet und richtet seine Sachen aus, daß er niemand Unrecht tue!",The original is an unfinished blessing list; this full verse commends generosity and just conduct.,https://ebible.org/Scriptures/deu1912_usfx.zip
replacement,Louis Segond (1910),Psalms 115:12,"L’Éternel se souvient de nous: il bénira, Il bénira la maison d’Israël, Il bénira la maison d’Aaron,",Psalms 112:5,"Heureux l’homme qui exerce la miséricorde et qui prête, Qui règle ses actions d’après la justice!",The original is an unfinished blessing list; this full verse commends generosity and just conduct.,https://ebible.org/Scriptures/fraLSG_usfx.zip
replacement,Riveduta (1927),Psalms 115:12,"L’Eterno si è ricordato di noi; egli benedirà, sì, benedirà la casa d’Israele, benedirà la casa d’Aaronne,",Psalms 112:5,"Felice l’uomo che ha compassione e presta! Egli guadagnerà la sua causa in giudizio,",The original is an unfinished blessing list; this full verse commends generosity and just conduct.,https://ebible.org/Scriptures/ita1927_usfx.zip
replacement,Reina-Valera (1909),Psalms 115:12,Jehová se acordó de nosotros: nos bendecirá: bendecirá á la casa de Israel; bendecirá á la casa de Aarón.,Psalms 112:5,El hombre de bien tiene misericordia y presta; gobierna sus cosas con juicio.,The original is an unfinished blessing list; this full verse commends generosity and just conduct.,https://ebible.org/Scriptures/spaRV1909_usfx.zip
replacement,Sathyavedapusthakam (1910),Psalms 115:12,യഹോവ നമ്മെ ഓൎത്തിരിക്കുന്നു; അവൻ അനുഗ്രഹിക്കും; അവൻ യിസ്രായേൽഗൃഹത്തെ അനുഗ്രഹിക്കും; അവൻ അഹരോൻഗൃഹത്തെ അനുഗ്രഹിക്കും.,Psalms 112:5,കൃപതോന്നി വായ്പകൊടുക്കുന്നവൻ ശുഭമായിരിക്കും; വ്യവഹാരത്തിൽ അവൻ തന്റെ കാൎയ്യം നേടും.,The original is an unfinished blessing list; this full verse commends generosity and just conduct.,https://api.getbible.net/v2/mal1910.json
replacement,Ang Dating Biblia (1905),Psalms 115:12,"Inalaala tayo ng Panginoon; kaniyang pagpapalain tayo: kaniyang pagpapalain ang sangbahayan ni Israel, kaniyang pagpapalain ang sangbahayan ni Aaron.",Psalms 112:5,"Ang ikabubuti ng taong mapagbiyaya at nagpapahiram, kaniyang aalalayan ang kaniyang usap sa kahatulan.",The original is an unfinished blessing list; this full verse commends generosity and just conduct.,https://api.getbible.net/v2/tagalog.json
source-correction,Lutherbibel (1912),Psalms 12:7,"Du, HERR, wollest sie bewahren und uns behüten vor diesem Geschlecht ewiglich!",Psalms 12:8,"Du, HERR, wollest sie bewahren und uns behüten vor diesem Geschlecht ewiglich!","Match the named edition source exactly, including its verse numbering, wording, capitalization and punctuation; normalize layout whitespace only.",https://ebible.org/Scriptures/deu1912_usfx.zip
source-correction,Louis Segond (1910),Psalms 12:7,"Les paroles de l’Éternel sont des paroles pures, Un argent éprouvé sur terre au creuset, Et sept fois épuré.",Psalms 12:8,"Toi, Éternel! Tu les garderas, Tu les préserveras de cette race à jamais.","Match the named edition source exactly, including its verse numbering, wording, capitalization and punctuation; normalize layout whitespace only.",https://ebible.org/Scriptures/fraLSG_usfx.zip
replacement,Berean Standard Bible (BSB),Psalms 132:5,"Until I find a place for the LORD, a dwelling for the Mighty One of Jacob. ”",Psalms 32:7,You are my hiding place. You protect me from trouble; You surround me with songs of deliverance. Selah,The original is an unfinished 'until' clause; this full verse expresses protection and deliverance.,https://ebible.org/Scriptures/engbsb_usfx.zip
replacement,Bible in Basic English (BBE),Psalms 132:5,"Till I have got a place for the Lord, a resting-place for the great God of Jacob.",Psalms 32:7,You are my safe and secret place; you will keep me from trouble; you will put songs of salvation on the lips of those who are round me. (Selah.),The original is an unfinished 'until' clause; this full verse expresses protection and deliverance.,https://ebible.org/Scriptures/engBBE_usfx.zip
replacement,King James Version (KJV),Psalms 132:5,"Until I find out a place for the LORD, an habitation for the mighty God of Jacob.",Psalms 32:7,Thou art my hiding place; thou shalt preserve me from trouble; thou shalt compass me about with songs of deliverance. Selah.,The original is an unfinished 'until' clause; this full verse expresses protection and deliverance.,https://ebible.org/Scriptures/eng-kjv2006_usfx.zip
replacement,World English Bible (WEB),Psalms 132:5,"Until I find out a place for the LORD, a dwelling for the Mighty One of Jacob.”",Psalms 32:7,You are my hiding place. You will preserve me from trouble. You will surround me with songs of deliverance. Selah.,The original is an unfinished 'until' clause; this full verse expresses protection and deliverance.,https://ebible.org/Scriptures/engwebu_usfx.zip
replacement,Lutherbibel (1912),Psalms 132:5,"bis ich eine Stätte finde für den HERRN, zur Wohnung des Mächtigen Jakobs.”",Psalms 32:7,"Du bist mein Schirm; du wirst mich vor Angst behüten, daß ich errettet gar fröhlich rühmen kann. (Sela.)",The original is an unfinished 'until' clause; this full verse expresses protection and deliverance.,https://ebible.org/Scriptures/deu1912_usfx.zip
replacement,Louis Segond (1910),Psalms 132:5,"Jusqu’à ce que j’aie trouvé un lieu pour l’Éternel, Une demeure pour le puissant de Jacob.",Psalms 32:7,"Tu es un asile pour moi, tu me garantis de la détresse, Tu m’entoures de chants de délivrance. — Pause.",The original is an unfinished 'until' clause; this full verse expresses protection and deliverance.,https://ebible.org/Scriptures/fraLSG_usfx.zip
replacement,Riveduta (1927),Psalms 132:5,"finché abbia trovato un luogo per l’Eterno, una dimora per il Potente di Giacobbe.",Psalms 32:7,"Tu sei il mio ricetto, tu mi guarderai da distretta, tu mi circonderai di canti di liberazione. Sela.",The original is an unfinished 'until' clause; this full verse expresses protection and deliverance.,https://ebible.org/Scriptures/ita1927_usfx.zip
replacement,Reina-Valera (1909),Psalms 132:5,"Hasta que halle lugar para Jehová, moradas para el Fuerte de Jacob.",Psalms 32:7,Tú eres mi refugio; me guardarás de angustia; con cánticos de liberación me rodearás. (Selah.),The original is an unfinished 'until' clause; this full verse expresses protection and deliverance.,https://ebible.org/Scriptures/spaRV1909_usfx.zip
replacement,Sathyavedapusthakam (1910),Psalms 132:5,ഞാൻ എന്റെ കണ്ണിന്നു ഉറക്കവും എന്റെ കൺപോളെക്കു മയക്കവും കൊടുക്കയില്ല.,Psalms 32:7,നീ എനിക്കു മറവിടമാകുന്നു; നീ എന്നെ കഷ്ടത്തിൽനിന്നു സൂക്ഷിക്കും; രക്ഷയുടെ ഉല്ലാസഘോഷംകൊണ്ടു നീ എന്നെ ചുറ്റിക്കൊള്ളും.സേലാ.,The original is an unfinished 'until' clause; this full verse expresses protection and deliverance.,https://api.getbible.net/v2/mal1910.json
replacement,Ang Dating Biblia (1905),Psalms 132:5,"Hanggang sa ako'y makasumpong ng dakong ukol sa Panginoon, ng tabernakulo ukol sa Makapangyarihan ni Jacob.",Psalms 32:7,Ikaw ay aking kublihang dako; iyong iingatan ako sa kabagabagan; iyong kukulungin ako sa palibot ng mga awit ng kaligtasan. (Selah),The original is an unfinished 'until' clause; this full verse expresses protection and deliverance.,https://api.getbible.net/v2/tagalog.json
source-correction,Lutherbibel (1912),Psalms 140:4,"Bewahre mich, HERR, vor der Hand der Gottlosen; behüte mich vor den freveln Leuten, die meinen Gang gedenken umzustoßen.",Psalms 140:5,"Bewahre mich, HERR, vor der Hand der Gottlosen; behüte mich vor den freveln Leuten, die meinen Gang gedenken umzustoßen.","Match the named edition source exactly, including its verse numbering, wording, capitalization and punctuation; normalize layout whitespace only.",https://ebible.org/Scriptures/deu1912_usfx.zip
source-correction,Louis Segond (1910),Psalms 140:4,"Ils aiguisent leur langue comme un serpent, Ils ont sous leurs lèvres un venin d’aspic. — Pause.",Psalms 140:5,"Éternel, garantis-moi des mains du méchant! Préserve-moi des hommes violents, Qui méditent de me faire tomber!","Match the named edition source exactly, including its verse numbering, wording, capitalization and punctuation; normalize layout whitespace only.",https://ebible.org/Scriptures/fraLSG_usfx.zip
source-correction,Lutherbibel (1912),Psalms 18:21,Denn ich halte die Wege des HERRN und bin nicht gottlos wider meinen Gott.,Psalms 18:22,Denn ich halte die Wege des HERRN und bin nicht gottlos wider meinen Gott.,"Match the named edition source exactly, including its verse numbering, wording, capitalization and punctuation; normalize layout whitespace only.",https://ebible.org/Scriptures/deu1912_usfx.zip
source-correction,Louis Segond (1910),Psalms 18:21,"L’Éternel m’a traité selon ma droiture, Il m’a rendu selon la pureté de mes mains;",Psalms 18:22,"Car j’ai observé les voies de l’Éternel, Et je n’ai point été coupable envers mon Dieu.","Match the named edition source exactly, including its verse numbering, wording, capitalization and punctuation; normalize layout whitespace only.",https://ebible.org/Scriptures/fraLSG_usfx.zip
source-correction,Lutherbibel (1912),Psalms 18:3,"Ich rufe an den HERRN, den Hochgelobten, so werde ich von meinen Feinden erlöst.",Psalms 18:4,"Ich rufe an den HERRN, den Hochgelobten, so werde ich von meinen Feinden erlöst.","Match the named edition source exactly, including its verse numbering, wording, capitalization and punctuation; normalize layout whitespace only.",https://ebible.org/Scriptures/deu1912_usfx.zip
source-correction,Louis Segond (1910),Psalms 18:3,"Éternel, mon rocher, ma forteresse, mon libérateur! Mon Dieu, mon rocher, où je trouve un abri! Mon bouclier, la force qui me sauve, ma haute retraite!",Psalms 18:4,Je m’écrie: Loué soit l’Éternel! Et je suis délivré de mes ennemis.,"Match the named edition source exactly, including its verse numbering, wording, capitalization and punctuation; normalize layout whitespace only.",https://ebible.org/Scriptures/fraLSG_usfx.zip
replacement,Berean Standard Bible (BSB),Psalms 10:11,"He says to himself, “God has forgotten; He hides His face and never sees.”",Psalms 9:10,"Those who know Your name trust in You, for You, O LORD, have not forsaken those who seek You.",The original quotes a wicked person's claim that God does not see; the replacement affirms God's care for those who seek Him.,https://ebible.org/Scriptures/engbsb_usfx.zip
replacement,Bible in Basic English (BBE),Psalms 10:11,"He says in his heart, God has no memory of me: his face is turned away; he will never see it.",Psalms 9:10,"And those who have knowledge of your name will put their faith in you; because you, Lord, have ever given your help to those who were waiting for you.",The original quotes a wicked person's claim that God does not see; the replacement affirms God's care for those who seek Him.,https://ebible.org/Scriptures/engBBE_usfx.zip
replacement,King James Version (KJV),Psalms 10:11,"He hath said in his heart, God hath forgotten: he hideth his face; he will never see it.",Psalms 9:10,"And they that know thy name will put their trust in thee: for thou, LORD, hast not forsaken them that seek thee.",The original quotes a wicked person's claim that God does not see; the replacement affirms God's care for those who seek Him.,https://ebible.org/Scriptures/eng-kjv2006_usfx.zip
replacement,World English Bible (WEB),Psalms 10:11,"He says in his heart, “God has forgotten. He hides his face. He will never see it.”",Psalms 9:10,"Those who know your name will put their trust in you, for you, LORD, have not forsaken those who seek you.",The original quotes a wicked person's claim that God does not see; the replacement affirms God's care for those who seek Him.,https://ebible.org/Scriptures/engwebu_usfx.zip
replacement,Lutherbibel (1912),Psalms 10:11,"Er spricht in seinem Herzen: Gott hat's vergessen; er hat sein Antlitz verborgen, er wird's nimmermehr sehen.",Psalms 9:11,"Darum hoffen auf dich, die deinen Namen kennen; denn du verlässest nicht, die dich, HERR, suchen.",The original quotes a wicked person's claim that God does not see; the replacement affirms God's care for those who seek Him.,https://ebible.org/Scriptures/deu1912_usfx.zip
replacement,Louis Segond (1910),Psalms 10:11,"Il dit en son cœur: Dieu oublie! Il cache sa face, il ne regarde jamais!",Psalms 9:11,"Ceux qui connaissent ton nom se confient en toi. Car tu n’abandonnes pas ceux qui te cherchent, ô Éternel!",The original quotes a wicked person's claim that God does not see; the replacement affirms God's care for those who seek Him.,https://ebible.org/Scriptures/fraLSG_usfx.zip
replacement,Riveduta (1927),Psalms 10:11,"Egli dice nel cuor suo: Iddio dimentica, nasconde la sua faccia, mai lo vedrà.",Psalms 9:10,"e quelli che conoscono il tuo nome confideranno in te, perché, o Eterno, tu non abbandoni quelli che ti cercano.",The original quotes a wicked person's claim that God does not see; the replacement affirms God's care for those who seek Him.,https://ebible.org/Scriptures/ita1927_usfx.zip
replacement,Reina-Valera (1909),Psalms 10:11,"Dice en su corazón: Dios está olvidado, ha encubierto su rostro; nunca lo verá.",Psalms 9:10,"Y en ti confiarán los que conocen tu nombre; por cuanto tú, oh Jehová, no desamparaste á los que te buscaron.",The original quotes a wicked person's claim that God does not see; the replacement affirms God's care for those who seek Him.,https://ebible.org/Scriptures/spaRV1909_usfx.zip
replacement,Sathyavedapusthakam (1910),Psalms 10:11,"ദൈവം മറന്നിരിക്കുന്നു, അവൻ തന്റെ മുഖം മറെച്ചിരിക്കുന്നു; അവൻ ഒരുനാളും കാണുകയില്ല എന്നു അവൻ ഹൃദയത്തിൽ പറയുന്നു.",Psalms 9:10,"നിന്റെ നാമത്തെ അറിയുന്നവർ നിങ്കൽ ആശ്രയിക്കും; യഹോവേ, നിന്നെ അന്വേഷിക്കുന്നവരെ നീ ഉപേക്ഷിക്കുന്നില്ലല്ലോ.",The original quotes a wicked person's claim that God does not see; the replacement affirms God's care for those who seek Him.,https://api.getbible.net/v2/mal1910.json
replacement,Ang Dating Biblia (1905),Psalms 10:11,"Sinasabi niya sa kaniyang puso: ang Dios ay nakalimot: kaniyang ikinukubli ang kaniyang mukha, hindi na niya makikita kailan man.",Psalms 9:10,"At silang nangakakaalam ng iyong pangalan ay maglalagak ng kanilang tiwala sa iyo; sapagka't ikaw, Panginoon, ay hindi mo pinabayaan sila na nagsisihanap sa iyo.",The original quotes a wicked person's claim that God does not see; the replacement affirms God's care for those who seek Him.,https://api.getbible.net/v2/tagalog.json
replacement,Berean Standard Bible (BSB),Psalms 10:3,For the wicked man boasts in the cravings of his heart; he blesses the greedy and reviles the LORD.,Psalms 9:9,"The LORD is a refuge for the oppressed, a stronghold in times of trouble.",The original describes wicked boasting; this full verse offers refuge to the oppressed.,https://ebible.org/Scriptures/engbsb_usfx.zip
replacement,Bible in Basic English (BBE),Psalms 10:3,"For the evil-doer is lifted up because of the purpose of his heart, and he whose mind is fixed on wealth is turned away from the Lord, saying evil against him.",Psalms 9:9,"The Lord will be a high tower for those who are crushed down, a high tower in times of trouble;",The original describes wicked boasting; this full verse offers refuge to the oppressed.,https://ebible.org/Scriptures/engBBE_usfx.zip
replacement,King James Version (KJV),Psalms 10:3,"For the wicked boasteth of his heart's desire, and blesseth the covetous, whom the LORD abhorreth.",Psalms 9:9,"The LORD also will be a refuge for the oppressed, a refuge in times of trouble.",The original describes wicked boasting; this full verse offers refuge to the oppressed.,https://ebible.org/Scriptures/eng-kjv2006_usfx.zip
replacement,World English Bible (WEB),Psalms 10:3,For the wicked boasts of his heart’s cravings. He blesses the greedy and condemns the LORD.,Psalms 9:9,The LORD will also be a high tower for the oppressed; a high tower in times of trouble.,The original describes wicked boasting; this full verse offers refuge to the oppressed.,https://ebible.org/Scriptures/engwebu_usfx.zip
replacement,Lutherbibel (1912),Psalms 10:3,"Denn der Gottlose rühmt sich seines Mutwillens, und der Geizige sagt dem Herrn ab und lästert ihn.",Psalms 9:10,"Und der HERR ist des Armen Schutz, ein Schutz in der Not.",The original describes wicked boasting; this full verse offers refuge to the oppressed.,https://ebible.org/Scriptures/deu1912_usfx.zip
replacement,Louis Segond (1910),Psalms 10:3,"Car le méchant se glorifie de sa convoitise, Et le ravisseur outrage, méprise l’Éternel.",Psalms 9:10,"L’Éternel est un refuge pour l’opprimé, Un refuge au temps de la détresse.",The original describes wicked boasting; this full verse offers refuge to the oppressed.,https://ebible.org/Scriptures/fraLSG_usfx.zip
replacement,Riveduta (1927),Psalms 10:3,"poiché l’empio si gloria delle brame dell’anima sua, benedice il rapace e disprezza l’Eterno.",Psalms 9:9,"E l’Eterno sarà un alto ricetto all’oppresso, un alto ricetto in tempi di distretta;",The original describes wicked boasting; this full verse offers refuge to the oppressed.,https://ebible.org/Scriptures/ita1927_usfx.zip
replacement,Reina-Valera (1909),Psalms 10:3,"Por cuanto se alaba el malo del deseo de su alma, y bendice al codicioso, á quien Jehová aborrece.",Psalms 9:9,"Y será Jehová refugio al pobre, refugio para el tiempo de angustia.",The original describes wicked boasting; this full verse offers refuge to the oppressed.,https://ebible.org/Scriptures/spaRV1909_usfx.zip
replacement,Sathyavedapusthakam (1910),Psalms 10:3,ദുഷ്ടൻ തന്റെ മനോരഥത്തിൽ പ്രശംസിക്കുന്നു; ദുരാഗ്രഹി യഹോവയെ ത്യജിച്ചു നിന്ദിക്കുന്നു.,Psalms 9:9,യഹോവ പീഡിതന്നു ഒരു അഭയസ്ഥാനം; കഷ്ടകാലത്തു ഒരഭയസ്ഥാനം തന്നേ.,The original describes wicked boasting; this full verse offers refuge to the oppressed.,https://api.getbible.net/v2/mal1910.json
replacement,Ang Dating Biblia (1905),Psalms 10:3,"Sapagka't ang masama ay nagmamalaki sa nais ng kaniyang puso, at ang mapagimbot ay nagtatakuwil, oo, nagwawalang kabuluhan sa Panginoon.",Psalms 9:9,"Ang Panginoon naman ay magiging matayog na moog sa napipighati, matayog na moog sa mga panahon ng kabagabagan;",The original describes wicked boasting; this full verse offers refuge to the oppressed.,https://api.getbible.net/v2/tagalog.json
source-correction,Berean Standard Bible (BSB),2 Corinthians 8:9,"For you know the grace of our Lord Jesus Christ, that though He was rich, yet for your sake He became poor, so that you through His poverty might become rich.",2 Corinthians 8:9,"For you know the grace of our Lord Jesus Christ, that though He was rich, yet for your sakes He became poor, so that you through His poverty might become rich.","Match the named edition source exactly, including its verse numbering, wording, capitalization and punctuation; normalize layout whitespace only.",https://ebible.org/Scriptures/engbsb_usfx.zip
replacement,Berean Standard Bible (BSB),Psalms 125:5,But those who turn to crooked ways the LORD will banish with the evildoers. Peace be upon Israel.,Proverbs 4:18,"The path of the righteous is like the first gleam of dawn, shining brighter and brighter until midday.",The original concerns banishment of evildoers; this full verse compares the righteous path to increasing daylight.,https://ebible.org/Scriptures/engbsb_usfx.zip
replacement,Bible in Basic English (BBE),Psalms 125:5,"But as for such as are turned out of the straight way, the Lord will take them away with the workers of evil. Let peace be on Israel.",Proverbs 4:18,"But the way of the upright is like the light of early morning, getting brighter and brighter till the full day.",The original concerns banishment of evildoers; this full verse compares the righteous path to increasing daylight.,https://ebible.org/Scriptures/engBBE_usfx.zip
replacement,King James Version (KJV),Psalms 125:5,"As for such as turn aside unto their crooked ways, the LORD shall lead them forth with the workers of iniquity: but peace shall be upon Israel.",Proverbs 4:18,"But the path of the just is as the shining light, that shineth more and more unto the perfect day.",The original concerns banishment of evildoers; this full verse compares the righteous path to increasing daylight.,https://ebible.org/Scriptures/eng-kjv2006_usfx.zip
replacement,World English Bible (WEB),Psalms 125:5,"But as for those who turn away to their crooked ways, the LORD will lead them away with the workers of iniquity. Peace be on Israel.",Proverbs 4:18,But the path of the righteous is like the dawning light that shines more and more until the perfect day.,The original concerns banishment of evildoers; this full verse compares the righteous path to increasing daylight.,https://ebible.org/Scriptures/engwebu_usfx.zip
replacement,Lutherbibel (1912),Psalms 125:5,"Die aber abweichen auf ihre krummen Wege, wird der HERR wegtreiben mit den Übeltätern. Friede sei über Israel!",Proverbs 4:18,"Aber der Gerechten Pfad glänzt wie das Licht, das immer heller leuchtet bis auf den vollen Tag.",The original concerns banishment of evildoers; this full verse compares the righteous path to increasing daylight.,https://ebible.org/Scriptures/deu1912_usfx.zip
replacement,Louis Segond (1910),Psalms 125:5,"Mais ceux qui s’engagent dans des voies détournées, Que l’Éternel les détruise avec ceux qui font le mal! Que la paix soit sur Israël!",Proverbs 4:18,"Le sentier des justes est comme la lumière resplendissante, Dont l’éclat va croissant jusqu’au milieu du jour.",The original concerns banishment of evildoers; this full verse compares the righteous path to increasing daylight.,https://ebible.org/Scriptures/fraLSG_usfx.zip
replacement,Riveduta (1927),Psalms 125:5,"Ma quanto a quelli che deviano per le loro vie tortuose, l’Eterno li farà andare con gli operatori d’iniquità. Pace sia sopra Israele.",Proverbs 4:18,"ma il sentiero dei giusti è come la luce che spunta e va vie più risplendendo, finché sia giorno perfetto.",The original concerns banishment of evildoers; this full verse compares the righteous path to increasing daylight.,https://ebible.org/Scriptures/ita1927_usfx.zip
replacement,Reina-Valera (1909),Psalms 125:5,"Mas á los que se apartan tras sus perversidades, Jehová los llevará con los que obran iniquidad: y paz sea sobre Israel.",Proverbs 4:18,"Mas la senda de los justos es como la luz de la aurora, que va en aumento hasta que el día es perfecto.",The original concerns banishment of evildoers; this full verse compares the righteous path to increasing daylight.,https://ebible.org/Scriptures/spaRV1909_usfx.zip
replacement,Sathyavedapusthakam (1910),Psalms 125:5,എന്നാൽ വളഞ്ഞവഴികളിലേക്കു തിരിയുന്നവരെ യഹോവ ദുഷ്പ്രവൃത്തിക്കാരോടുകൂടെ പോകുമാറാക്കട്ടെ. യിസ്രായേലിന്മേൽ സമാധാനം വരുമാറാകട്ടെ.,Proverbs 4:18,നീതിമാന്മാരുടെ പാതയോ പ്രഭാതത്തിന്റെ വെളിച്ചംപോലെ; അതു നട്ടുച്ചവരെ അധികമധികം ശോഭിച്ചു വരുന്നു.,The original concerns banishment of evildoers; this full verse compares the righteous path to increasing daylight.,https://api.getbible.net/v2/mal1910.json
replacement,Ang Dating Biblia (1905),Psalms 125:5,"Nguni't sa nagsisiliko sa kanilang mga likong lakad, ilalabas ng Panginoon na kasama ng mga manggagawa ng kasamaan. Kapayapaan nawa ay suma Israel.",Proverbs 4:18,"Nguni't ang landas ng matuwid ay parang maliyab na liwanag, na sumisilang ng higit at higit sa sakdal na araw.",The original concerns banishment of evildoers; this full verse compares the righteous path to increasing daylight.,https://api.getbible.net/v2/tagalog.json
replacement,Berean Standard Bible (BSB),Philippians 1:8,God is my witness how I long for all of you with the affection of Christ Jesus.,Philippians 1:9,"And this is my prayer: that your love may abound more and more in knowledge and depth of insight,","Replace a personal expression of longing with a complete prayer for love, knowledge and discernment.",https://ebible.org/Scriptures/engbsb_usfx.zip
replacement,Bible in Basic English (BBE),Philippians 1:8,"For God is my witness, how my love goes out to you all in the loving mercies of Christ Jesus.",Philippians 1:9,And my prayer is that you may be increased more and more in knowledge and experience;,"Replace a personal expression of longing with a complete prayer for love, knowledge and discernment.",https://ebible.org/Scriptures/engBBE_usfx.zip
replacement,King James Version (KJV),Philippians 1:8,"For God is my record, how greatly I long after you all in the bowels of Jesus Christ.",Philippians 1:9,"And this I pray, that your love may abound yet more and more in knowledge and in all judgment;","Replace a personal expression of longing with a complete prayer for love, knowledge and discernment.",https://ebible.org/Scriptures/eng-kjv2006_usfx.zip
replacement,World English Bible (WEB),Philippians 1:8,"For God is my witness, how I long after all of you in the tender mercies of Christ Jesus.",Philippians 1:9,"This I pray, that your love may abound yet more and more in knowledge and all discernment,","Replace a personal expression of longing with a complete prayer for love, knowledge and discernment.",https://ebible.org/Scriptures/engwebu_usfx.zip
replacement,Lutherbibel (1912),Philippians 1:8,"Denn Gott ist mein Zeuge, wie mich nach euch allen verlangt von Herzensgrund in Jesu Christo.",Philippians 1:9,"Und darum bete ich, daß eure Liebe je mehr und mehr reich werde in allerlei Erkenntnis und Erfahrung,","Replace a personal expression of longing with a complete prayer for love, knowledge and discernment.",https://ebible.org/Scriptures/deu1912_usfx.zip
replacement,Louis Segond (1910),Philippians 1:8,Car Dieu m’est témoin que je vous chéris tous avec la tendresse de Jésus-Christ.,Philippians 1:9,"Et ce que je demande dans mes prières, c’est que votre amour augmente de plus en plus en connaissance et en pleine intelligence","Replace a personal expression of longing with a complete prayer for love, knowledge and discernment.",https://ebible.org/Scriptures/fraLSG_usfx.zip
replacement,Riveduta (1927),Philippians 1:8,Poiché Iddio mi è testimone com’io sospiri per voi tutti con affetto sviscerato in Cristo Gesù.,Philippians 1:9,"E la mia preghiera è che il vostro amore sempre più abbondi in conoscenza e in ogni discernimento,","Replace a personal expression of longing with a complete prayer for love, knowledge and discernment.",https://ebible.org/Scriptures/ita1927_usfx.zip
replacement,Reina-Valera (1909),Philippians 1:8,Porque Dios me es testigo de cómo os amo á todos vosotros en las entrañas de Jesucristo.,Philippians 1:9,"Y esto ruego, que vuestro amor abunde aun más y más en ciencia y en todo conocimiento,","Replace a personal expression of longing with a complete prayer for love, knowledge and discernment.",https://ebible.org/Scriptures/spaRV1909_usfx.zip
replacement,Sathyavedapusthakam (1910),Philippians 1:8,ക്രിസ്തുയേശുവിന്റെ ആൎദ്രതയോടെ ഞാൻ നിങ്ങളെ എല്ലാവരെയും കാണ്മാൻ എത്ര വാഞ്ഛിക്കുന്നു എന്നതിന്നു ദൈവം സാക്ഷി.,Philippians 1:9,നിങ്ങളുടെ സ്നേഹം മേല്ക്കുമേൽ പരിജ്ഞാനത്തിലും സകലവിവേകത്തിലും വൎദ്ധിച്ചു വന്നിട്ടു,"Replace a personal expression of longing with a complete prayer for love, knowledge and discernment.",https://api.getbible.net/v2/mal1910.json
replacement,Ang Dating Biblia (1905),Philippians 1:8,"Sapagka't saksi ko ang Dios, kung gaano ang pananabik ko sa inyong lahat sa mahinahong habag ni Cristo Jesus.",Philippians 1:9,"At ito'y idinadalangin ko, na ang inyong pagibig ay lalo't lalo pang sumagana nawa sa kaalaman at sa lahat ng pagkakilala;","Replace a personal expression of longing with a complete prayer for love, knowledge and discernment.",https://api.getbible.net/v2/tagalog.json
replacement,Berean Standard Bible (BSB),Psalms 143:4,My spirit grows faint within me; my heart is dismayed inside me.,Psalms 119:50,"This is my comfort in affliction, that Your promise has given me life.",The original ends in distress without its surrounding prayer; the replacement explicitly pairs affliction with comfort.,https://ebible.org/Scriptures/engbsb_usfx.zip
replacement,Bible in Basic English (BBE),Psalms 143:4,Because of this my spirit is overcome; and my heart is full of fear.,Psalms 119:50,This is my comfort in my trouble; that your sayings have given me life.,The original ends in distress without its surrounding prayer; the replacement explicitly pairs affliction with comfort.,https://ebible.org/Scriptures/engBBE_usfx.zip
replacement,King James Version (KJV),Psalms 143:4,Therefore is my spirit overwhelmed within me; my heart within me is desolate.,Psalms 119:50,This is my comfort in my affliction: for thy word hath quickened me.,The original ends in distress without its surrounding prayer; the replacement explicitly pairs affliction with comfort.,https://ebible.org/Scriptures/eng-kjv2006_usfx.zip
replacement,World English Bible (WEB),Psalms 143:4,Therefore my spirit is overwhelmed within me. My heart within me is desolate.,Psalms 119:50,"This is my comfort in my affliction, for your word has revived me.",The original ends in distress without its surrounding prayer; the replacement explicitly pairs affliction with comfort.,https://ebible.org/Scriptures/engwebu_usfx.zip
replacement,Lutherbibel (1912),Psalms 143:4,Und mein Geist ist in mir geängstet; mein Herz ist mir in meinem Leibe verzehrt.,Psalms 119:50,Das ist mein Trost in meinem Elend; denn dein Wort erquickt mich.,The original ends in distress without its surrounding prayer; the replacement explicitly pairs affliction with comfort.,https://ebible.org/Scriptures/deu1912_usfx.zip
replacement,Louis Segond (1910),Psalms 143:4,"Mon esprit est abattu au-dedans de moi, Mon cœur est troublé dans mon sein.",Psalms 119:50,"C’est ma consolation dans ma misère, Car ta promesse me rend la vie.",The original ends in distress without its surrounding prayer; the replacement explicitly pairs affliction with comfort.,https://ebible.org/Scriptures/fraLSG_usfx.zip
replacement,Riveduta (1927),Psalms 143:4,"Il mio spirito è abbattuto in me, il mio cuore è tutto smarrito dentro di me.",Psalms 119:50,Questo è il mio conforto nella mia afflizione; che la tua parola mi vivifica.,The original ends in distress without its surrounding prayer; the replacement explicitly pairs affliction with comfort.,https://ebible.org/Scriptures/ita1927_usfx.zip
replacement,Reina-Valera (1909),Psalms 143:4,Y mi espíritu se angustió dentro de mí; pasmóse mi corazón.,Psalms 119:50,Esta es mi consuelo en mi aflicción: porque tu dicho me ha vivificado.,The original ends in distress without its surrounding prayer; the replacement explicitly pairs affliction with comfort.,https://ebible.org/Scriptures/spaRV1909_usfx.zip
replacement,Sathyavedapusthakam (1910),Psalms 143:4,ആകയാൽ എന്റെ മനം എന്റെ ഉള്ളിൽ വിഷാദിച്ചിരിക്കുന്നു; എന്റെ ഹൃദയം എന്റെ ഉള്ളിൽ സ്തംഭിച്ചിരിക്കുന്നു.,Psalms 119:50,നിന്റെ വചനം എന്നെ ജീവിപ്പിച്ചിരിക്കുന്നതു എന്റെ കഷ്ടതയിൽ എനിക്കു ആശ്വാസമാകുന്നു.,The original ends in distress without its surrounding prayer; the replacement explicitly pairs affliction with comfort.,https://api.getbible.net/v2/mal1910.json
replacement,Ang Dating Biblia (1905),Psalms 143:4,Kaya't ang aking diwa ay nanglulupaypay sa loob ko; ang puso ko sa loob ko ay bagbag.,Psalms 119:50,Ito'y aking kaaliwan sa aking pagkapighati: sapagka't binuhay ako ng iyong salita.,The original ends in distress without its surrounding prayer; the replacement explicitly pairs affliction with comfort.,https://api.getbible.net/v2/tagalog.json
source-correction,Lutherbibel (1912),Psalms 19:8,Die Befehle des HERRN sind richtig und erfreuen das Herz; die Gebote des HERRN sind lauter und erleuchten die Augen.,Psalms 19:9,Die Befehle des HERRN sind richtig und erfreuen das Herz; die Gebote des HERRN sind lauter und erleuchten die Augen.,"Match the named edition source exactly, including its verse numbering, wording, capitalization and punctuation; normalize layout whitespace only.",https://ebible.org/Scriptures/deu1912_usfx.zip
source-correction,Louis Segond (1910),Psalms 19:8,"La loi de l’Éternel est parfaite, elle restaure l’âme; Le témoignage de l’Éternel est véritable, il rend sage l’ignorant.",Psalms 19:9,"Les ordonnances de l’Éternel sont droites, elles réjouissent le cœur; Les commandements de l’Éternel sont purs, ils éclairent les yeux.","Match the named edition source exactly, including its verse numbering, wording, capitalization and punctuation; normalize layout whitespace only.",https://ebible.org/Scriptures/fraLSG_usfx.zip
source-correction,Lutherbibel (1912),Psalms 22:26,"Die Elenden sollen essen, daß sie satt werden; und die nach dem HERRN fragen, werden ihn preisen; euer Herz soll ewiglich leben.",Psalms 22:27,"Die Elenden sollen essen, daß sie satt werden; und die nach dem HERRN fragen, werden ihn preisen; euer Herz soll ewiglich leben.","Match the named edition source exactly, including its verse numbering, wording, capitalization and punctuation; normalize layout whitespace only.",https://ebible.org/Scriptures/deu1912_usfx.zip
source-correction,Louis Segond (1910),Psalms 22:26,Tu seras dans la grande assemblée l’objet de mes louanges; J’accomplirai mes vœux en présence de ceux qui te craignent.,Psalms 22:27,"Les malheureux mangeront et se rassasieront, Ceux qui cherchent l’Éternel le célébreront. Que votre cœur vive à toujours!","Match the named edition source exactly, including its verse numbering, wording, capitalization and punctuation; normalize layout whitespace only.",https://ebible.org/Scriptures/fraLSG_usfx.zip
source-correction,King James Version (KJV),Psalms 25:7,"Remember not the sins of my youth, nor my transgressions: according to thy mercy remember thou me for thy goodness' sake, O LORD.",Psalms 25:7,"Remember not the sins of my youth, nor my transgressions: according to thy mercy remember thou me for thy goodness’ sake, O LORD.","Match the named edition source exactly, including its verse numbering, wording, capitalization and punctuation; normalize layout whitespace only.",https://ebible.org/Scriptures/eng-kjv2006_usfx.zip
source-correction,World English Bible (WEB),Galatians 3:14,"That the blessing of Abraham might come on the Gentiles through Christ Jesus, that we might receive the promise of the Spirit through faith.",Galatians 3:14,"that the blessing of Abraham might come on the Gentiles through Christ Jesus, that we might receive the promise of the Spirit through faith.","Match the named edition source exactly, including its verse numbering, wording, capitalization and punctuation; normalize layout whitespace only.",https://ebible.org/Scriptures/engwebu_usfx.zip
replacement,Berean Standard Bible (BSB),Psalms 37:4,"Delight yourself in the LORD, and He will give you the desires of your heart.",Psalms 37:23,The steps of a man are ordered by the LORD who takes delight in his journey.,Remove a duplicate of the existing Psalm 37:4 card; the replacement expresses God's guidance.,https://ebible.org/Scriptures/engbsb_usfx.zip
replacement,Bible in Basic English (BBE),Psalms 37:4,"So will your delight be in the Lord, and he will give you your heart's desires.",Psalms 37:23,"The steps of a good man are ordered by the Lord, and he takes delight in his way.",Remove a duplicate of the existing Psalm 37:4 card; the replacement expresses God's guidance.,https://ebible.org/Scriptures/engBBE_usfx.zip
replacement,King James Version (KJV),Psalms 37:4,Delight thyself also in the LORD; and he shall give thee the desires of thine heart.,Psalms 37:23,The steps of a good man are ordered by the LORD: and he delighteth in his way.,Remove a duplicate of the existing Psalm 37:4 card; the replacement expresses God's guidance.,https://ebible.org/Scriptures/eng-kjv2006_usfx.zip
replacement,World English Bible (WEB),Psalms 37:4,"Also delight yourself in the LORD, and he will give you the desires of your heart.",Psalms 37:23,A man’s steps are established by the LORD. He delights in his way.,Remove a duplicate of the existing Psalm 37:4 card; the replacement expresses God's guidance.,https://ebible.org/Scriptures/engwebu_usfx.zip
replacement,Lutherbibel (1912),Psalms 37:4,"Habe Deine Lust am HERRN; der wird dir geben, was dein Herz wünschet.",Psalms 37:23,"Von dem HERRN wird solches Mannes Gang gefördert, und er hat Lust an seinem Wege.",Remove a duplicate of the existing Psalm 37:4 card; the replacement expresses God's guidance.,https://ebible.org/Scriptures/deu1912_usfx.zip
replacement,Louis Segond (1910),Psalms 37:4,"Fais de l’Éternel tes délices, Et il te donnera ce que ton cœur désire.",Psalms 37:23,"L’Éternel affermit les pas de l’homme, Et il prend plaisir à sa voie;",Remove a duplicate of the existing Psalm 37:4 card; the replacement expresses God's guidance.,https://ebible.org/Scriptures/fraLSG_usfx.zip
replacement,Riveduta (1927),Psalms 37:4,"Prendi il tuo diletto nell’Eterno, ed egli ti darà quel che il tuo cuore domanda.",Psalms 37:23,I passi dell’uomo dabbene son diretti dall’Eterno ed egli gradisce le vie di lui.,Remove a duplicate of the existing Psalm 37:4 card; the replacement expresses God's guidance.,https://ebible.org/Scriptures/ita1927_usfx.zip
replacement,Reina-Valera (1909),Psalms 37:4,"Pon asimismo tu delicia en Jehová, y él te dará las peticiones de tu corazón.",Psalms 37:23,"Por Jehová son ordenados los pasos del hombre, y aprueba su camino.",Remove a duplicate of the existing Psalm 37:4 card; the replacement expresses God's guidance.,https://ebible.org/Scriptures/spaRV1909_usfx.zip
replacement,Sathyavedapusthakam (1910),Psalms 37:4,അവൻ നിന്റെ ഹൃദയത്തിലെ ആഗ്രഹങ്ങളെ നിനക്കു തരും.,Psalms 37:23,ഒരു മനുഷ്യന്റെ വഴിയിൽ പ്രസാദം തോന്നിയാൽ യഹോവ അവന്റെ ഗമനം സ്ഥിരമാക്കുന്നു.,Remove a duplicate of the existing Psalm 37:4 card; the replacement expresses God's guidance.,https://api.getbible.net/v2/mal1910.json
replacement,Ang Dating Biblia (1905),Psalms 37:4,Magpakaligaya ka naman sa Panginoon; at bibigyan ka niya ng nasa ng iyong puso.,Psalms 37:23,Ang lakad ng tao ay itinatag ng Panginoon; at siya'y nasasayahan sa kaniyang lakad.,Remove a duplicate of the existing Psalm 37:4 card; the replacement expresses God's guidance.,https://api.getbible.net/v2/tagalog.json
source-correction,Lutherbibel (1912),Psalms 4:7,"Du erfreuest mein Herz, ob jene gleich viel Wein und Korn haben.",Psalms 4:8,"Du erfreuest mein Herz, ob jene gleich viel Wein und Korn haben.","Match the named edition source exactly, including its verse numbering, wording, capitalization and punctuation; normalize layout whitespace only.",https://ebible.org/Scriptures/deu1912_usfx.zip
source-correction,Louis Segond (1910),Psalms 4:7,"Plusieurs disent: Qui nous fera voir le bonheur? Fais lever sur nous la lumière de ta face, ô Éternel!",Psalms 4:8,Tu mets dans mon cœur plus de joie qu’ils n’en ont Quand abondent leur froment et leur moût.,"Match the named edition source exactly, including its verse numbering, wording, capitalization and punctuation; normalize layout whitespace only.",https://ebible.org/Scriptures/fraLSG_usfx.zip
source-correction,Lutherbibel (1912),Psalms 40:8,"Deinen Willen, mein Gott, tue ich gern, und dein Gesetz habe ich in meinem Herzen.",Psalms 40:9,"Deinen Willen, mein Gott, tue ich gern, und dein Gesetz habe ich in meinem Herzen.","Match the named edition source exactly, including its verse numbering, wording, capitalization and punctuation; normalize layout whitespace only.",https://ebible.org/Scriptures/deu1912_usfx.zip
source-correction,Louis Segond (1910),Psalms 40:8,"Alors je dis: Voici, je viens Avec le rouleau du livre écrit pour moi.",Psalms 40:9,"Je veux faire ta volonté, mon Dieu! Et ta loi est au fond de mon cœur.","Match the named edition source exactly, including its verse numbering, wording, capitalization and punctuation; normalize layout whitespace only.",https://ebible.org/Scriptures/fraLSG_usfx.zip
source-correction,Reina-Valera (1909),Psalms 10:14,"Tú lo tienes visto: porque tú miras el trabajo, y la vejación, para vengar le por tu mano: á ti se acoge el pobre, tú eres el amparo del huérfano.",Psalms 10:14,"Tú lo tienes visto: porque tú miras el trabajo, y la vejación, para vengarle por tu mano: á ti se acoge el pobre, tú eres el amparo del huérfano.","Match the named edition source exactly, including its verse numbering, wording, capitalization and punctuation; normalize layout whitespace only.",https://ebible.org/Scriptures/spaRV1909_usfx.zip
source-correction,King James Version (KJV),Psalms 109:21,"But do thou for me, O GOD the Lord, for thy name's sake: because thy mercy is good, deliver thou me.",Psalms 109:21,"But do thou for me, O GOD the Lord, for thy name’s sake: because thy mercy is good, deliver thou me.","Match the named edition source exactly, including its verse numbering, wording, capitalization and punctuation; normalize layout whitespace only.",https://ebible.org/Scriptures/eng-kjv2006_usfx.zip
replacement,Berean Standard Bible (BSB),2 Corinthians 8:7,"But just as you excel in everything—in faith, in speech, in knowledge, in complete earnestness, and in the love we inspired in you —see that you also excel in this grace of giving.",2 Corinthians 9:8,"And God is able to make all grace abound to you, so that in all things, at all times, having all that you need, you will abound in every good work.",Replace a lengthy list with a complete assurance of God's grace for good works.,https://ebible.org/Scriptures/engbsb_usfx.zip
replacement,Bible in Basic English (BBE),2 Corinthians 8:7,"And that as you are full of every good thing, of faith, of the word, of knowledge, of a ready mind, and of love to us, so you may be full of this grace in the same way.",2 Corinthians 9:8,"And God is able to give you all grace in full measure; so that ever having enough of all things, you may be full of every good work:",Replace a lengthy list with a complete assurance of God's grace for good works.,https://ebible.org/Scriptures/engBBE_usfx.zip
replacement,King James Version (KJV),2 Corinthians 8:7,"Therefore, as ye abound in every thing, in faith, and utterance, and knowledge, and in all diligence, and in your love to us, see that ye abound in this grace also.",2 Corinthians 9:8,"And God is able to make all grace abound toward you; that ye, always having all sufficiency in all things, may abound to every good work:",Replace a lengthy list with a complete assurance of God's grace for good works.,https://ebible.org/Scriptures/eng-kjv2006_usfx.zip
replacement,World English Bible (WEB),2 Corinthians 8:7,"But as you abound in everything—in faith, utterance, knowledge, all earnestness, and in your love to us—see that you also abound in this grace.",2 Corinthians 9:8,"And God is able to make all grace abound to you, that you, always having all sufficiency in everything, may abound to every good work.",Replace a lengthy list with a complete assurance of God's grace for good works.,https://ebible.org/Scriptures/engwebu_usfx.zip
replacement,Lutherbibel (1912),2 Corinthians 8:7,"Aber gleichwie ihr in allen Stücken reich seid, im Glauben und im Wort und in der Erkenntnis und in allerlei Fleiß und in eurer Liebe zu uns, also schaffet, daß ihr auch in dieser Wohltat reich seid.",2 Corinthians 9:8,"Gott aber kann machen, daß allerlei Gnade unter euch reichlich sei, daß ihr in allen Dingen volle Genüge habt und reich seid zu allerlei guten Werken;",Replace a lengthy list with a complete assurance of God's grace for good works.,https://ebible.org/Scriptures/deu1912_usfx.zip
replacement,Louis Segond (1910),2 Corinthians 8:7,"De même que vous excellez en toutes choses, en foi, en parole, en connaissance, en zèle à tous égards, et dans votre amour pour nous, faites en sorte d’exceller aussi dans cette œuvre de bienfaisance.",2 Corinthians 9:8,"Et Dieu peut vous combler de toutes sortes de grâces, afin que, possédant toujours en toutes choses de quoi satisfaire à tous vos besoins, vous ayez encore en abondance pour toute bonne œuvre,",Replace a lengthy list with a complete assurance of God's grace for good works.,https://ebible.org/Scriptures/fraLSG_usfx.zip
replacement,Riveduta (1927),2 Corinthians 8:7,"Ma siccome voi abbondate in ogni cosa, in fede, in parola, in conoscenza, in ogni zelo e nell’amore che avete per noi, vedete d’abbondare anche in quest’opera di carità.",2 Corinthians 9:8,"E Dio è potente da far abbondare su di voi ogni grazia, affinché, avendo sempre in ogni cosa tutto quel che vi è necessario, abbondiate in ogni opera buona;",Replace a lengthy list with a complete assurance of God's grace for good works.,https://ebible.org/Scriptures/ita1927_usfx.zip
replacement,Reina-Valera (1909),2 Corinthians 8:7,"Por tanto, como en todo abundáis, en fe, y en palabra, y en ciencia, y en toda solicitud, y en vuestro amor para con nosotros, que también abundéis en esta gracia.",2 Corinthians 9:8,"Y poderoso es Dios para hacer que abunde en vosotros toda gracia; á fin de que, teniendo siempre en todas las cosas todo lo que basta, abundéis para toda buena obra:",Replace a lengthy list with a complete assurance of God's grace for good works.,https://ebible.org/Scriptures/spaRV1909_usfx.zip
replacement,Sathyavedapusthakam (1910),2 Corinthians 8:7,"എന്നാൽ വിശ്വാസം, വചനം, പരിജ്ഞാനം, പൂൎണ്ണജാഗ്രത, ഞങ്ങളോടുള്ള സ്നേഹം ഇങ്ങനെ എല്ലാറ്റിലും നിങ്ങൾ മുന്തിയിരിക്കുന്നതുപോലെ ഈ ധൎമ്മകാൎയ്യത്തിലും മുന്തിവരുവിൻ.",2 Corinthians 9:8,നിങ്ങൾ സകലത്തിലും എപ്പോഴും പൂൎണ്ണതൃപ്തിയുള്ളവരായി സകല സൽപ്രവൃത്തിയിലും പെരുകി വരുമാറു നിങ്ങളിൽ സകലകൃപയും പെരുക്കുവാൻ ദൈവം ശക്തൻ ആകുന്നു.,Replace a lengthy list with a complete assurance of God's grace for good works.,https://api.getbible.net/v2/mal1910.json
replacement,Ang Dating Biblia (1905),2 Corinthians 8:7,"Datapuwa't yamang kayo'y nagsisisagana sa lahat ng mga bagay, sa pananampalataya, at pananalita, at kaalaman, at sa buong kasipagan, at sa inyong pagibig sa amin ay magsisagana naman kayo sa biyayang ito.",2 Corinthians 9:8,"At maaaring gawin ng Dios na ang lahat ng biyaya ay magsisagana sa inyo; upang kayo, na mayroong laging buong kaya sa lahat ay magsipanagana sa bawa't mabuting gawa:",Replace a lengthy list with a complete assurance of God's grace for good works.,https://api.getbible.net/v2/tagalog.json
replacement,Berean Standard Bible (BSB),Psalms 110:2,The LORD extends Your mighty scepter from Zion: “Rule in the midst of Your enemies.”,Psalms 145:14,The LORD upholds all who fall and lifts up all who are bowed down.,The original commands rule among enemies; this full verse expresses care for those who fall or are bowed down.,https://ebible.org/Scriptures/engbsb_usfx.zip
replacement,Bible in Basic English (BBE),Psalms 110:2,The Lord will send out the rod of your strength from Zion; be king over your haters.,Psalms 145:14,"The Lord is the support of all who are crushed, and the lifter up of all who are bent down.",The original commands rule among enemies; this full verse expresses care for those who fall or are bowed down.,https://ebible.org/Scriptures/engBBE_usfx.zip
replacement,King James Version (KJV),Psalms 110:2,The LORD shall send the rod of thy strength out of Zion: rule thou in the midst of thine enemies.,Psalms 145:14,"The LORD upholdeth all that fall, and raiseth up all those that be bowed down.",The original commands rule among enemies; this full verse expresses care for those who fall or are bowed down.,https://ebible.org/Scriptures/eng-kjv2006_usfx.zip
replacement,World English Bible (WEB),Psalms 110:2,The LORD will send out the rod of your strength out of Zion. Rule among your enemies.,Psalms 145:14,"The LORD upholds all who fall, and raises up all those who are bowed down.",The original commands rule among enemies; this full verse expresses care for those who fall or are bowed down.,https://ebible.org/Scriptures/engwebu_usfx.zip
replacement,Lutherbibel (1912),Psalms 110:2,Der HERR wird das Zepter deines Reiches senden aus Zion: “Herrsche unter deinen Feinden!”,Psalms 145:14,"Der HERR erhält alle, die da fallen, und richtet auf alle, die niedergeschlagen sind.",The original commands rule among enemies; this full verse expresses care for those who fall or are bowed down.,https://ebible.org/Scriptures/deu1912_usfx.zip
replacement,Louis Segond (1910),Psalms 110:2,L’Éternel étendra de Sion le sceptre de ta puissance: Domine au milieu de tes ennemis!,Psalms 145:14,"L’Éternel soutient tous ceux qui tombent, Et il redresse tous ceux qui sont courbés.",The original commands rule among enemies; this full verse expresses care for those who fall or are bowed down.,https://ebible.org/Scriptures/fraLSG_usfx.zip
replacement,Riveduta (1927),Psalms 110:2,L’Eterno estenderà da Sion lo scettro della sua potenza: Signoreggia in mezzo ai tuoi nemici!,Psalms 145:14,L’Eterno sostiene tutti quelli che cadono e rialza tutti quelli che son depressi.,The original commands rule among enemies; this full verse expresses care for those who fall or are bowed down.,https://ebible.org/Scriptures/ita1927_usfx.zip
replacement,Reina-Valera (1909),Psalms 110:2,La vara de tu fortaleza enviará Jehová desde Sión: domina en medio de tus enemigos.,Psalms 145:14,"Sostiene Jehová á todos los que caen, y levanta á todos los oprimidos.",The original commands rule among enemies; this full verse expresses care for those who fall or are bowed down.,https://ebible.org/Scriptures/spaRV1909_usfx.zip
replacement,Sathyavedapusthakam (1910),Psalms 110:2,നിന്റെ ബലമുള്ള ചെങ്കോൽ യഹോവ സീയോനിൽനിന്നു നീട്ടും; നീ നിന്റെ ശത്രുക്കളുടെ മദ്ധ്യേ വാഴുക.,Psalms 145:14,വീഴുന്നവരെ ഒക്കെയും യഹോവ താങ്ങുന്നു; കുനിഞ്ഞിരിക്കുന്നവരെ ഒക്കെയും അവൻ നിവിൎത്തുന്നു.,The original commands rule among enemies; this full verse expresses care for those who fall or are bowed down.,https://api.getbible.net/v2/mal1910.json
replacement,Ang Dating Biblia (1905),Psalms 110:2,Pararatingin ng Panginoon ang setro ng iyong kalakasan mula sa Sion: magpuno ka sa gitna ng iyong mga kaaway.,Psalms 145:14,"Inaalalayan ng Panginoon ang lahat na nangabubuwal, at itinatayo yaong nangasusubasob.",The original commands rule among enemies; this full verse expresses care for those who fall or are bowed down.,https://api.getbible.net/v2/tagalog.json
replacement,Berean Standard Bible (BSB),Psalms 115:10,"O house of Aaron, trust in the LORD! He is their help and shield.",Psalms 112:4,"Light dawns in the darkness for the upright— for the gracious, compassionate, and righteous.","Replace a narrowly addressed, repeated call to trust with a complete image of light in darkness.",https://ebible.org/Scriptures/engbsb_usfx.zip
replacement,Bible in Basic English (BBE),Psalms 115:10,"O house of Aaron, have faith in the Lord: he is their help and their breastplate.",Psalms 112:4,For the upright there is a light shining in the dark; he is full of grace and pity.,"Replace a narrowly addressed, repeated call to trust with a complete image of light in darkness.",https://ebible.org/Scriptures/engBBE_usfx.zip
replacement,King James Version (KJV),Psalms 115:10,"O house of Aaron, trust in the LORD: he is their help and their shield.",Psalms 112:4,"Unto the upright there ariseth light in the darkness: he is gracious, and full of compassion, and righteous.","Replace a narrowly addressed, repeated call to trust with a complete image of light in darkness.",https://ebible.org/Scriptures/eng-kjv2006_usfx.zip
replacement,World English Bible (WEB),Psalms 115:10,"House of Aaron, trust in the LORD! He is their help and their shield.",Psalms 112:4,"Light dawns in the darkness for the upright, gracious, merciful, and righteous.","Replace a narrowly addressed, repeated call to trust with a complete image of light in darkness.",https://ebible.org/Scriptures/engwebu_usfx.zip
replacement,Lutherbibel (1912),Psalms 115:10,Das Haus Aaron hoffe auf den HERRN! Der ist ihre Hilfe und Schild.,Psalms 112:4,"Den Frommen geht das Licht auf in der Finsternis von dem Gnädigen, Barmherzigen und Gerechten.","Replace a narrowly addressed, repeated call to trust with a complete image of light in darkness.",https://ebible.org/Scriptures/deu1912_usfx.zip
replacement,Louis Segond (1910),Psalms 115:10,"Maison d’Aaron, confie-toi en l’Éternel! Il est leur secours et leur bouclier.",Psalms 112:4,"La lumière se lève dans les ténèbres pour les hommes droits, Pour celui qui est miséricordieux, compatissant et juste.","Replace a narrowly addressed, repeated call to trust with a complete image of light in darkness.",https://ebible.org/Scriptures/fraLSG_usfx.zip
replacement,Riveduta (1927),Psalms 115:10,"O casa d’Aaronne, confida nell’Eterno! Egli è il loro aiuto e il loro scudo.",Psalms 112:4,"La luce si leva nelle tenebre per quelli che son retti, per chi è misericordioso, pietoso e giusto.","Replace a narrowly addressed, repeated call to trust with a complete image of light in darkness.",https://ebible.org/Scriptures/ita1927_usfx.zip
replacement,Reina-Valera (1909),Psalms 115:10,"Casa de Aarón, confiad en Jehová: él es su ayuda y su escudo.",Psalms 112:4,"Resplandeció en las tinieblas luz á los rectos: es clemente, y misericordioso, y justo.","Replace a narrowly addressed, repeated call to trust with a complete image of light in darkness.",https://ebible.org/Scriptures/spaRV1909_usfx.zip
replacement,Sathyavedapusthakam (1910),Psalms 115:10,"അഹരോൻഗൃഹമേ, യഹോവയിൽ ആശ്രയിക്ക; അവൻ അവരുടെ സഹായവും പരിചയും ആകുന്നു.",Psalms 112:4,നേരുള്ളവൎക്കു ഇരുട്ടിൽ വെളിച്ചം ഉദിക്കുന്നു; അവൻ കൃപയും കരുണയും നീതിയും ഉള്ളവനാകുന്നു.,"Replace a narrowly addressed, repeated call to trust with a complete image of light in darkness.",https://api.getbible.net/v2/mal1910.json
replacement,Ang Dating Biblia (1905),Psalms 115:10,"Oh sangbahayan ni Aaron, magsitiwala kayo sa Panginoon: siya'y kanilang saklolo at kanilang kalasag.",Psalms 112:4,"Sa matuwid ay bumabangon ang liwanag sa kadiliman: siya'y mapagbiyaya at puspos ng kahabagan, at matuwid.","Replace a narrowly addressed, repeated call to trust with a complete image of light in darkness.",https://api.getbible.net/v2/tagalog.json
replacement,Berean Standard Bible (BSB),Psalms 143:7,"Answer me quickly, O LORD; my spirit fails. Do not hide Your face from me, or I will be like those who descend to the Pit.",Psalms 42:8,"The LORD decrees His loving devotion by day, and at night His song is with me as a prayer to the God of my life.",The original ends with descent to the pit; this full verse expresses God's love by day and sustaining song and prayer by night.,https://ebible.org/Scriptures/engbsb_usfx.zip
replacement,Bible in Basic English (BBE),Psalms 143:7,"Be quick in answering me, O Lord, for the strength of my spirit is gone: let me see your face, so that I may not be like those who go down into the underworld.",Psalms 42:8,"But the Lord will send his mercy in the daytime, and in the night his song will be with me, a prayer to the God of my life.",The original ends with descent to the pit; this full verse expresses God's love by day and sustaining song and prayer by night.,https://ebible.org/Scriptures/engBBE_usfx.zip
replacement,King James Version (KJV),Psalms 143:7,"Hear me speedily, O LORD: my spirit faileth: hide not thy face from me, lest I be like unto them that go down into the pit.",Psalms 42:8,"Yet the LORD will command his lovingkindness in the daytime, and in the night his song shall be with me, and my prayer unto the God of my life.",The original ends with descent to the pit; this full verse expresses God's love by day and sustaining song and prayer by night.,https://ebible.org/Scriptures/eng-kjv2006_usfx.zip
replacement,World English Bible (WEB),Psalms 143:7,"Hurry to answer me, LORD. My spirit fails. Don’t hide your face from me, so that I don’t become like those who go down into the pit.",Psalms 42:8,The LORD will command his loving kindness in the daytime. In the night his song shall be with me: a prayer to the God of my life.,The original ends with descent to the pit; this full verse expresses God's love by day and sustaining song and prayer by night.,https://ebible.org/Scriptures/engwebu_usfx.zip
replacement,Lutherbibel (1912),Psalms 143:7,"HERR, erhöre mich bald, mein Geist vergeht; verbirg dein Antlitz nicht von mir, daß ich nicht gleich werde denen, die in die Grube fahren.",Psalms 42:9,"Der HERR hat des Tages verheißen seine Güte, und des Nachts singe ich ihm und bete zu dem Gott meines Lebens.",The original ends with descent to the pit; this full verse expresses God's love by day and sustaining song and prayer by night.,https://ebible.org/Scriptures/deu1912_usfx.zip
replacement,Louis Segond (1910),Psalms 143:7,"Hâte-toi de m’exaucer, ô Éternel! Mon esprit se consume. Ne me cache pas ta face! Je serais semblable à ceux qui descendent dans la fosse.",Psalms 42:9,"Le jour, l’Éternel m’accordait sa grâce; La nuit, je chantais ses louanges, J’adressais une prière au Dieu de ma vie.",The original ends with descent to the pit; this full verse expresses God's love by day and sustaining song and prayer by night.,https://ebible.org/Scriptures/fraLSG_usfx.zip
replacement,Riveduta (1927),Psalms 143:7,"Affrettati a rispondermi, o Eterno; lo spirito mio vien meno; non nascondere da me la tua faccia, che talora io non diventi simile a quelli che scendono nella fossa.",Psalms 42:8,"L’Eterno, di giorno, mandava la sua benignità, e la notte eran meco i suoi cantici, la preghiera all’Iddio della mia vita.",The original ends with descent to the pit; this full verse expresses God's love by day and sustaining song and prayer by night.,https://ebible.org/Scriptures/ita1927_usfx.zip
replacement,Reina-Valera (1909),Psalms 143:7,"Respóndeme presto, oh Jehová que desmaya mi espíritu: no escondas de mí tu rostro, y venga yo á ser semejante á los que descienden á la sepultura.",Psalms 42:8,"De día mandará Jehová su misericordia, y de noche su canción será conmigo, y oración al Dios de mi vida.",The original ends with descent to the pit; this full verse expresses God's love by day and sustaining song and prayer by night.,https://ebible.org/Scriptures/spaRV1909_usfx.zip
replacement,Sathyavedapusthakam (1910),Psalms 143:7,"യഹോവേ, വേഗം എനിക്കു ഉത്തരമരുളേണമേ; എന്റെ ആത്മാവു കാംക്ഷിക്കുന്നു. ഞാൻ കുഴിയിൽ ഇറങ്ങുന്നവരെപ്പോലെ ആകാതിരിപ്പാൻ നിന്റെ മുഖത്തെ എനിക്കു മറെക്കരുതേ.",Psalms 42:8,യഹോവ പകൽനേരത്തു തന്റെ ദയ കല്പിക്കും; രാത്രിസമയത്തു ഞാൻ അവന്നു പാട്ടു പാടിക്കൊണ്ടിരിക്കും; എന്റെ ജീവന്റെ ദൈവത്തോടുള്ള പ്രാൎത്ഥന തന്നേ.,The original ends with descent to the pit; this full verse expresses God's love by day and sustaining song and prayer by night.,https://api.getbible.net/v2/mal1910.json
replacement,Ang Dating Biblia (1905),Psalms 143:7,"Magmadali kang sagutin mo ako, Oh Panginoon; ang diwa ko'y nanglulupaypay: huwag mong ikubli ang iyong mukha sa akin; baka ako'y maging gaya nila na nagsibaba sa hukay.",Psalms 42:8,"Gayon ma'y uutusan ng Panginoon ang kaniyang kagandahang-loob sa araw, at sa gabi ay sasa akin ang awit sa kaniya, sa makatuwid baga'y isang dalangin sa Dios ng aking buhay.",The original ends with descent to the pit; this full verse expresses God's love by day and sustaining song and prayer by night.,https://api.getbible.net/v2/tagalog.json
source-correction,Lutherbibel (1912),Psalms 21:13,"HERR, erhebe dich in deiner Kraft, so wollen wir singen und loben deine Macht.",Psalms 21:14,"HERR, erhebe dich in deiner Kraft, so wollen wir singen und loben deine Macht.","Match the named edition source exactly, including its verse numbering, wording, capitalization and punctuation; normalize layout whitespace only.",https://ebible.org/Scriptures/deu1912_usfx.zip
source-correction,Louis Segond (1910),Psalms 21:13,"Car tu leur feras tourner le dos, Et avec ton arc tu tireras sur eux.",Psalms 21:14,"Lève-toi, Éternel, avec ta force! Nous voulons chanter, célébrer ta puissance.","Match the named edition source exactly, including its verse numbering, wording, capitalization and punctuation; normalize layout whitespace only.",https://ebible.org/Scriptures/fraLSG_usfx.zip
source-correction,Lutherbibel (1912),Psalms 22:19,"Aber du, HERR, sei nicht ferne; meine Stärke, eile, mir zu helfen!",Psalms 22:20,"Aber du, HERR, sei nicht ferne; meine Stärke, eile, mir zu helfen!","Match the named edition source exactly, including its verse numbering, wording, capitalization and punctuation; normalize layout whitespace only.",https://ebible.org/Scriptures/deu1912_usfx.zip
source-correction,Louis Segond (1910),Psalms 22:19,"Ils se partagent mes vêtements, Ils tirent au sort ma tunique.",Psalms 22:20,"Et toi, Éternel, ne t’éloigne pas! Toi qui es ma force, viens en hâte à mon secours!","Match the named edition source exactly, including its verse numbering, wording, capitalization and punctuation; normalize layout whitespace only.",https://ebible.org/Scriptures/fraLSG_usfx.zip
source-correction,Lutherbibel (1912),Psalms 30:10,"HERR, höre und sei mir gnädig! HERR, sei mein Helfer!",Psalms 30:11,"HERR, höre und sei mir gnädig! HERR, sei mein Helfer!","Match the named edition source exactly, including its verse numbering, wording, capitalization and punctuation; normalize layout whitespace only.",https://ebible.org/Scriptures/deu1912_usfx.zip
source-correction,Louis Segond (1910),Psalms 30:10,"Que gagnes-tu à verser mon sang, A me faire descendre dans la fosse? La poussière a-t-elle pour toi des louanges? Raconte-t-elle ta fidélité?",Psalms 30:11,"Écoute, Éternel, aie pitié de moi! Éternel, secours-moi!","Match the named edition source exactly, including its verse numbering, wording, capitalization and punctuation; normalize layout whitespace only.",https://ebible.org/Scriptures/fraLSG_usfx.zip
source-correction,Lutherbibel (1912),Psalms 31:21,"Gelobt sei der HERR, daß er hat eine wunderbare Güte mir bewiesen in einer festen Stadt.",Psalms 31:22,"Gelobt sei der HERR, daß er hat eine wunderbare Güte mir bewiesen in einer festen Stadt.","Match the named edition source exactly, including its verse numbering, wording, capitalization and punctuation; normalize layout whitespace only.",https://ebible.org/Scriptures/deu1912_usfx.zip
source-correction,Louis Segond (1910),Psalms 31:21,"Tu les protèges sous l’abri de ta face contre ceux qui les persécutent, Tu les protèges dans ta tente contre les langues qui les attaquent.",Psalms 31:22,"Béni soit l’Éternel! Car il a signalé sa grâce envers moi, Comme si j’avais été dans une ville forte.","Match the named edition source exactly, including its verse numbering, wording, capitalization and punctuation; normalize layout whitespace only.",https://ebible.org/Scriptures/fraLSG_usfx.zip
source-correction,Lutherbibel (1912),Psalms 36:5,"HERR, deine Güte reicht, soweit der Himmel ist, und deine Wahrheit, soweit die Wolken gehen.",Psalms 36:6,"HERR, deine Güte reicht, soweit der Himmel ist, und deine Wahrheit, soweit die Wolken gehen.","Match the named edition source exactly, including its verse numbering, wording, capitalization and punctuation; normalize layout whitespace only.",https://ebible.org/Scriptures/deu1912_usfx.zip
source-correction,Louis Segond (1910),Psalms 36:5,"Il médite l’injustice sur sa couche, Il se tient sur une voie qui n’est pas bonne, Il ne repousse pas le mal.",Psalms 36:6,"Éternel! Ta bonté atteint jusqu’aux cieux, Ta fidélité jusqu’aux nues.","Match the named edition source exactly, including its verse numbering, wording, capitalization and punctuation; normalize layout whitespace only.",https://ebible.org/Scriptures/fraLSG_usfx.zip
source-correction,Lutherbibel (1912),Psalms 41:3,Der HERR wird ihn erquicken auf seinem Siechbette; du hilfst ihm von aller Krankheit.,Psalms 41:4,Der HERR wird ihn erquicken auf seinem Siechbette; du hilfst ihm von aller Krankheit.,"Match the named edition source exactly, including its verse numbering, wording, capitalization and punctuation; normalize layout whitespace only.",https://ebible.org/Scriptures/deu1912_usfx.zip
source-correction,Louis Segond (1910),Psalms 41:3,"L’Éternel le garde et lui conserve la vie. Il est heureux sur la terre, Et tu ne le livres pas au bon plaisir de ses ennemis.",Psalms 41:4,L’Éternel le soutient sur son lit de douleur; Tu le soulages dans toutes ses maladies.,"Match the named edition source exactly, including its verse numbering, wording, capitalization and punctuation; normalize layout whitespace only.",https://ebible.org/Scriptures/fraLSG_usfx.zip
replacement,Berean Standard Bible (BSB),Luke 2:52,"And Jesus grew in wisdom and stature, and in favor with God and man.",Luke 11:9,"So I tell you: Ask, and it will be given to you; seek, and you will find; knock, and the door will be opened to you.",The original narrates Jesus' childhood; this complete teaching offers a clear invitation to prayer.,https://ebible.org/Scriptures/engbsb_usfx.zip
replacement,Bible in Basic English (BBE),Luke 2:52,"And Jesus was increasing in wisdom and in years, and in grace before God and men.",Luke 11:9,"And I say to you, Make requests, and they will be answered; what you are searching for, you will get; when you give the sign, the door will be open to you.",The original narrates Jesus' childhood; this complete teaching offers a clear invitation to prayer.,https://ebible.org/Scriptures/engBBE_usfx.zip
replacement,King James Version (KJV),Luke 2:52,"And Jesus increased in wisdom and stature, and in favour with God and man.",Luke 11:9,"And I say unto you, Ask, and it shall be given you; seek, and ye shall find; knock, and it shall be opened unto you.",The original narrates Jesus' childhood; this complete teaching offers a clear invitation to prayer.,https://ebible.org/Scriptures/eng-kjv2006_usfx.zip
replacement,World English Bible (WEB),Luke 2:52,"And Jesus increased in wisdom and stature, and in favor with God and men.",Luke 11:9,"“I tell you, keep asking, and it will be given you. Keep seeking, and you will find. Keep knocking, and it will be opened to you.",The original narrates Jesus' childhood; this complete teaching offers a clear invitation to prayer.,https://ebible.org/Scriptures/engwebu_usfx.zip
replacement,Lutherbibel (1912),Luke 2:52,"Und Jesus nahm zu an Weisheit, Alter und Gnade bei Gott und den Menschen.",Luke 11:9,"Und ich sage euch auch: Bittet, so wird euch gegeben; suchet, so werdet ihr finden; klopfet an, so wird euch aufgetan.",The original narrates Jesus' childhood; this complete teaching offers a clear invitation to prayer.,https://ebible.org/Scriptures/deu1912_usfx.zip
replacement,Louis Segond (1910),Luke 2:52,"Et Jésus croissait en sagesse, en stature, et en grâce, devant Dieu et devant les hommes.",Luke 11:9,"Et moi, je vous dis:Demandez, et l’on vous donnera; cherchez, et vous trouverez; frappez, et l’on vous ouvrira.",The original narrates Jesus' childhood; this complete teaching offers a clear invitation to prayer.,https://ebible.org/Scriptures/fraLSG_usfx.zip
replacement,Riveduta (1927),Luke 2:52,"E Gesù cresceva in sapienza e in statura, e in grazia dinanzi a Dio e agli uomini.",Luke 11:9,"Io altresì vi dico: Chiedete, e vi sarà dato; cercate e troverete; picchiate, e vi sarà aperto.",The original narrates Jesus' childhood; this complete teaching offers a clear invitation to prayer.,https://ebible.org/Scriptures/ita1927_usfx.zip
replacement,Reina-Valera (1909),Luke 2:52,"Y Jesús crecía en sabiduría, y en edad, y en gracia para con Dios y los hombres.",Luke 11:9,"Y yo os digo: Pedid, y se os dará; buscad, y hallaréis; llamad, y os será abierto.",The original narrates Jesus' childhood; this complete teaching offers a clear invitation to prayer.,https://ebible.org/Scriptures/spaRV1909_usfx.zip
replacement,Sathyavedapusthakam (1910),Luke 2:52,യേശുവോ ജ്ഞാനത്തിലും വളൎച്ചയിലും ദൈവത്തിന്റെയും മനുഷ്യരുടെയും കൃപയിലും മുതിൎന്നു വന്നു.,Luke 11:9,"യാചിപ്പിൻ, എന്നാൽ നിങ്ങൾക്കു കിട്ടും; അന്വേഷിപ്പിൻ, എന്നാൽ നിങ്ങൾ കണ്ടെത്തും; മുട്ടുവിൻ എന്നാൽ നിങ്ങൾക്കു തുറക്കും.",The original narrates Jesus' childhood; this complete teaching offers a clear invitation to prayer.,https://api.getbible.net/v2/mal1910.json
replacement,Ang Dating Biblia (1905),Luke 2:52,"At lumalaki si Jesus sa karunungan at sa pangangatawan, at sa pagbibigay lugod sa Dios at sa mga tao.",Luke 11:9,"At sinasabi ko sa inyo, Magsihingi kayo, at kayo'y bibigyan; magsihanap kayo, at kayo'y mangakakasumpong; magsituktok kayo, at kayo'y bubuksan.",The original narrates Jesus' childhood; this complete teaching offers a clear invitation to prayer.,https://api.getbible.net/v2/tagalog.json
replacement,Berean Standard Bible (BSB),2 Thessalonians 1:2,Grace and peace to you from God our Father and the Lord Jesus Christ.,Ephesians 4:2-3,"with all humility and gentleness, with patience, bearing with one another in love, and with diligence to preserve the unity of the Spirit through the bond of peace.","Remove a repeated grace-and-peace salutation; these two full verses encourage patience, gentleness and unity.",https://ebible.org/Scriptures/engbsb_usfx.zip
replacement,Bible in Basic English (BBE),2 Thessalonians 1:2,Grace to you and peace from God the Father and the Lord Jesus Christ.,Ephesians 4:2-3,"With all gentle and quiet behaviour, taking whatever comes, putting up with one another in love; Taking care to keep the harmony of the Spirit in the yoke of peace.","Remove a repeated grace-and-peace salutation; these two full verses encourage patience, gentleness and unity.",https://ebible.org/Scriptures/engBBE_usfx.zip
replacement,King James Version (KJV),2 Thessalonians 1:2,"Grace unto you, and peace, from God our Father and the Lord Jesus Christ.",Ephesians 4:2-3,"With all lowliness and meekness, with longsuffering, forbearing one another in love; Endeavouring to keep the unity of the Spirit in the bond of peace.","Remove a repeated grace-and-peace salutation; these two full verses encourage patience, gentleness and unity.",https://ebible.org/Scriptures/eng-kjv2006_usfx.zip
replacement,World English Bible (WEB),2 Thessalonians 1:2,Grace to you and peace from God our Father and the Lord Jesus Christ.,Ephesians 4:2-3,"with all lowliness and humility, with patience, bearing with one another in love, being eager to keep the unity of the Spirit in the bond of peace.","Remove a repeated grace-and-peace salutation; these two full verses encourage patience, gentleness and unity.",https://ebible.org/Scriptures/engwebu_usfx.zip
replacement,Lutherbibel (1912),2 Thessalonians 1:2,"Gnade sei mit euch und Friede von Gott, unserm Vater, und dem HERRN Jesus Christus!",Ephesians 4:2-3,"mit aller Demut und Sanftmut, mit Geduld, und vertraget einer den andern in der Liebe und seid fleißig, zu halten die Einigkeit im Geist durch das Band des Friedens:","Remove a repeated grace-and-peace salutation; these two full verses encourage patience, gentleness and unity.",https://ebible.org/Scriptures/deu1912_usfx.zip
replacement,Louis Segond (1910),2 Thessalonians 1:2,que la grâce et la paix vous soient données de la part de Dieu notre Père et du Seigneur Jésus-Christ!,Ephesians 4:2-3,"en toute humilité et douceur, avec patience, vous supportant les uns les autres avec charité, vous efforçant de conserver l’unité de l’esprit par le lien de la paix.","Remove a repeated grace-and-peace salutation; these two full verses encourage patience, gentleness and unity.",https://ebible.org/Scriptures/fraLSG_usfx.zip
replacement,Riveduta (1927),2 Thessalonians 1:2,grazia a voi e pace da Dio Padre e dal Signor Gesù Cristo.,Ephesians 4:2-3,"con ogni umiltà e mansuetudine, con longanimità, sopportandovi gli uni gli altri con amore, studiandovi di conservare l’unità dello Spirito col vincolo della pace.","Remove a repeated grace-and-peace salutation; these two full verses encourage patience, gentleness and unity.",https://ebible.org/Scriptures/ita1927_usfx.zip
replacement,Reina-Valera (1909),2 Thessalonians 1:2,Gracia y paz á vosotros de Dios nuestro Padre y del Señor Jesucristo.,Ephesians 4:2-3,"Con toda humildad y mansedumbre, con paciencia soportando los unos á los otros en amor; Solícitos á guardar la unidad del Espíritu en el vínculo de la paz.","Remove a repeated grace-and-peace salutation; these two full verses encourage patience, gentleness and unity.",https://ebible.org/Scriptures/spaRV1909_usfx.zip
replacement,Sathyavedapusthakam (1910),2 Thessalonians 1:2,പിതാവായ ദൈവത്തിങ്കൽ നിന്നും കൎത്താവായ യേശുക്രിസ്തുവിങ്കൽ നിന്നും നിങ്ങൾക്കു കൃപയും സമാധാനവും ഉണ്ടാകട്ടെ.,Ephesians 4:2-3,പൂൎണ്ണവിനയത്തോടും സൌമ്യതയോടും ദീൎഘക്ഷമയോടുംകൂടെ നടക്കയും സ്നേഹത്തിൽ അന്യോന്യം പൊറുക്കയും ആത്മാവിന്റെ ഐക്യത സമാധാനബന്ധത്തിൽ കാപ്പാൻ ശ്രമിക്കയും ചെയ്‌വിൻ.,"Remove a repeated grace-and-peace salutation; these two full verses encourage patience, gentleness and unity.",https://api.getbible.net/v2/mal1910.json
replacement,Ang Dating Biblia (1905),2 Thessalonians 1:2,Sumainyo nawa ang biyaya at kapayapaang mula sa Dios Ama at sa Panginoong Jesucristo.,Ephesians 4:2-3,"Ng buong kapakumbabaan at kaamuan, na may pagpapahinuhod, na mangagbatahan kayo-kayo sa pagibig; Na pagsakitan ninyong ingatan ang pakikipagkaisa sa Espiritu sa tali ng kapayapaan.","Remove a repeated grace-and-peace salutation; these two full verses encourage patience, gentleness and unity.",https://api.getbible.net/v2/tagalog.json
replacement,Berean Standard Bible (BSB),Psalms 40:10,I have not covered up Your righteousness in my heart; I have declared Your faithfulness and salvation; I have not concealed Your loving devotion and faithfulness from the great assembly.,Psalms 89:8,"O LORD God of Hosts, who is like You? O mighty LORD, Your faithfulness surrounds You.",Replace a lengthy verse with a full verse praising God's strength and faithfulness.,https://ebible.org/Scriptures/engbsb_usfx.zip
replacement,Bible in Basic English (BBE),Psalms 40:10,Your righteousness has not been folded away in my heart; I have made clear your true word and your salvation; I have not kept secret your mercy or your faith from the great meeting.,Psalms 89:8,"O Lord God of armies, who is strong like you, O Jah? and your unchanging faith is round about you.",Replace a lengthy verse with a full verse praising God's strength and faithfulness.,https://ebible.org/Scriptures/engBBE_usfx.zip
replacement,King James Version (KJV),Psalms 40:10,I have not hid thy righteousness within my heart; I have declared thy faithfulness and thy salvation: I have not concealed thy lovingkindness and thy truth from the great congregation.,Psalms 89:8,"O LORD God of hosts, who is a strong LORD like unto thee? or to thy faithfulness round about thee?",Replace a lengthy verse with a full verse praising God's strength and faithfulness.,https://ebible.org/Scriptures/eng-kjv2006_usfx.zip
replacement,World English Bible (WEB),Psalms 40:10,I have not hidden your righteousness within my heart. I have declared your faithfulness and your salvation. I have not concealed your loving kindness and your truth from the great assembly.,Psalms 89:8,"LORD, God of Armies, who is a mighty one, like you? LORD, your faithfulness is around you.",Replace a lengthy verse with a full verse praising God's strength and faithfulness.,https://ebible.org/Scriptures/engwebu_usfx.zip
replacement,Lutherbibel (1912),Psalms 40:10,Deine Gerechtigkeit verberge ich nicht in meinem Herzen; von deiner Wahrheit und von deinem Heil rede ich; ich verhehle deine Güte und Treue nicht vor der großen Gemeinde.,Psalms 89:9,"HERR, Gott Zebaoth, wer ist wie du ein mächtiger Gott? Und deine Wahrheit ist um dich her.",Replace a lengthy verse with a full verse praising God's strength and faithfulness.,https://ebible.org/Scriptures/deu1912_usfx.zip
replacement,Louis Segond (1910),Psalms 40:10,"J’annonce la justice dans la grande assemblée; Voici, je ne ferme pas mes lèvres, Éternel, tu le sais!",Psalms 89:9,"Éternel, Dieu des armées! Qui est comme toi puissant, ô Éternel? Ta fidélité t’environne.",Replace a lengthy verse with a full verse praising God's strength and faithfulness.,https://ebible.org/Scriptures/fraLSG_usfx.zip
replacement,Riveduta (1927),Psalms 40:10,Io non ho nascosto la tua giustizia entro il mio cuore; ho narrato la tua fedeltà e la tua salvezza; non ho celato la tua benignità né la tua verità alla grande assemblea.,Psalms 89:8,"O Eterno, Iddio degli eserciti, chi è potente come te, o Eterno? E la tua fedeltà ti circonda da ogni parte.",Replace a lengthy verse with a full verse praising God's strength and faithfulness.,https://ebible.org/Scriptures/ita1927_usfx.zip
replacement,Reina-Valera (1909),Psalms 40:10,No encubrí tu justicia dentro de mi corazón: tu verdad y tu salvación he dicho: no oculté tu misericordia y tu verdad en grande concurso.,Psalms 89:8,"Oh Jehová, Dios de los ejércitos, ¿quién como tú? Poderoso eres, Jehová, y tu verdad está en torno de ti.",Replace a lengthy verse with a full verse praising God's strength and faithfulness.,https://ebible.org/Scriptures/spaRV1909_usfx.zip
replacement,Sathyavedapusthakam (1910),Psalms 40:10,ഞാൻ നിന്റെ നീതിയെ എന്റെ ഹൃദയത്തിൽ മറച്ചുവെച്ചില്ല; നിന്റെ വിശ്വസ്തതയും രക്ഷയും ഞാൻ പ്രസ്താവിച്ചു; നിന്റെ ദയയും സത്യവും ഞാൻ മഹാസഭെക്കു മറെച്ചതുമില്ല.,Psalms 89:8,"സൈന്യങ്ങളുടെ ദൈവമായ യഹോവേ, നിന്നെപ്പോലെ ബലവാൻ ആരുള്ളു? യഹോവേ, നിന്റെ വിശ്വസ്തത നിന്നെ ചുറ്റിയിരിക്കുന്നു.",Replace a lengthy verse with a full verse praising God's strength and faithfulness.,https://api.getbible.net/v2/mal1910.json
replacement,Ang Dating Biblia (1905),Psalms 40:10,"Hindi ko ikinubli ang iyong katuwiran sa loob ng aking puso; aking ibinalita ang iyong pagtatapat, at ang iyong pagliligtas: hindi ko inilihim ang iyong kagandahang-loob at ang iyong katotohanan sa dakilang kapisanan.",Psalms 89:8,"Oh Panginoong Dios ng mga hukbo, sino ang makapangyarihang gaya mo, Oh JAH? At ang pagtatapat mo'y nasa palibot mo.",Replace a lengthy verse with a full verse praising God's strength and faithfulness.,https://api.getbible.net/v2/tagalog.json
source-correction,Lutherbibel (1912),Psalms 69:13,"Ich aber bete, HERR, zu dir zur angenehmen Zeit; Gott durch deine große Güte erhöre mich mit deiner treuen Hilfe.",Psalms 69:14,"Ich aber bete, HERR, zu dir zur angenehmen Zeit; Gott durch deine große Güte erhöre mich mit deiner treuen Hilfe.","Match the named edition source exactly, including its verse numbering, wording, capitalization and punctuation; normalize layout whitespace only.",https://ebible.org/Scriptures/deu1912_usfx.zip
source-correction,Louis Segond (1910),Psalms 69:13,"Ceux qui sont assis à la porte parlent de moi, Et les buveurs de liqueurs fortes me mettent en chansons.",Psalms 69:14,"Mais je t’adresse ma prière, ô Éternel! Que ce soit le temps favorable, ô Dieu, par ta grande bonté! Réponds-moi, en m’assurant ton secours!","Match the named edition source exactly, including its verse numbering, wording, capitalization and punctuation; normalize layout whitespace only.",https://ebible.org/Scriptures/fraLSG_usfx.zip
source-correction,Berean Standard Bible (BSB),Luke 10:27,"He answered, “‘Love the Lord your God with all your heart and with all your soul and with all your strength and with all your mind’ and ‘Love your neighbor as yourself.’ ”",Luke 10:27,"He answered, “‘Love the Lord your God with all your heart and with all your soul and with all your strength and with all your mind’ and ‘Love your neighbor as yourself.’”","Match the named edition source exactly, including its verse numbering, wording, capitalization and punctuation; normalize layout whitespace only.",https://ebible.org/Scriptures/engbsb_usfx.zip
replacement,Berean Standard Bible (BSB),Jeremiah 42:20,"For you have deceived yourselves by sending me to the LORD your God, saying, ‘Pray to the LORD our God on our behalf, and as for all that the LORD our God says, tell it to us and we will do it.’",Psalms 119:114,You are my hiding place and my shield; I put my hope in Your word.,The original accuses its hearers of deception; this full verse clearly expresses refuge and hope in God's word.,https://ebible.org/Scriptures/engbsb_usfx.zip
replacement,Bible in Basic English (BBE),Jeremiah 42:20,"For you have been acting with deceit in your hearts; for you sent me to the Lord your God, saying, Make prayer for us to the Lord our God, and give us word of everything he may say, and we will do it.",Psalms 119:114,You are my secret place and my breastplate against danger; my hope is in your word.,The original accuses its hearers of deception; this full verse clearly expresses refuge and hope in God's word.,https://ebible.org/Scriptures/engBBE_usfx.zip
replacement,King James Version (KJV),Jeremiah 42:20,"For ye dissembled in your hearts, when ye sent me unto the LORD your God, saying, Pray for us unto the LORD our God; and according unto all that the LORD our God shall say, so declare unto us, and we will do it.",Psalms 119:114,Thou art my hiding place and my shield: I hope in thy word.,The original accuses its hearers of deception; this full verse clearly expresses refuge and hope in God's word.,https://ebible.org/Scriptures/eng-kjv2006_usfx.zip
replacement,World English Bible (WEB),Jeremiah 42:20,"For you have dealt deceitfully against your own souls; for you sent me to the LORD your God, saying, ‘Pray for us to the LORD our God; and according to all that the LORD our God says, so declare to us, and we will do it.’",Psalms 119:114,You are my hiding place and my shield. I hope in your word.,The original accuses its hearers of deception; this full verse clearly expresses refuge and hope in God's word.,https://ebible.org/Scriptures/engwebu_usfx.zip
replacement,Lutherbibel (1912),Jeremiah 42:20,"ihr werdet sonst euer Leben verwahrlosen. Denn ihr habt mich gesandt zum HERRN, eurem Gott, und gesagt: Bitte den HERRN, unsern Gott, für uns; und alles, was der HERR, unser Gott, sagen wird, das zeige uns an, so wollen wir darnach tun.",Psalms 119:114,Du bist mein Schirm und Schild; ich hoffe auf dein Wort.,The original accuses its hearers of deception; this full verse clearly expresses refuge and hope in God's word.,https://ebible.org/Scriptures/deu1912_usfx.zip
replacement,Louis Segond (1910),Jeremiah 42:20,"Vous vous trompez vous-mêmes, car vous m’avez envoyé vers l’Éternel, votre Dieu, en disant: Intercède en notre faveur auprès de l’Éternel, notre Dieu, fais-nous connaître tout ce que l’Éternel, notre Dieu, dira, et nous le ferons.",Psalms 119:114,Tu es mon asile et mon bouclier; J’espère en ta promesse.,The original accuses its hearers of deception; this full verse clearly expresses refuge and hope in God's word.,https://ebible.org/Scriptures/fraLSG_usfx.zip
replacement,Riveduta (1927),Jeremiah 42:20,"Voi ingannate voi stessi, a rischio della vostra vita; poiché m’avete mandato dall’Eterno, dal vostro Dio, dicendo: Prega l’Eterno, il nostro Dio, per noi; e tutto quello che l’Eterno, il nostro Dio, dirà, faccelo sapere esattamente, e noi lo faremo.",Psalms 119:114,Tu sei il mio rifugio ed il mio scudo; io spero nella tua parola.,The original accuses its hearers of deception; this full verse clearly expresses refuge and hope in God's word.,https://ebible.org/Scriptures/ita1927_usfx.zip
replacement,Reina-Valera (1909),Jeremiah 42:20,"¿Por qué hicisteis errar vuestras almas? porque vosotros me enviasteis á Jehová vuestro Dios, diciendo: Ora por nosotros á Jehová nuestro Dios; y conforme á todas las cosas que Jehová nuestro Dios dijere, háznoslo saber así, y lo pondremos por obra.",Psalms 119:114,Mi escondedero y mi escudo eres tú: en tu palabra he esperado.,The original accuses its hearers of deception; this full verse clearly expresses refuge and hope in God's word.,https://ebible.org/Scriptures/spaRV1909_usfx.zip
replacement,Sathyavedapusthakam (1910),Jeremiah 42:20,നീ ഞങ്ങളുടെ ദൈവമായ യഹോവയോടു ഞങ്ങൾക്കു വേണ്ടി പ്രാൎത്ഥിക്കേണം; ഞങ്ങളുടെ ദൈവമായ യഹോവ കല്പിക്കുന്നതൊക്കെയും നീ ഞങ്ങളോടു അറിയിക്കേണം; ഞങ്ങൾ അതുപോലെ ചെയ്യും എന്നു പറഞ്ഞു നിങ്ങൾ എന്നെ നിങ്ങളുടെ ദൈവമായ യഹോവയുടെ അടുക്കൽ അയച്ചു.,Psalms 119:114,നീ എന്റെ മറവിടവും എന്റെ പരിചയും ആകുന്നു; ഞാൻ തിരുവചനത്തിൽ പ്രത്യാശ വെച്ചിരിക്കുന്നു.,The original accuses its hearers of deception; this full verse clearly expresses refuge and hope in God's word.,https://api.getbible.net/v2/mal1910.json
replacement,Ang Dating Biblia (1905),Jeremiah 42:20,"Sapagka't dinaya ninyo ang inyong sarili; sapagka't inyong sinugo ako sa Panginoon ninyong Dios, na inyong sinasabi, Idalangin mo kami sa Panginoon nating Dios: at ayon sa lahat na sasabihin ng Panginoon nating Dios ay gayon mo ipahayag sa amin, at aming gagawin.",Psalms 119:114,Ikaw ang kublihan kong dako at kalasag ko: ako'y umaasa sa iyong salita.,The original accuses its hearers of deception; this full verse clearly expresses refuge and hope in God's word.,https://api.getbible.net/v2/tagalog.json
replacement,Berean Standard Bible (BSB),Acts 11:17,"So if God gave them the same gift He gave us who believed in the Lord Jesus Christ, who was I to hinder the work of God?”",Acts 10:34-35,"Then Peter began to speak: “I now truly understand that God does not show favoritism, but welcomes those from every nation who fear Him and do what is right.",Include both verses of Peter's statement so that God's welcome across nations is expressed with its subject and context.,https://ebible.org/Scriptures/engbsb_usfx.zip
replacement,Bible in Basic English (BBE),Acts 11:17,"If then God gave them, when they had faith in the Lord Jesus Christ, the same as he gave to us, who was I to go against God?",Acts 10:34-35,"Then Peter said, Truly, I see clearly that God is no respecter of persons: But in every nation, the man who has fear of him and does righteousness is pleasing to him.",Include both verses of Peter's statement so that God's welcome across nations is expressed with its subject and context.,https://ebible.org/Scriptures/engBBE_usfx.zip
replacement,King James Version (KJV),Acts 11:17,"Forasmuch then as God gave them the like gift as he did unto us, who believed on the Lord Jesus Christ; what was I, that I could withstand God?",Acts 10:34-35,"Then Peter opened his mouth, and said, Of a truth I perceive that God is no respecter of persons: But in every nation he that feareth him, and worketh righteousness, is accepted with him.",Include both verses of Peter's statement so that God's welcome across nations is expressed with its subject and context.,https://ebible.org/Scriptures/eng-kjv2006_usfx.zip
replacement,World English Bible (WEB),Acts 11:17,"If then God gave to them the same gift as us when we believed in the Lord Jesus Christ, who was I, that I could withstand God?”",Acts 10:34-35,"Peter opened his mouth and said, “Truly I perceive that God doesn’t show favoritism; but in every nation he who fears him and works righteousness is acceptable to him.",Include both verses of Peter's statement so that God's welcome across nations is expressed with its subject and context.,https://ebible.org/Scriptures/engwebu_usfx.zip
replacement,Lutherbibel (1912),Acts 11:17,"So nun Gott ihnen die gleiche Gabe gegeben hat wie auch uns, die da glauben an den HERRN Jesus Christus: wer war ich, daß ich konnte Gott wehren?",Acts 10:34-35,"Petrus aber tat seinen Mund auf und sprach: Nun erfahr ich mit der Wahrheit, daß Gott die Person nicht ansieht; sondern in allerlei Volk, wer ihn fürchtet und recht tut, der ist ihm angenehm.",Include both verses of Peter's statement so that God's welcome across nations is expressed with its subject and context.,https://ebible.org/Scriptures/deu1912_usfx.zip
replacement,Louis Segond (1910),Acts 11:17,"Or, puisque Dieu leur a accordé le même don qu’à nous qui avons cru au Seigneur Jésus-Christ, pouvais-je, moi, m’opposer à Dieu?",Acts 10:34-35,"Alors Pierre, ouvrant la bouche, dit: En vérité, je reconnais que Dieu ne fait point acception de personnes, mais qu’en toute nation celui qui le craint et qui pratique la justice lui est agréable.",Include both verses of Peter's statement so that God's welcome across nations is expressed with its subject and context.,https://ebible.org/Scriptures/fraLSG_usfx.zip
replacement,Riveduta (1927),Acts 11:17,"Se dunque Iddio ha dato a loro lo stesso dono che ha dato anche a noi che abbiam creduto nel Signor Gesù Cristo, chi ero io da potermi opporre a Dio?",Acts 10:34-35,"Allora Pietro, prendendo a parlare, disse: In verità io comprendo che Dio non ha riguardo alla qualità delle persone; ma che in qualunque nazione, chi lo teme ed opera giustamente gli e accettevole.",Include both verses of Peter's statement so that God's welcome across nations is expressed with its subject and context.,https://ebible.org/Scriptures/ita1927_usfx.zip
replacement,Reina-Valera (1909),Acts 11:17,"Así que, si Dios les dió el mismo don también como á nosotros que hemos creído en el Señor Jesucristo, ¿quién era yo que pudiese estorbar á Dios?",Acts 10:34-35,"Entonces Pedro, abriendo su boca, dijo: Por verdad hallo que Dios no hace acepción de personas; Sino que de cualquiera nación que le teme y obra justicia, se agrada.",Include both verses of Peter's statement so that God's welcome across nations is expressed with its subject and context.,https://ebible.org/Scriptures/spaRV1909_usfx.zip
replacement,Sathyavedapusthakam (1910),Acts 11:17,ആകയാൽ കൎത്താവായ യേശുക്രിസ്തുവിൽ വിശ്വസിച്ചവരായ നമുക്കു തന്നതുപോലെ അതേ ദാനത്തെ അവൎക്കും ദൈവം കൊടുത്തു എങ്കിൽ ദൈവത്തെ തടുപ്പാൻ തക്കവണ്ണം ഞാൻ ആർ?,Acts 10:34-35,അപ്പോൾ പത്രൊസ് വായി തുറന്നു പറഞ്ഞു തുടങ്ങിയതു: ദൈവത്തിന്നു മുഖപക്ഷമില്ല എന്നും ഏതു ജാതിയിലും അവനെ ഭയപ്പെട്ടു നീതി പ്രവൎത്തിക്കുന്നവനെ അവൻ അംഗീകരിക്കുന്നു എന്നും ഞാൻ ഇപ്പോൾ യാഥാൎത്ഥമായി ഗ്രഹിക്കുന്നു.,Include both verses of Peter's statement so that God's welcome across nations is expressed with its subject and context.,https://api.getbible.net/v2/mal1910.json
replacement,Ang Dating Biblia (1905),Acts 11:17,"Kung ibinigay nga sa kanila ng Dios ang gayon ding kaloob na gaya naman ng kaniyang ibinigay sa atin, nang tayo'y nagsisisampalataya sa Panginoong Jesucristo, sino baga ako, na makahahadlang sa Dios?",Acts 10:34-35,"At binuka ni Pedro ang kaniyang bibig, at sinabi, Tunay ngang natatalastas ko na hindi nagtatangi ang Dios ng mga tao: Kundi sa bawa't bansa siya na may takot sa kaniya, at gumagawa ng katuwiran, ay kalugodlugod sa kaniya.",Include both verses of Peter's statement so that God's welcome across nations is expressed with its subject and context.,https://api.getbible.net/v2/tagalog.json
replacement,Berean Standard Bible (BSB),Acts 15:11,"On the contrary, we believe it is through the grace of the Lord Jesus that we are saved, just as they are.”",Hebrews 10:23,"Let us hold resolutely to the hope we profess, for He who promised is faithful.",The original opens by contradicting a previous argument; this complete encouragement affirms hope and God's faithfulness.,https://ebible.org/Scriptures/engbsb_usfx.zip
replacement,Bible in Basic English (BBE),Acts 15:11,But we have faith that we will get salvation through the grace of the Lord Jesus in the same way as they.,Hebrews 10:23,"Let us keep the witness of our hope strong and unshaking, for he is true who has given his word:",The original opens by contradicting a previous argument; this complete encouragement affirms hope and God's faithfulness.,https://ebible.org/Scriptures/engBBE_usfx.zip
replacement,King James Version (KJV),Acts 15:11,"But we believe that through the grace of the Lord Jesus Christ we shall be saved, even as they.",Hebrews 10:23,Let us hold fast the profession of our faith without wavering; (for he is faithful that promised;),The original opens by contradicting a previous argument; this complete encouragement affirms hope and God's faithfulness.,https://ebible.org/Scriptures/eng-kjv2006_usfx.zip
replacement,World English Bible (WEB),Acts 15:11,"But we believe that we are saved through the grace of the Lord Jesus, just as they are.”",Hebrews 10:23,let’s hold fast the confession of our hope without wavering; for he who promised is faithful.,The original opens by contradicting a previous argument; this complete encouragement affirms hope and God's faithfulness.,https://ebible.org/Scriptures/engwebu_usfx.zip
replacement,Lutherbibel (1912),Acts 15:11,"Sondern wir glauben, durch die Gnade des HERRN Jesu Christi selig zu werden, gleicherweise wie auch sie.",Hebrews 10:23,"und lasset uns halten an dem Bekenntnis der Hoffnung und nicht wanken; denn er ist treu, der sie verheißen hat;",The original opens by contradicting a previous argument; this complete encouragement affirms hope and God's faithfulness.,https://ebible.org/Scriptures/deu1912_usfx.zip
replacement,Louis Segond (1910),Acts 15:11,"Mais c’est par la grâce du Seigneur Jésus que nous croyons être sauvés, de la même manière qu’eux.",Hebrews 10:23,"Retenons fermement la profession de notre espérance, car celui qui a fait la promesse est fidèle.",The original opens by contradicting a previous argument; this complete encouragement affirms hope and God's faithfulness.,https://ebible.org/Scriptures/fraLSG_usfx.zip
replacement,Riveduta (1927),Acts 15:11,"Anzi, noi crediamo d’esser salvati per la grazia del Signor Gesù, nello stesso modo che loro.",Hebrews 10:23,"Riteniam fermamente la confessione della nostra speranza, senza vacillare; perché fedele è Colui che ha fatte le promesse.",The original opens by contradicting a previous argument; this complete encouragement affirms hope and God's faithfulness.,https://ebible.org/Scriptures/ita1927_usfx.zip
replacement,Reina-Valera (1909),Acts 15:11,"Antes por la gracia del Señor Jesús creemos que seremos salvos, como también ellos.",Hebrews 10:23,Mantengamos firme la profesión de nuestra fe sin fluctuar; que fiel es el que prometió:,The original opens by contradicting a previous argument; this complete encouragement affirms hope and God's faithfulness.,https://ebible.org/Scriptures/spaRV1909_usfx.zip
replacement,Sathyavedapusthakam (1910),Acts 15:11,കൎത്താവായ യേശുവിന്റെ കൃപയാൽ രക്ഷപ്രാപിക്കും എന്നു നാം വിശ്വസിക്കുന്നതുപോലെ അവരും വിശ്വസിക്കുന്നു.,Hebrews 10:23,പ്രത്യാശയുടെ സ്വീകാരം നാം മുറുകെ പിടിച്ചുകൊൾക; വാഗ്ദത്തം ചെയ്തവൻ വിശ്വസ്തനല്ലോ.,The original opens by contradicting a previous argument; this complete encouragement affirms hope and God's faithfulness.,https://api.getbible.net/v2/mal1910.json
replacement,Ang Dating Biblia (1905),Acts 15:11,"Datapuwa't naniniwala tayo na tayo'y mangaliligtas sa pamamagitan ng biyaya ng Panginoong Jesus, na gaya rin naman nila.",Hebrews 10:23,Na ating ingatang matibay ang pagkakilala ng ating pagasa upang huwag magalinlangan: sapagka't tapat ang nangako:,The original opens by contradicting a previous argument; this complete encouragement affirms hope and God's faithfulness.,https://api.getbible.net/v2/tagalog.json
source-correction,World English Bible (WEB),1 Peter 1:21,"Who through him are believers in God, who raised him from the dead and gave him glory, so that your faith and hope might be in God.",1 Peter 1:21,"who through him are believers in God, who raised him from the dead and gave him glory, so that your faith and hope might be in God.","Match the named edition source exactly, including its verse numbering, wording, capitalization and punctuation; normalize layout whitespace only.",https://ebible.org/Scriptures/engwebu_usfx.zip
source-correction,Lutherbibel (1912),Psalms 36:6,"Deine Gerechtigkeit steht wie die Berge Gottes und dein Recht wie eine große Tiefe. HERR, du hilfst Menschen und Vieh.",Psalms 36:7,"Deine Gerechtigkeit steht wie die Berge Gottes und dein Recht wie eine große Tiefe. HERR, du hilfst Menschen und Vieh.","Match the named edition source exactly, including its verse numbering, wording, capitalization and punctuation; normalize layout whitespace only.",https://ebible.org/Scriptures/deu1912_usfx.zip
source-correction,Louis Segond (1910),Psalms 36:6,"Éternel! Ta bonté atteint jusqu’aux cieux, Ta fidélité jusqu’aux nues.",Psalms 36:7,"Ta justice est comme les montagnes de Dieu, Tes jugements sont comme le grand abîme. Éternel! Tu soutiens les hommes et les bêtes.","Match the named edition source exactly, including its verse numbering, wording, capitalization and punctuation; normalize layout whitespace only.",https://ebible.org/Scriptures/fraLSG_usfx.zip
source-correction,Lutherbibel (1912),Psalms 4:5,Opfert Gerechtigkeit und hoffet auf den HERRN.,Psalms 4:6,Opfert Gerechtigkeit und hoffet auf den HERRN.,"Match the named edition source exactly, including its verse numbering, wording, capitalization and punctuation; normalize layout whitespace only.",https://ebible.org/Scriptures/deu1912_usfx.zip
source-correction,Louis Segond (1910),Psalms 4:5,"Tremblez, et ne péchez point; Parlez en vos cœurs sur votre couche, puis taisez-vous. — Pause.",Psalms 4:6,"Offrez des sacrifices de justice, Et confiez-vous à l’Éternel.","Match the named edition source exactly, including its verse numbering, wording, capitalization and punctuation; normalize layout whitespace only.",https://ebible.org/Scriptures/fraLSG_usfx.zip
replacement,Berean Standard Bible (BSB),Psalms 41:10,"But You, O LORD, be gracious to me and raise me up, that I may repay them.",Psalms 91:4,He will cover you with His feathers; under His wings you will find refuge; His faithfulness is a shield and rampart.,The original asks for recovery in order to repay enemies; this full verse expresses refuge and protection through God's faithfulness.,https://ebible.org/Scriptures/engbsb_usfx.zip
replacement,Bible in Basic English (BBE),Psalms 41:10,"But you, O Lord, have mercy on me, lifting me up, so that I may give them their punishment.",Psalms 91:4,You will be covered by his feathers; under his wings you will be safe: his good faith will be your salvation.,The original asks for recovery in order to repay enemies; this full verse expresses refuge and protection through God's faithfulness.,https://ebible.org/Scriptures/engBBE_usfx.zip
replacement,King James Version (KJV),Psalms 41:10,"But thou, O LORD, be merciful unto me, and raise me up, that I may requite them.",Psalms 91:4,"He shall cover thee with his feathers, and under his wings shalt thou trust: his truth shall be thy shield and buckler.",The original asks for recovery in order to repay enemies; this full verse expresses refuge and protection through God's faithfulness.,https://ebible.org/Scriptures/eng-kjv2006_usfx.zip
replacement,World English Bible (WEB),Psalms 41:10,"But you, LORD, have mercy on me, and raise me up, that I may repay them.",Psalms 91:4,He will cover you with his feathers. Under his wings you will take refuge. His faithfulness is your shield and rampart.,The original asks for recovery in order to repay enemies; this full verse expresses refuge and protection through God's faithfulness.,https://ebible.org/Scriptures/engwebu_usfx.zip
replacement,Lutherbibel (1912),Psalms 41:10,"Du aber, HERR, sei mir gnädig und hilf mir auf, so will ich sie bezahlen.",Psalms 91:4,"Er wird dich mit seinen Fittichen decken, und deine Zuversicht wird sein unter seinen Flügeln. Seine Wahrheit ist Schirm und Schild,",The original asks for recovery in order to repay enemies; this full verse expresses refuge and protection through God's faithfulness.,https://ebible.org/Scriptures/deu1912_usfx.zip
replacement,Louis Segond (1910),Psalms 41:10,"Celui-là même avec qui j’étais en paix, Qui avait ma confiance et qui mangeait mon pain, Lève le talon contre moi.",Psalms 91:4,"Il te couvrira de ses plumes, Et tu trouveras un refuge sous ses ailes; Sa fidélité est un bouclier et une cuirasse.",The original asks for recovery in order to repay enemies; this full verse expresses refuge and protection through God's faithfulness.,https://ebible.org/Scriptures/fraLSG_usfx.zip
replacement,Riveduta (1927),Psalms 41:10,"Ma tu, o Eterno, abbi pietà di me e rialzami, ed io renderò loro quel che si meritano.",Psalms 91:4,"Egli ti coprirà con le sue penne, e sotto le sue ali troverai rifugio. La sua fedeltà ti è scudo e targa.",The original asks for recovery in order to repay enemies; this full verse expresses refuge and protection through God's faithfulness.,https://ebible.org/Scriptures/ita1927_usfx.zip
replacement,Reina-Valera (1909),Psalms 41:10,"Mas tú, Jehová, ten misericordia de mí, y hazme levantar, y daréles el pago.",Psalms 91:4,"Con sus plumas te cubrirá, y debajo de sus alas estarás seguro: escudo y adarga es su verdad.",The original asks for recovery in order to repay enemies; this full verse expresses refuge and protection through God's faithfulness.,https://ebible.org/Scriptures/spaRV1909_usfx.zip
replacement,Sathyavedapusthakam (1910),Psalms 41:10,"ഞാൻ അവൎക്കു പകരം ചെയ്യേണ്ടതിന്നു യഹോവേ, കൃപ തോന്നി എന്നെ എഴുന്നേല്പിക്കേണമേ.",Psalms 91:4,തന്റെ തൂവലുകൾകൊണ്ടു അവൻ നിന്നെ മറെക്കും; അവന്റെ ചിറകിൻ കീഴിൽ നീ ശരണം പ്രാപിക്കും; അവന്റെ വിശ്വസ്തത നിനക്കു പരിചയും പലകയും ആകുന്നു.,The original asks for recovery in order to repay enemies; this full verse expresses refuge and protection through God's faithfulness.,https://api.getbible.net/v2/mal1910.json
replacement,Ang Dating Biblia (1905),Psalms 41:10,"Nguni't ikaw, Oh Panginoon, maawa ka sa akin, at ibangon mo ako, upang aking magantihan sila.",Psalms 91:4,"Kaniyang tatakpan ka ng kaniyang mga bagwis, at sa ilalim ng kaniyang mga pakpak ay manganganlong ka: ang kaniyang katotohanan ay kalasag at baluti.",The original asks for recovery in order to repay enemies; this full verse expresses refuge and protection through God's faithfulness.,https://api.getbible.net/v2/tagalog.json
source-correction,Berean Standard Bible (BSB),Jude 1:21,Keep yourselves in the love of God as you await the mercy of our Lord Jesus Christ to bring you eternal life.,Jude 1:21,keep yourselves in the love of God as you await the mercy of our Lord Jesus Christ to bring you eternal life.,"Match the named edition source exactly, including its verse numbering, wording, capitalization and punctuation; normalize layout whitespace only.",https://ebible.org/Scriptures/engbsb_usfx.zip
replacement,Berean Standard Bible (BSB),Psalms 96:13,"Before the LORD, for He is coming— He is coming to judge the earth. He will judge the world in righteousness and the peoples in His faithfulness.",Psalms 96:3,"Declare His glory among the nations, His wonderful deeds among all peoples.",The original begins mid-sentence and focuses on coming judgment; this complete invitation celebrates God's glory and wonders.,https://ebible.org/Scriptures/engbsb_usfx.zip
replacement,Bible in Basic English (BBE),Psalms 96:13,"Before the Lord, for he is come; he is come to be the judge of the earth; the earth will be judged in righteousness, and the peoples with unchanging faith.",Psalms 96:3,"Make clear his glory to the nations, and his wonders to all the peoples.",The original begins mid-sentence and focuses on coming judgment; this complete invitation celebrates God's glory and wonders.,https://ebible.org/Scriptures/engBBE_usfx.zip
replacement,King James Version (KJV),Psalms 96:13,"Before the LORD: for he cometh, for he cometh to judge the earth: he shall judge the world with righteousness, and the people with his truth.",Psalms 96:3,"Declare his glory among the heathen, his wonders among all people.",The original begins mid-sentence and focuses on coming judgment; this complete invitation celebrates God's glory and wonders.,https://ebible.org/Scriptures/eng-kjv2006_usfx.zip
replacement,World English Bible (WEB),Psalms 96:13,"Before the LORD; for he comes, for he comes to judge the earth. He will judge the world with righteousness, the peoples with his truth.",Psalms 96:3,"Declare his glory among the nations, his marvelous works among all the peoples.",The original begins mid-sentence and focuses on coming judgment; this complete invitation celebrates God's glory and wonders.,https://ebible.org/Scriptures/engwebu_usfx.zip
replacement,Lutherbibel (1912),Psalms 96:13,"vor dem HERRN; denn er kommt, denn er kommt, zu richten das Erdreich. Er wird den Erdboden richten mit Gerechtigkeit und die Völker mit seiner Wahrheit.",Psalms 96:3,"Erzählet unter den Heiden seine Ehre, unter allen Völkern seine Wunder.",The original begins mid-sentence and focuses on coming judgment; this complete invitation celebrates God's glory and wonders.,https://ebible.org/Scriptures/deu1912_usfx.zip
replacement,Louis Segond (1910),Psalms 96:13,"Devant l’Éternel! Car il vient, Car il vient pour juger la terre; Il jugera le monde avec justice, Et les peuples selon sa fidélité.",Psalms 96:3,"Racontez parmi les nations sa gloire, Parmi tous les peuples ses merveilles!",The original begins mid-sentence and focuses on coming judgment; this complete invitation celebrates God's glory and wonders.,https://ebible.org/Scriptures/fraLSG_usfx.zip
replacement,Riveduta (1927),Psalms 96:13,"nel cospetto dell’Eterno; poich’egli viene, viene a giudicare la terra. Egli giudicherà il mondo con giustizia, e i popoli secondo la sua fedeltà.",Psalms 96:3,Raccontate la sua gloria fra le nazioni e le sue maraviglie fra tutti i popoli!,The original begins mid-sentence and focuses on coming judgment; this complete invitation celebrates God's glory and wonders.,https://ebible.org/Scriptures/ita1927_usfx.zip
replacement,Reina-Valera (1909),Psalms 96:13,"Delante de Jehová que vino: porque vino á juzgar la tierra. Juzgará al mundo con justicia, y á los pueblos con su verdad.",Psalms 96:3,"Contad entre las gentes su gloria, en todos los pueblos sus maravillas.",The original begins mid-sentence and focuses on coming judgment; this complete invitation celebrates God's glory and wonders.,https://ebible.org/Scriptures/spaRV1909_usfx.zip
replacement,Sathyavedapusthakam (1910),Psalms 96:13,യഹോവയുടെ സന്നിധിയിൽ തന്നേ; അവൻ വരുന്നുവല്ലോ; അവൻ ഭൂമിയെ വിധിപ്പാൻ വരുന്നു; അവൻ ഭൂലോകത്തെ നീതിയോടും ജാതികളെ വിശ്വസ്തതയോടുംകൂടെ വിധിക്കും.,Psalms 96:3,ജാതികളുടെ ഇടയിൽ അവന്റെ മഹത്വവും സകലവംശങ്ങളുടെയും ഇടയിൽ അവന്റെ അത്ഭുതങ്ങളും വിവരിപ്പിൻ.,The original begins mid-sentence and focuses on coming judgment; this complete invitation celebrates God's glory and wonders.,https://api.getbible.net/v2/mal1910.json
replacement,Ang Dating Biblia (1905),Psalms 96:13,"Sa harap ng Panginoon; sapagka't siya'y dumarating: sapagka't siya'y dumarating upang hatulan ang lupa: kaniyang hahatulan ng katuwiran ang sanglibutan, at ng kaniyang katotohanan ang mga bayan.",Psalms 96:3,Ipahayag ninyo ang kaniyang kaluwalhatian sa mga bansa ang kagilagilalas niyang mga gawa sa lahat ng mga bayan.,The original begins mid-sentence and focuses on coming judgment; this complete invitation celebrates God's glory and wonders.,https://api.getbible.net/v2/tagalog.json
replacement,Berean Standard Bible (BSB),Psalms 89:49,"Where, O Lord, is Your loving devotion of old, which You faithfully swore to David?",Psalms 33:18,"Surely the eyes of the LORD are on those who fear Him, on those whose hope is in His loving devotion",The original asks where God's former love has gone; this full verse expresses God's watchful care for those who hope in His love.,https://ebible.org/Scriptures/engbsb_usfx.zip
replacement,Bible in Basic English (BBE),Psalms 89:49,"Lord, where are your earlier mercies? where is the oath which you made to David in unchanging faith?",Psalms 33:18,"See, the eye of the Lord is on those in whose hearts is the fear of him, on those whose hope is in his mercy;",The original asks where God's former love has gone; this full verse expresses God's watchful care for those who hope in His love.,https://ebible.org/Scriptures/engBBE_usfx.zip
replacement,King James Version (KJV),Psalms 89:49,"Lord, where are thy former lovingkindnesses, which thou swarest unto David in thy truth?",Psalms 33:18,"Behold, the eye of the LORD is upon them that fear him, upon them that hope in his mercy;",The original asks where God's former love has gone; this full verse expresses God's watchful care for those who hope in His love.,https://ebible.org/Scriptures/eng-kjv2006_usfx.zip
replacement,World English Bible (WEB),Psalms 89:49,"Lord, where are your former loving kindnesses, which you swore to David in your faithfulness?",Psalms 33:18,"Behold, the LORD’s eye is on those who fear him, on those who hope in his loving kindness,",The original asks where God's former love has gone; this full verse expresses God's watchful care for those who hope in His love.,https://ebible.org/Scriptures/engwebu_usfx.zip
replacement,Lutherbibel (1912),Psalms 89:49,"Herr, wo ist deine vorige Gnade, die du David geschworen hast in deiner Wahrheit?",Psalms 33:18,"Siehe, des HERRN Auge sieht auf die, so ihn fürchten, die auf seine Güte hoffen,",The original asks where God's former love has gone; this full verse expresses God's watchful care for those who hope in His love.,https://ebible.org/Scriptures/deu1912_usfx.zip
replacement,Louis Segond (1910),Psalms 89:49,"Y a-t-il un homme qui puisse vivre et ne pas voir la mort, Qui puisse sauver son âme du séjour des morts? — Pause.",Psalms 33:18,"Voici, l’œil de l’Éternel est sur ceux qui le craignent, Sur ceux qui espèrent en sa bonté,",The original asks where God's former love has gone; this full verse expresses God's watchful care for those who hope in His love.,https://ebible.org/Scriptures/fraLSG_usfx.zip
replacement,Riveduta (1927),Psalms 89:49,"Signore, dove sono le tue benignità antiche, le quali giurasti a Davide nella tua fedeltà?",Psalms 33:18,"Ecco, l’occhio dell’Eterno è su quelli che lo temono, su quelli che sperano nella sua benignità,",The original asks where God's former love has gone; this full verse expresses God's watchful care for those who hope in His love.,https://ebible.org/Scriptures/ita1927_usfx.zip
replacement,Reina-Valera (1909),Psalms 89:49,"Señor, ¿dónde están tus antiguas misericordias, que juraste á David por tu verdad?",Psalms 33:18,"He aquí, el ojo de Jehová sobre los que le temen, sobre los que esperan en su misericordia;",The original asks where God's former love has gone; this full verse expresses God's watchful care for those who hope in His love.,https://ebible.org/Scriptures/spaRV1909_usfx.zip
replacement,Sathyavedapusthakam (1910),Psalms 89:49,"കൎത്താവേ, നിന്റെ വിശ്വസ്തതയിൽ നി ദാവീദിനോടു സത്യംചെയ്ത നിന്റെ പണ്ടത്തെ കൃപകൾ എവിടെ?",Psalms 33:18,യഹോവയുടെ ദൃഷ്ടി തന്റെ ഭക്തന്മാരുടെമേലും തന്റെ ദയെക്കായി പ്രത്യാശിക്കുന്നവരുടെമേലും ഇരിക്കുന്നു;,The original asks where God's former love has gone; this full verse expresses God's watchful care for those who hope in His love.,https://api.getbible.net/v2/mal1910.json
replacement,Ang Dating Biblia (1905),Psalms 89:49,"Panginoon, saan nandoon ang iyong dating mga kagandahang-loob, na iyong isinumpa kay David sa iyong pagtatapat?",Psalms 33:18,"Narito, ang mata ng Panginoon ay nasa kanila na nangatatakot sa kaniya, sa kanila na nagsisiasa sa kaniyang kagandahang-loob;",The original asks where God's former love has gone; this full verse expresses God's watchful care for those who hope in His love.,https://api.getbible.net/v2/tagalog.json
replacement,Berean Standard Bible (BSB),Proverbs 3:4,Then you will find favor and high regard in the sight of God and man.,Proverbs 3:24,"When you lie down, you will not be afraid; when you rest, your sleep will be sweet.",The original is the consequence of instructions omitted from the card; this full verse expresses freedom from fear at rest.,https://ebible.org/Scriptures/engbsb_usfx.zip
replacement,Bible in Basic English (BBE),Proverbs 3:4,So you will have grace and a good name in the eyes of God and men.,Proverbs 3:24,"When you take your rest you will have no fear, and on your bed sleep will be sweet to you.",The original is the consequence of instructions omitted from the card; this full verse expresses freedom from fear at rest.,https://ebible.org/Scriptures/engBBE_usfx.zip
replacement,King James Version (KJV),Proverbs 3:4,So shalt thou find favour and good understanding in the sight of God and man.,Proverbs 3:24,"When thou liest down, thou shalt not be afraid: yea, thou shalt lie down, and thy sleep shall be sweet.",The original is the consequence of instructions omitted from the card; this full verse expresses freedom from fear at rest.,https://ebible.org/Scriptures/eng-kjv2006_usfx.zip
replacement,World English Bible (WEB),Proverbs 3:4,"So you will find favor, and good understanding in the sight of God and man.",Proverbs 3:24,"When you lie down, you will not be afraid. Yes, you will lie down, and your sleep will be sweet.",The original is the consequence of instructions omitted from the card; this full verse expresses freedom from fear at rest.,https://ebible.org/Scriptures/engwebu_usfx.zip
replacement,Lutherbibel (1912),Proverbs 3:4,"so wirst du Gunst und Klugheit finden, die Gott und Menschen gefällt.",Proverbs 3:24,"Legst du dich, so wirst du dich nicht fürchten, sondern süß schlafen,",The original is the consequence of instructions omitted from the card; this full verse expresses freedom from fear at rest.,https://ebible.org/Scriptures/deu1912_usfx.zip
replacement,Louis Segond (1910),Proverbs 3:4,"Tu acquerras ainsi de la grâce et une raison saine, Aux yeux de Dieu et des hommes.",Proverbs 3:24,"Si tu te couches, tu seras sans crainte; Et quand tu seras couché, ton sommeil sera doux.",The original is the consequence of instructions omitted from the card; this full verse expresses freedom from fear at rest.,https://ebible.org/Scriptures/fraLSG_usfx.zip
replacement,Riveduta (1927),Proverbs 3:4,troverai così grazia e buon senno agli occhi di Dio e degli uomini.,Proverbs 3:24,"Quando ti metterai a giacere non avrai paura; giacerai, e il sonno tuo sarà dolce.",The original is the consequence of instructions omitted from the card; this full verse expresses freedom from fear at rest.,https://ebible.org/Scriptures/ita1927_usfx.zip
replacement,Reina-Valera (1909),Proverbs 3:4,Y hallarás gracia y buena opinión en los ojos de Dios y de los hombres.,Proverbs 3:24,"Cuando te acostares, no tendrás temor; antes te acostarás, y tu sueño será suave.",The original is the consequence of instructions omitted from the card; this full verse expresses freedom from fear at rest.,https://ebible.org/Scriptures/spaRV1909_usfx.zip
replacement,Sathyavedapusthakam (1910),Proverbs 3:4,അങ്ങനെ നീ ദൈവത്തിന്നും മനുഷ്യൎക്കും ബോദ്ധ്യമായ ലാവണ്യവും സൽബുദ്ധിയും പ്രാപിക്കും.,Proverbs 3:24,നീ കിടപ്പാൻ പോകുമ്പോൾ നിനക്കു പേടി ഉണ്ടാകയില്ല; കിടക്കുമ്പോൾ നിന്റെ ഉറക്കം സുഖകരമായിരിക്കും.,The original is the consequence of instructions omitted from the card; this full verse expresses freedom from fear at rest.,https://api.getbible.net/v2/mal1910.json
replacement,Ang Dating Biblia (1905),Proverbs 3:4,"Sa gayo'y makakasumpong ka ng lingap at mabuting kaunawaan, sa paningin ng Dios at ng tao.",Proverbs 3:24,"Pagka ikaw ay nahihiga, hindi ka matatakot: Oo, ikaw ay mahihiga at ang iyong tulog ay magiging mahimbing.",The original is the consequence of instructions omitted from the card; this full verse expresses freedom from fear at rest.,https://api.getbible.net/v2/tagalog.json
replacement,Berean Standard Bible (BSB),Proverbs 8:35,For whoever finds me finds life and obtains the favor of the LORD.,Proverbs 16:24,"Pleasant words are a honeycomb, sweet to the soul and healing to the bones.","The original's 'me' is personified Wisdom, unexplained on the card; the replacement clearly describes gracious words.",https://ebible.org/Scriptures/engbsb_usfx.zip
replacement,Bible in Basic English (BBE),Proverbs 8:35,"For whoever gets me gets life, and grace from the Lord will come to him.",Proverbs 16:24,"Pleasing words are like honey, sweet to the soul and new life to the bones.","The original's 'me' is personified Wisdom, unexplained on the card; the replacement clearly describes gracious words.",https://ebible.org/Scriptures/engBBE_usfx.zip
replacement,King James Version (KJV),Proverbs 8:35,"For whoso findeth me findeth life, and shall obtain favour of the LORD.",Proverbs 16:24,"Pleasant words are as an honeycomb, sweet to the soul, and health to the bones.","The original's 'me' is personified Wisdom, unexplained on the card; the replacement clearly describes gracious words.",https://ebible.org/Scriptures/eng-kjv2006_usfx.zip
replacement,World English Bible (WEB),Proverbs 8:35,"For whoever finds me finds life, and will obtain favor from the LORD.",Proverbs 16:24,"Pleasant words are a honeycomb, sweet to the soul, and health to the bones.","The original's 'me' is personified Wisdom, unexplained on the card; the replacement clearly describes gracious words.",https://ebible.org/Scriptures/engwebu_usfx.zip
replacement,Lutherbibel (1912),Proverbs 8:35,"Wer mich findet, der findet das Leben und wird Wohlgefallen vom HERRN erlangen.",Proverbs 16:24,"Die Reden des Freundlichen sind Honigseim, trösten die Seele und erfrischen die Gebeine.","The original's 'me' is personified Wisdom, unexplained on the card; the replacement clearly describes gracious words.",https://ebible.org/Scriptures/deu1912_usfx.zip
replacement,Louis Segond (1910),Proverbs 8:35,"Car celui qui me trouve a trouvé la vie, Et il obtient la faveur de l’Éternel.",Proverbs 16:24,"Les paroles agréables sont un rayon de miel, Douces pour l’âme et salutaires pour le corps.","The original's 'me' is personified Wisdom, unexplained on the card; the replacement clearly describes gracious words.",https://ebible.org/Scriptures/fraLSG_usfx.zip
replacement,Riveduta (1927),Proverbs 8:35,"Poiché chi mi trova trova la vita, e ottiene favore dall’Eterno.",Proverbs 16:24,"Le parole soavi sono un favo di miele: dolcezza all’anima, salute al corpo.","The original's 'me' is personified Wisdom, unexplained on the card; the replacement clearly describes gracious words.",https://ebible.org/Scriptures/ita1927_usfx.zip
replacement,Reina-Valera (1909),Proverbs 8:35,"Porque el que me hallare, hallará la vida, y alcanzará el favor de Jehová.",Proverbs 16:24,Panal de miel son los dichos suaves: suavidad al alma y medicina á los huesos.,"The original's 'me' is personified Wisdom, unexplained on the card; the replacement clearly describes gracious words.",https://ebible.org/Scriptures/spaRV1909_usfx.zip
replacement,Sathyavedapusthakam (1910),Proverbs 8:35,എന്നെ കണ്ടെത്തുന്നവൻ ജീവനെ കണ്ടെത്തുന്നു; അവൻ യഹോവയുടെ കടാക്ഷം പ്രാപിക്കുന്നു.,Proverbs 16:24,ഇമ്പമുള്ള വാക്കു തേൻകട്ടയാകുന്നു; മനസ്സിന്നു മധുരവും അസ്ഥികൾക്കു ഔഷധവും തന്നേ;,"The original's 'me' is personified Wisdom, unexplained on the card; the replacement clearly describes gracious words.",https://api.getbible.net/v2/mal1910.json
replacement,Ang Dating Biblia (1905),Proverbs 8:35,"Sapagka't sinomang nakakasumpong sa akin, ay nakakasumpong ng buhay. At magtatamo ng lingap ng Panginoon.",Proverbs 16:24,"Mga maligayang salita ay parang pulot-pukyutan, matamis sa kaluluwa at kagalingan sa mga buto.","The original's 'me' is personified Wisdom, unexplained on the card; the replacement clearly describes gracious words.",https://api.getbible.net/v2/tagalog.json
replacement,Berean Standard Bible (BSB),Psalms 118:20,This is the gate of the LORD; the righteous shall enter through it.,Psalms 118:21,"I will give You thanks, for You have answered me, and You have become my salvation.",The original gate reference depends on the previous verse; this full verse offers thanks for answered prayer.,https://ebible.org/Scriptures/engbsb_usfx.zip
replacement,Bible in Basic English (BBE),Psalms 118:20,This is the door of the Lord's house; the workers of righteousness will go in through it.,Psalms 118:21,"I will give you praise, for you have given me an answer, and have become my salvation.",The original gate reference depends on the previous verse; this full verse offers thanks for answered prayer.,https://ebible.org/Scriptures/engBBE_usfx.zip
replacement,King James Version (KJV),Psalms 118:20,"This gate of the LORD, into which the righteous shall enter.",Psalms 118:21,"I will praise thee: for thou hast heard me, and art become my salvation.",The original gate reference depends on the previous verse; this full verse offers thanks for answered prayer.,https://ebible.org/Scriptures/eng-kjv2006_usfx.zip
replacement,World English Bible (WEB),Psalms 118:20,This is the gate of the LORD; the righteous will enter into it.,Psalms 118:21,"I will give thanks to you, for you have answered me, and have become my salvation.",The original gate reference depends on the previous verse; this full verse offers thanks for answered prayer.,https://ebible.org/Scriptures/engwebu_usfx.zip
replacement,Lutherbibel (1912),Psalms 118:20,Das ist das Tor des HERRN; die Gerechten werden dahin eingehen.,Psalms 118:21,"Ich danke dir, daß du mich demütigst und hilfst mir.",The original gate reference depends on the previous verse; this full verse offers thanks for answered prayer.,https://ebible.org/Scriptures/deu1912_usfx.zip
replacement,Louis Segond (1910),Psalms 118:20,Voici la porte de l’Éternel: C’est par elle qu’entrent les justes.,Psalms 118:21,"Je te loue, parce que tu m’as exaucé, Parce que tu m’as sauvé.",The original gate reference depends on the previous verse; this full verse offers thanks for answered prayer.,https://ebible.org/Scriptures/fraLSG_usfx.zip
replacement,Riveduta (1927),Psalms 118:20,Questa è la porta dell’Eterno; i giusti entreranno per essa.,Psalms 118:21,"Io ti celebrerò perché tu m’hai risposto, e sei stato la mia salvezza.",The original gate reference depends on the previous verse; this full verse offers thanks for answered prayer.,https://ebible.org/Scriptures/ita1927_usfx.zip
replacement,Reina-Valera (1909),Psalms 118:20,"Esta puerta de Jehová, por ella entrarán los justos.",Psalms 118:21,"Te alabaré, porque me has oído, y me fuiste por salud.",The original gate reference depends on the previous verse; this full verse offers thanks for answered prayer.,https://ebible.org/Scriptures/spaRV1909_usfx.zip
replacement,Sathyavedapusthakam (1910),Psalms 118:20,യഹോവയുടെ വാതിൽ ഇതു തന്നേ; നീതിമാന്മാർ അതിൽകൂടി കടക്കും.,Psalms 118:21,നീ എനിക്കു ഉത്തരമരുളി എന്റെ രക്ഷയായി തീൎന്നിരിക്കയാൽ ഞാൻ നിനക്കു സ്തോത്രം ചെയ്യും.,The original gate reference depends on the previous verse; this full verse offers thanks for answered prayer.,https://api.getbible.net/v2/mal1910.json
replacement,Ang Dating Biblia (1905),Psalms 118:20,Ito'y siyang pintuan ng Panginoon; papasukan ng matuwid.,Psalms 118:21,"Ako'y magpapasalamat sa iyo, sapagka't sinagot mo ako! At ikaw ay naging aking kaligtasan.",The original gate reference depends on the previous verse; this full verse offers thanks for answered prayer.,https://api.getbible.net/v2/tagalog.json
source-correction,World English Bible (WEB),Hebrews 3:6,"But Christ is faithful as a Son over his house. We are his house, if we hold fast our confidence and the glorying of our hope firm to the end.",Hebrews 3:6,"but Christ is faithful as a Son over his house. We are his house, if we hold fast our confidence and the glorying of our hope firm to the end.","Match the named edition source exactly, including its verse numbering, wording, capitalization and punctuation; normalize layout whitespace only.",https://ebible.org/Scriptures/engwebu_usfx.zip
source-correction,Lutherbibel (1912),Psalms 18:30,"Gottes Wege sind vollkommen; die Reden des HERRN sind durchläutert. Er ist ein Schild allen, die ihm vertrauen.",Psalms 18:31,"Gottes Wege sind vollkommen; die Reden des HERRN sind durchläutert. Er ist ein Schild allen, die ihm vertrauen.","Match the named edition source exactly, including its verse numbering, wording, capitalization and punctuation; normalize layout whitespace only.",https://ebible.org/Scriptures/deu1912_usfx.zip
source-correction,Louis Segond (1910),Psalms 18:30,"Avec toi je me précipite sur une troupe en armes, Avec mon Dieu je franchis une muraille.",Psalms 18:31,"Les voies de Dieu sont parfaites, La parole de l’Éternel est éprouvée; Il est un bouclier pour tous ceux qui se confient en lui.","Match the named edition source exactly, including its verse numbering, wording, capitalization and punctuation; normalize layout whitespace only.",https://ebible.org/Scriptures/fraLSG_usfx.zip
replacement,Berean Standard Bible (BSB),Psalms 22:8,"“He trusts in the LORD, let the LORD deliver him; let the LORD rescue him, since He delights in him.”",Psalms 34:5,Those who look to Him are radiant with joy; their faces shall never be ashamed.,"The original quotes mockers, not an unqualified promise; this full verse affirms the joy of looking to God.",https://ebible.org/Scriptures/engbsb_usfx.zip
replacement,Bible in Basic English (BBE),Psalms 22:8,"He put his faith in the Lord; let the Lord be his saviour now: let the Lord be his saviour, because he had delight in him.",Psalms 34:5,"Let your eyes be turned to him and you will have light, and your faces will not be shamed.","The original quotes mockers, not an unqualified promise; this full verse affirms the joy of looking to God.",https://ebible.org/Scriptures/engBBE_usfx.zip
replacement,King James Version (KJV),Psalms 22:8,"He trusted on the LORD that he would deliver him: let him deliver him, seeing he delighted in him.",Psalms 34:5,"They looked unto him, and were lightened: and their faces were not ashamed.","The original quotes mockers, not an unqualified promise; this full verse affirms the joy of looking to God.",https://ebible.org/Scriptures/eng-kjv2006_usfx.zip
replacement,World English Bible (WEB),Psalms 22:8,"“He trusts in the LORD. Let him deliver him. Let him rescue him, since he delights in him.”",Psalms 34:5,"They looked to him, and were radiant. Their faces shall never be covered with shame.","The original quotes mockers, not an unqualified promise; this full verse affirms the joy of looking to God.",https://ebible.org/Scriptures/engwebu_usfx.zip
replacement,Lutherbibel (1912),Psalms 22:8,"“Er klage es dem HERRN; der helfe ihm aus und errette ihn, hat er Lust zu ihm.”",Psalms 34:6,"Welche auf ihn sehen, die werden erquickt, und ihr Angesicht wird nicht zu Schanden.","The original quotes mockers, not an unqualified promise; this full verse affirms the joy of looking to God.",https://ebible.org/Scriptures/deu1912_usfx.zip
replacement,Louis Segond (1910),Psalms 22:8,"Tous ceux qui me voient se moquent de moi, Ils ouvrent la bouche, secouent la tête:",Psalms 34:6,"Quand on tourne vers lui les regards, on est rayonnant de joie, Et le visage ne se couvre pas de honte.","The original quotes mockers, not an unqualified promise; this full verse affirms the joy of looking to God.",https://ebible.org/Scriptures/fraLSG_usfx.zip
replacement,Riveduta (1927),Psalms 22:8,"Ei si rimette nell’Eterno; lo liberi dunque; lo salvi, poiché lo gradisce!",Psalms 34:5,"Quelli che riguardano a lui sono illuminati, e le loro facce non sono svergognate.","The original quotes mockers, not an unqualified promise; this full verse affirms the joy of looking to God.",https://ebible.org/Scriptures/ita1927_usfx.zip
replacement,Reina-Valera (1909),Psalms 22:8,"Remítese á Jehová, líbrelo; sálvele, puesto que en él se complacía.",Psalms 34:5,A él miraron y fueron alumbrados: y sus rostros no se avergonzaron.,"The original quotes mockers, not an unqualified promise; this full verse affirms the joy of looking to God.",https://ebible.org/Scriptures/spaRV1909_usfx.zip
replacement,Sathyavedapusthakam (1910),Psalms 22:8,യഹോവയിങ്കൽ നിന്നെത്തന്നേ സമൎപ്പിക്ക! അവൻ അവനെ രക്ഷിക്കട്ടെ! അവൻ അവനെ വിടുവിക്കട്ടെ! അവനിൽ പ്രസാദമുണ്ടല്ലോ.,Psalms 34:5,അവങ്കലേക്കു നോക്കിയവർ പ്രകാശിതരായി; അവരുടെ മുഖം ലജ്ജിച്ചുപോയതുമില്ല.,"The original quotes mockers, not an unqualified promise; this full verse affirms the joy of looking to God.",https://api.getbible.net/v2/mal1910.json
replacement,Ang Dating Biblia (1905),Psalms 22:8,Magpakatiwala ka sa Panginoon; iligtas niya siya: iligtas niya siya yamang kinaluluguran niya siya:,Psalms 34:5,"Sila'y nagsitingin sa kaniya, at nangaliwanagan: at ang kanilang mukha ay hindi malilito kailan man.","The original quotes mockers, not an unqualified promise; this full verse affirms the joy of looking to God.",https://api.getbible.net/v2/tagalog.json
source-correction,Berean Standard Bible (BSB),Psalms 25:2,"In You, my God, I trust. Do not let me be put to shame; do not let my enemies exult over me.",Psalms 25:2,"in You, my God, I trust. Do not let me be put to shame; do not let my enemies exult over me.","Match the named edition source exactly, including its verse numbering, wording, capitalization and punctuation; normalize layout whitespace only.",https://ebible.org/Scriptures/engbsb_usfx.zip
source-correction,Lutherbibel (1912),Psalms 31:14,"Ich aber, HERR, hoffe auf dich und spreche: Du bist mein Gott!",Psalms 31:15,"Ich aber, HERR, hoffe auf dich und spreche: Du bist mein Gott!","Match the named edition source exactly, including its verse numbering, wording, capitalization and punctuation; normalize layout whitespace only.",https://ebible.org/Scriptures/deu1912_usfx.zip
source-correction,Louis Segond (1910),Psalms 31:14,"J’apprends les mauvais propos de plusieurs, L’épouvante qui règne à l’entour, Quand ils se concertent ensemble contre moi: Ils complotent de m’ôter la vie.",Psalms 31:15,"Mais en toi je me confie, ô Éternel! Je dis: Tu es mon Dieu!","Match the named edition source exactly, including its verse numbering, wording, capitalization and punctuation; normalize layout whitespace only.",https://ebible.org/Scriptures/fraLSG_usfx.zip
source-correction,Lutherbibel (1912),Psalms 34:22,"Der HERR erlöst die Seele seiner Knechte; und alle, die auf ihn trauen, werden keine Schuld haben.",Psalms 34:23,"Der HERR erlöst die Seele seiner Knechte; und alle, die auf ihn trauen, werden keine Schuld haben.","Match the named edition source exactly, including its verse numbering, wording, capitalization and punctuation; normalize layout whitespace only.",https://ebible.org/Scriptures/deu1912_usfx.zip
source-correction,Louis Segond (1910),Psalms 34:22,"Le malheur tue le méchant, Et les ennemis du juste sont châtiés.",Psalms 34:23,"L’Éternel délivre l’âme de ses serviteurs, Et tous ceux qui l’ont pour refuge échappent au châtiment.","Match the named edition source exactly, including its verse numbering, wording, capitalization and punctuation; normalize layout whitespace only.",https://ebible.org/Scriptures/fraLSG_usfx.zip
replacement,Berean Standard Bible (BSB),Acts 7:59,"While they were stoning him, Stephen appealed, “Lord Jesus, receive my spirit.”",1 Peter 4:8,"Above all, love one another deeply, because love covers over a multitude of sins.",The original describes Stephen's stoning; this full verse encourages earnest love.,https://ebible.org/Scriptures/engbsb_usfx.zip
replacement,Bible in Basic English (BBE),Acts 7:59,"And Stephen, while he was being stoned, made prayer to God, saying, Lord Jesus, take my spirit.",1 Peter 4:8,And most of all be warm in your love for one another; because in love there is forgiveness for sins without number:,The original describes Stephen's stoning; this full verse encourages earnest love.,https://ebible.org/Scriptures/engBBE_usfx.zip
replacement,King James Version (KJV),Acts 7:59,"And they stoned Stephen, calling upon God, and saying, Lord Jesus, receive my spirit.",1 Peter 4:8,And above all things have fervent charity among yourselves: for charity shall cover the multitude of sins.,The original describes Stephen's stoning; this full verse encourages earnest love.,https://ebible.org/Scriptures/eng-kjv2006_usfx.zip
replacement,World English Bible (WEB),Acts 7:59,"They stoned Stephen as he called out, saying, “Lord Jesus, receive my spirit!”",1 Peter 4:8,"And above all things be earnest in your love among yourselves, for love covers a multitude of sins.",The original describes Stephen's stoning; this full verse encourages earnest love.,https://ebible.org/Scriptures/engwebu_usfx.zip
replacement,Lutherbibel (1912),Acts 7:59,"und steinigten Stephanus, der anrief und sprach: HERR Jesu, nimm meinen Geist auf!",1 Peter 4:8,So seid nun mäßig und nüchtern zum Gebet. Vor allen Dingen aber habt untereinander eine inbrünstige Liebe; denn die Liebe deckt auch der Sünden Menge.,The original describes Stephen's stoning; this full verse encourages earnest love.,https://ebible.org/Scriptures/deu1912_usfx.zip
replacement,Louis Segond (1910),Acts 7:59,"Et ils lapidaient Étienne, qui priait et disait: Seigneur Jésus, reçois mon esprit!",1 Peter 4:8,"Avant tout, ayez les uns pour les autres une ardente charité, car La charité couvre une multitude de péchés.",The original describes Stephen's stoning; this full verse encourages earnest love.,https://ebible.org/Scriptures/fraLSG_usfx.zip
replacement,Riveduta (1927),Acts 7:59,"E lapidavano Stefano che invocava Gesù e diceva: Signor Gesù, ricevi il mio spirito.",1 Peter 4:8,"Soprattutto, abbiate amore intenso gli uni per gli altri, perché l’amore copre moltitudine di peccati.",The original describes Stephen's stoning; this full verse encourages earnest love.,https://ebible.org/Scriptures/ita1927_usfx.zip
replacement,Reina-Valera (1909),Acts 7:59,"Y apedrearon á Esteban, invocando él y diciendo: Señor Jesús, recibe mi espíritu.",1 Peter 4:8,"Y sobre todo, tened entre vosotros ferviente caridad; porque la caridad cubrirá multitud de pecados.",The original describes Stephen's stoning; this full verse encourages earnest love.,https://ebible.org/Scriptures/spaRV1909_usfx.zip
replacement,Sathyavedapusthakam (1910),Acts 7:59,"കൎത്താവായ യേശുവേ, എന്റെ ആത്മാവിനെ കൈക്കൊള്ളേണമേ എന്നു സ്തെഫാനോസ് വിളിച്ചപേക്ഷിക്കയിൽ അവർ അവനെ കല്ലെറിഞ്ഞു.",1 Peter 4:8,സകലത്തിന്നും മുമ്പെ തമ്മിൽ ഉറ്റസ്നേഹം ഉള്ളവരായിരിപ്പിൻ. സ്നേഹം പാപങ്ങളുടെ ബഹുത്വത്തെ മറെക്കുന്നു.,The original describes Stephen's stoning; this full verse encourages earnest love.,https://api.getbible.net/v2/mal1910.json
replacement,Ang Dating Biblia (1905),Acts 7:59,"At kanilang pinagbatuhanan si Esteban, na tumatawag sa Panginoon at nagsasabi, Panginoong Jesus, tanggapin mo ang aking espiritu.",1 Peter 4:8,Na una sa lahat ay maging maningas kayo sa inyong pagiibigan; sapagka't ang pagibig ay nagtatakip ng karamihang kasalanan:,The original describes Stephen's stoning; this full verse encourages earnest love.,https://api.getbible.net/v2/tagalog.json
replacement,Berean Standard Bible (BSB),Psalms 37:5,"Commit your way to the LORD; trust in Him, and He will do it.",Psalms 37:24,"Though he falls, he will not be overwhelmed, for the LORD is holding his hand.",Remove a duplicate of the existing Psalm 37:5 card; this full verse expresses God's support when a person stumbles.,https://ebible.org/Scriptures/engbsb_usfx.zip
replacement,Bible in Basic English (BBE),Psalms 37:5,Put your life in the hands of the Lord; have faith in him and he will do it.,Psalms 37:24,Even if he has a fall he will not be without help: for the hand of the Lord is supporting him.,Remove a duplicate of the existing Psalm 37:5 card; this full verse expresses God's support when a person stumbles.,https://ebible.org/Scriptures/engBBE_usfx.zip
replacement,King James Version (KJV),Psalms 37:5,Commit thy way unto the LORD; trust also in him; and he shall bring it to pass.,Psalms 37:24,"Though he fall, he shall not be utterly cast down: for the LORD upholdeth him with his hand.",Remove a duplicate of the existing Psalm 37:5 card; this full verse expresses God's support when a person stumbles.,https://ebible.org/Scriptures/eng-kjv2006_usfx.zip
replacement,World English Bible (WEB),Psalms 37:5,"Commit your way to the LORD. Trust also in him, and he will do this:",Psalms 37:24,"Though he stumble, he shall not fall, for the LORD holds him up with his hand.",Remove a duplicate of the existing Psalm 37:5 card; this full verse expresses God's support when a person stumbles.,https://ebible.org/Scriptures/engwebu_usfx.zip
replacement,Lutherbibel (1912),Psalms 37:5,Befiehl dem HERRN deine Wege und hoffe auf ihn; er wird's wohl machen,Psalms 37:24,"Fällt er, so wird er nicht weggeworfen; denn der HERR hält ihn bei der Hand.",Remove a duplicate of the existing Psalm 37:5 card; this full verse expresses God's support when a person stumbles.,https://ebible.org/Scriptures/deu1912_usfx.zip
replacement,Louis Segond (1910),Psalms 37:5,"Recommande ton sort à l’Éternel, Mets en lui ta confiance, et il agira.",Psalms 37:24,"S’il tombe, il n’est pas terrassé, Car l’Éternel lui prend la main.",Remove a duplicate of the existing Psalm 37:5 card; this full verse expresses God's support when a person stumbles.,https://ebible.org/Scriptures/fraLSG_usfx.zip
replacement,Riveduta (1927),Psalms 37:5,"Rimetti la tua sorte nell’Eterno; confidati in lui, ed egli opererà",Psalms 37:24,"Se cade, non è però atterrato, perché l’Eterno lo sostiene per la mano.",Remove a duplicate of the existing Psalm 37:5 card; this full verse expresses God's support when a person stumbles.,https://ebible.org/Scriptures/ita1927_usfx.zip
replacement,Reina-Valera (1909),Psalms 37:5,"Encomienda á Jehová tu camino, y espera en él; y él hará.",Psalms 37:24,"Cuando cayere, no quedará postrado; porque Jehová sostiene su mano.",Remove a duplicate of the existing Psalm 37:5 card; this full verse expresses God's support when a person stumbles.,https://ebible.org/Scriptures/spaRV1909_usfx.zip
replacement,Sathyavedapusthakam (1910),Psalms 37:5,നിന്റെ വഴി യഹോവയെ ഭരമേല്പിക്ക; അവനിൽ തന്നേ ആശ്രയിക്ക; അവൻ അതു നിൎവ്വഹിക്കും.,Psalms 37:24,അവൻ വീണാലും നിലംപരിചാകയില്ല; യഹോവ അവനെ കൈ പിടിച്ചു താങ്ങുന്നു.,Remove a duplicate of the existing Psalm 37:5 card; this full verse expresses God's support when a person stumbles.,https://api.getbible.net/v2/mal1910.json
replacement,Ang Dating Biblia (1905),Psalms 37:5,"Ihabilin mo ang iyong lakad sa Panginoon; tumiwala ka rin naman sa kaniya, at kaniyang papangyayarihin.",Psalms 37:24,"Bagaman siya'y mabuwal, hindi siya lubos na mapapahiga: Sapagka't inaalalayan siya ng Panginoon ng kaniyang kamay.",Remove a duplicate of the existing Psalm 37:5 card; this full verse expresses God's support when a person stumbles.,https://api.getbible.net/v2/tagalog.json
source-correction,Lutherbibel (1912),Psalms 40:4,"Wohl dem, der seine Hoffnung setzt auf den HERRN und sich nicht wendet zu den Hoffärtigen und zu denen, die mit Lügen umgehen!",Psalms 40:5,"Wohl dem, der seine Hoffnung setzt auf den HERRN und sich nicht wendet zu den Hoffärtigen und zu denen, die mit Lügen umgehen!","Match the named edition source exactly, including its verse numbering, wording, capitalization and punctuation; normalize layout whitespace only.",https://ebible.org/Scriptures/deu1912_usfx.zip
source-correction,Louis Segond (1910),Psalms 40:4,"Il a mis dans ma bouche un cantique nouveau, Une louange à notre Dieu; Beaucoup l’ont vu, et ont eu de la crainte, Et ils se sont confiés en l’Éternel.",Psalms 40:5,"Heureux l’homme qui place en l’Éternel sa confiance, Et qui ne se tourne pas vers les hautains et les menteurs!","Match the named edition source exactly, including its verse numbering, wording, capitalization and punctuation; normalize layout whitespace only.",https://ebible.org/Scriptures/fraLSG_usfx.zip
replacement,Berean Standard Bible (BSB),Psalms 55:23,"But You, O God, will bring them down to the Pit of destruction; men of bloodshed and deceit will not live out half their days. But I will trust in You.",Psalms 62:7,"My salvation and my honor rest on God, my strong rock; my refuge is in God.",The original is mainly an appeal for destruction; this full verse celebrates God as refuge and strength.,https://ebible.org/Scriptures/engbsb_usfx.zip
replacement,Bible in Basic English (BBE),Psalms 55:23,"But you, O God, will send them down into the underworld; the cruel and the false will be cut off before half their days are ended; but I will have faith in you.",Psalms 62:7,"In God is my salvation, and my glory; the Rock of my strength, and my safe place.",The original is mainly an appeal for destruction; this full verse celebrates God as refuge and strength.,https://ebible.org/Scriptures/engBBE_usfx.zip
replacement,King James Version (KJV),Psalms 55:23,"But thou, O God, shalt bring them down into the pit of destruction: bloody and deceitful men shall not live out half their days; but I will trust in thee.",Psalms 62:7,"In God is my salvation and my glory: the rock of my strength, and my refuge, is in God.",The original is mainly an appeal for destruction; this full verse celebrates God as refuge and strength.,https://ebible.org/Scriptures/eng-kjv2006_usfx.zip
replacement,World English Bible (WEB),Psalms 55:23,"But you, God, will bring them down into the pit of destruction. Bloodthirsty and deceitful men shall not live out half their days, but I will trust in you.",Psalms 62:7,"My salvation and my honor is with God. The rock of my strength, and my refuge, is in God.",The original is mainly an appeal for destruction; this full verse celebrates God as refuge and strength.,https://ebible.org/Scriptures/engwebu_usfx.zip
replacement,Lutherbibel (1912),Psalms 55:23,"Aber, Gott, du wirst sie hinunterstoßen in die tiefe Grube: die Blutgierigen und Falschen werden ihr Leben nicht zur Hälfte bringen. Ich aber hoffe auf dich.",Psalms 62:8,"Bei Gott ist mein Heil, meine Ehre, der Fels meiner Stärke; meine Zuversicht ist auf Gott.",The original is mainly an appeal for destruction; this full verse celebrates God as refuge and strength.,https://ebible.org/Scriptures/deu1912_usfx.zip
replacement,Louis Segond (1910),Psalms 55:23,"Remets ton sort à l’Éternel, et il te soutiendra, Il ne laissera jamais chanceler le juste.",Psalms 62:8,"Sur Dieu reposent mon salut et ma gloire; Le rocher de ma force, mon refuge, est en Dieu.",The original is mainly an appeal for destruction; this full verse celebrates God as refuge and strength.,https://ebible.org/Scriptures/fraLSG_usfx.zip
replacement,Riveduta (1927),Psalms 55:23,"Ma tu, o Dio, farai cader costoro nel profondo della fossa; gli uomini di sangue e di frode non arriveranno alla metà de’ lor giorni; ma io confiderò in te.",Psalms 62:7,In Dio è la mia salvezza e la mia gloria; la mia forte ròcca e il mio rifugio sono in Dio.,The original is mainly an appeal for destruction; this full verse celebrates God as refuge and strength.,https://ebible.org/Scriptures/ita1927_usfx.zip
replacement,Reina-Valera (1909),Psalms 55:23,"Mas tú, oh Dios, harás descender aquéllos al pozo de la sepultura: los hombres sanguinarios y engañadores no demediarán sus días: empero yo confiaré en ti.",Psalms 62:7,"En Dios está mi salvación y mi gloria: en Dios está la roca de mi fortaleza, y mi refugio.",The original is mainly an appeal for destruction; this full verse celebrates God as refuge and strength.,https://ebible.org/Scriptures/spaRV1909_usfx.zip
replacement,Sathyavedapusthakam (1910),Psalms 55:23,"ദൈവമേ, നീ അവരെ നാശത്തിന്റെ കുഴിയിലേക്കു ഇറക്കും; രക്തപ്രിയവും വഞ്ചനയും ഉള്ളവർ ആയുസ്സിന്റെ പകുതിയോളം ജീവിക്കയില്ല; ഞാനോ നിന്നിൽ ആശ്രയിക്കും.",Psalms 62:7,എന്റെ രക്ഷയും എന്റെ മഹിമയും ദൈവത്തിന്റെ പക്കൽ ആകുന്നു; എന്റെ ഉറപ്പുള്ള പാറയും എന്റെ സങ്കേതവും ദൈവത്തിങ്കലാകുന്നു.,The original is mainly an appeal for destruction; this full verse celebrates God as refuge and strength.,https://api.getbible.net/v2/mal1910.json
replacement,Ang Dating Biblia (1905),Psalms 55:23,"Nguni't ikaw, Oh Dios, ibababa mo sila sa hukay ng kapahamakan: mga mabagsik at magdarayang tao ay hindi darating sa kalahati ng kanilang mga kaarawan; nguni't titiwala ako sa iyo.",Psalms 62:7,"Nasa Dios ang aking kaligtasan at aking kaluwalhatian; ang malaking bato ng aking kalakasan, at ang kanlungan ko'y nasa Dios.",The original is mainly an appeal for destruction; this full verse celebrates God as refuge and strength.,https://api.getbible.net/v2/tagalog.json
replacement,Berean Standard Bible (BSB),Psalms 78:22,Because they did not believe God or rely on His salvation.,Psalms 119:165,Abundant peace belongs to those who love Your instruction; nothing can make them stumble.,The original is an isolated explanation of unbelief; this full verse expresses peace in loving God's instruction.,https://ebible.org/Scriptures/engbsb_usfx.zip
replacement,Bible in Basic English (BBE),Psalms 78:22,"Because they had no faith in God, and no hope in his salvation.",Psalms 119:165,Great peace have lovers of your law; they have no cause for falling.,The original is an isolated explanation of unbelief; this full verse expresses peace in loving God's instruction.,https://ebible.org/Scriptures/engBBE_usfx.zip
replacement,King James Version (KJV),Psalms 78:22,"Because they believed not in God, and trusted not in his salvation:",Psalms 119:165,Great peace have they which love thy law: and nothing shall offend them.,The original is an isolated explanation of unbelief; this full verse expresses peace in loving God's instruction.,https://ebible.org/Scriptures/eng-kjv2006_usfx.zip
replacement,World English Bible (WEB),Psalms 78:22,"Because they didn’t believe in God, and didn’t trust in his salvation.",Psalms 119:165,Those who love your law have great peace. Nothing causes them to stumble.,The original is an isolated explanation of unbelief; this full verse expresses peace in loving God's instruction.,https://ebible.org/Scriptures/engwebu_usfx.zip
replacement,Lutherbibel (1912),Psalms 78:22,daß sie nicht glaubten an Gott und hofften nicht auf seine Hilfe.,Psalms 119:165,"Großen Frieden haben, die dein Gesetz lieben; sie werden nicht straucheln.",The original is an isolated explanation of unbelief; this full verse expresses peace in loving God's instruction.,https://ebible.org/Scriptures/deu1912_usfx.zip
replacement,Louis Segond (1910),Psalms 78:22,"Parce qu’ils ne crurent pas en Dieu, Parce qu’ils n’eurent pas confiance dans son secours.",Psalms 119:165,"Il y a beaucoup de paix pour ceux qui aiment ta loi, Et il ne leur arrive aucun malheur.",The original is an isolated explanation of unbelief; this full verse expresses peace in loving God's instruction.,https://ebible.org/Scriptures/fraLSG_usfx.zip
replacement,Riveduta (1927),Psalms 78:22,"perché non aveano creduto in Dio, né avevano avuto fiducia nella sua salvazione;",Psalms 119:165,"Gran pace hanno quelli che amano la tua legge, e non c’è nulla che possa farli cadere.",The original is an isolated explanation of unbelief; this full verse expresses peace in loving God's instruction.,https://ebible.org/Scriptures/ita1927_usfx.zip
replacement,Reina-Valera (1909),Psalms 78:22,"Por cuanto no habían creído á Dios, ni habían confiado en su salud:",Psalms 119:165,Mucha paz tienen los que aman tu ley; y no hay para ellos tropiezo.,The original is an isolated explanation of unbelief; this full verse expresses peace in loving God's instruction.,https://ebible.org/Scriptures/spaRV1909_usfx.zip
replacement,Sathyavedapusthakam (1910),Psalms 78:22,അവർ ദൈവത്തിൽ വിശ്വസിക്കയും അവന്റെ രക്ഷയിൽ ആശ്രയിക്കയും ചെയ്യായ്കയാൽ തന്നേ.,Psalms 119:165,നിന്റെ ന്യായപ്രമാണത്തോടു പ്രിയം ഉള്ളവൎക്കു മഹാസമാധാനം ഉണ്ടു; അവൎക്കു വീഴ്ചെക്കു സംഗതി ഏതുമില്ല.,The original is an isolated explanation of unbelief; this full verse expresses peace in loving God's instruction.,https://api.getbible.net/v2/mal1910.json
replacement,Ang Dating Biblia (1905),Psalms 78:22,"Sapagka't sila'y hindi nagsisampalataya sa Dios, at hindi nagsitiwala sa kaniyang pagliligtas.",Psalms 119:165,Dakilang kapayapaan ang tinatamo nila na nagsisiibig ng iyong kautusan. At sila'y walang kadahilanang ikatitisod.,The original is an isolated explanation of unbelief; this full verse expresses peace in loving God's instruction.,https://api.getbible.net/v2/tagalog.json
source-correction,Lutherbibel (1912),Psalms 89:5,"Und die Himmel werden, HERR, deine Wunder preisen und deine Wahrheit in der Gemeinde der Heiligen.",Psalms 89:6,"Und die Himmel werden, HERR, deine Wunder preisen und deine Wahrheit in der Gemeinde der Heiligen.","Match the named edition source exactly, including its verse numbering, wording, capitalization and punctuation; normalize layout whitespace only.",https://ebible.org/Scriptures/deu1912_usfx.zip
source-correction,Louis Segond (1910),Psalms 89:5,"J’affermirai ta postérité pour toujours, Et j’établirai ton trône à perpétuité. — Pause.",Psalms 89:6,"Les cieux célèbrent tes merveilles, ô Éternel! Et ta fidélité dans l’assemblée des saints.","Match the named edition source exactly, including its verse numbering, wording, capitalization and punctuation; normalize layout whitespace only.",https://ebible.org/Scriptures/fraLSG_usfx.zip
source-correction,Lutherbibel (1912),Psalms 20:5,"Wir rühmen, daß du uns hilfst, und im Namen unsres Gottes werfen wir Panier auf. Der HERR gewähre dir alle deine Bitten!",Psalms 20:6,"Wir rühmen, daß du uns hilfst, und im Namen unsres Gottes werfen wir Panier auf. Der HERR gewähre dir alle deine Bitten!","Match the named edition source exactly, including its verse numbering, wording, capitalization and punctuation; normalize layout whitespace only.",https://ebible.org/Scriptures/deu1912_usfx.zip
source-correction,Louis Segond (1910),Psalms 20:5,"Qu’il te donne ce que ton cœur désire, Et qu’il accomplisse tous tes desseins!",Psalms 20:6,"Nous nous réjouirons de ton salut, Nous lèverons l’étendard au nom de notre Dieu; L’Éternel exaucera tous tes vœux.","Match the named edition source exactly, including its verse numbering, wording, capitalization and punctuation; normalize layout whitespace only.",https://ebible.org/Scriptures/fraLSG_usfx.zip
replacement,Berean Standard Bible (BSB),Isaiah 48:2,Who indeed call yourselves after the holy city and lean on the God of Israel; the LORD of Hosts is His name.,Isaiah 26:12,"O LORD, You will establish peace for us. For all that we have accomplished, You have done for us.",The original is a relative clause in a rebuke; this full verse expresses peace and dependence on God.,https://ebible.org/Scriptures/engbsb_usfx.zip
replacement,Bible in Basic English (BBE),Isaiah 48:2,"For they say that they are of the holy town, and put their faith in the God of Israel: the Lord of armies is his name.",Isaiah 26:12,"Lord, you will give us peace: for all our works are the outcome of your purpose.",The original is a relative clause in a rebuke; this full verse expresses peace and dependence on God.,https://ebible.org/Scriptures/engBBE_usfx.zip
replacement,King James Version (KJV),Isaiah 48:2,"For they call themselves of the holy city, and stay themselves upon the God of Israel; The LORD of hosts is his name.",Isaiah 26:12,"LORD, thou wilt ordain peace for us: for thou also hast wrought all our works in us.",The original is a relative clause in a rebuke; this full verse expresses peace and dependence on God.,https://ebible.org/Scriptures/eng-kjv2006_usfx.zip
replacement,World English Bible (WEB),Isaiah 48:2,"For they call themselves citizens of the holy city, and rely on the God of Israel; the LORD of Armies is his name.",Isaiah 26:12,"LORD, you will ordain peace for us, for you have also done all our work for us.",The original is a relative clause in a rebuke; this full verse expresses peace and dependence on God.,https://ebible.org/Scriptures/engwebu_usfx.zip
replacement,Lutherbibel (1912),Isaiah 48:2,"Sie nennen sich aus der heiligen Stadt und trotzen auf den Gott Israels, der da heißt der HERR Zebaoth.",Isaiah 26:12,"Aber uns, HERR, wirst du Frieden schaffen; denn alles, was wir ausrichten, das hast du uns gegeben.",The original is a relative clause in a rebuke; this full verse expresses peace and dependence on God.,https://ebible.org/Scriptures/deu1912_usfx.zip
replacement,Louis Segond (1910),Isaiah 48:2,"Car ils prennent leur nom de la ville sainte, Et ils s’appuient sur le Dieu d’Israël, Dont le nom est l’Éternel des armées.",Isaiah 26:12,"Éternel, tu nous donnes la paix; Car tout ce que nous faisons, C’est toi qui l’accomplis pour nous.",The original is a relative clause in a rebuke; this full verse expresses peace and dependence on God.,https://ebible.org/Scriptures/fraLSG_usfx.zip
replacement,Riveduta (1927),Isaiah 48:2,"Poiché prendono il loro nome dalla città santa, s’appoggiano sull’Iddio d’Israele, che ha nome l’Eterno degli eserciti!",Isaiah 26:12,"O Eterno, tu ci darai la pace; poiché ogni opera nostra sei tu che la compi per noi.",The original is a relative clause in a rebuke; this full verse expresses peace and dependence on God.,https://ebible.org/Scriptures/ita1927_usfx.zip
replacement,Reina-Valera (1909),Isaiah 48:2,"Porque de la santa ciudad se nombran, y en el Dios de Israel confían: su nombre, Jehová de los ejércitos.",Isaiah 26:12,"Jehová, tú nos depararás paz; porque también obraste en nosotros todas nuestras obras.",The original is a relative clause in a rebuke; this full verse expresses peace and dependence on God.,https://ebible.org/Scriptures/spaRV1909_usfx.zip
replacement,Sathyavedapusthakam (1910),Isaiah 48:2,അവർ തങ്ങളെ തന്നേ വിശുദ്ധനഗരം എന്നു വിളിച്ചു യിസ്രായേലിന്റെ ദൈവത്തിൽ ആശ്രയിക്കുന്നുവല്ലോ; അവന്റെ നാമം സൈന്യങ്ങളുടെ യഹോവ എന്നാകുന്നു.,Isaiah 26:12,"യഹോവേ, നീ ഞങ്ങൾക്കായിട്ടു സമാധാനം നിയമിക്കും; ഞങ്ങളുടെ സകലപ്രവൃത്തികളെയും നീ ഞങ്ങൾക്കു വേണ്ടി നിവൎത്തിച്ചിരിക്കുന്നുവല്ലോ.",The original is a relative clause in a rebuke; this full verse expresses peace and dependence on God.,https://api.getbible.net/v2/mal1910.json
replacement,Ang Dating Biblia (1905),Isaiah 48:2,"(Sapagka't sila'y tinatawag ayon sa bayang banal, at nagsitiwala sa Dios ng Israel; ang Panginoon ng mga hukbo ang kaniyang pangalan):",Isaiah 26:12,"Panginoon, ikaw ay magaayos ng kapayapaan sa amin: sapagka't ikaw rin ang gumawa ng lahat naming gawa na para sa amin.",The original is a relative clause in a rebuke; this full verse expresses peace and dependence on God.,https://api.getbible.net/v2/tagalog.json
replacement,Berean Standard Bible (BSB),Psalms 87:2,The LORD loves the gates of Zion more than all the dwellings of Jacob.,Psalms 90:14,"Satisfy us in the morning with Your loving devotion, that we may sing for joy and be glad all our days.","The original compares Zion with other dwellings; this complete prayer asks for love, joy and gladness.",https://ebible.org/Scriptures/engbsb_usfx.zip
replacement,Bible in Basic English (BBE),Psalms 87:2,The Lord has more love for the doors of Zion than for all the tents of Jacob.,Psalms 90:14,In the morning give us your mercy in full measure; so that we may have joy and delight all our days.,"The original compares Zion with other dwellings; this complete prayer asks for love, joy and gladness.",https://ebible.org/Scriptures/engBBE_usfx.zip
replacement,King James Version (KJV),Psalms 87:2,The LORD loveth the gates of Zion more than all the dwellings of Jacob.,Psalms 90:14,O satisfy us early with thy mercy; that we may rejoice and be glad all our days.,"The original compares Zion with other dwellings; this complete prayer asks for love, joy and gladness.",https://ebible.org/Scriptures/eng-kjv2006_usfx.zip
replacement,World English Bible (WEB),Psalms 87:2,The LORD loves the gates of Zion more than all the dwellings of Jacob.,Psalms 90:14,"Satisfy us in the morning with your loving kindness, that we may rejoice and be glad all our days.","The original compares Zion with other dwellings; this complete prayer asks for love, joy and gladness.",https://ebible.org/Scriptures/engwebu_usfx.zip
replacement,Lutherbibel (1912),Psalms 87:2,Der HERR liebt die Tore Zions über alle Wohnungen Jakobs.,Psalms 90:14,"Fülle uns früh mit deiner Gnade, so wollen wir rühmen und fröhlich sein unser Leben lang.","The original compares Zion with other dwellings; this complete prayer asks for love, joy and gladness.",https://ebible.org/Scriptures/deu1912_usfx.zip
replacement,Louis Segond (1910),Psalms 87:2,L’Éternel aime les portes de Sion Plus que toutes les demeures de Jacob.,Psalms 90:14,"Rassasie-nous chaque matin de ta bonté, Et nous serons toute notre vie dans la joie et l’allégresse.","The original compares Zion with other dwellings; this complete prayer asks for love, joy and gladness.",https://ebible.org/Scriptures/fraLSG_usfx.zip
replacement,Riveduta (1927),Psalms 87:2,Egli ama le porte di Sion più di tutte le dimore di Giacobbe.,Psalms 90:14,"Saziaci al mattino della tua benignità, e noi giubileremo, ci rallegreremo tutti i dì nostri.","The original compares Zion with other dwellings; this complete prayer asks for love, joy and gladness.",https://ebible.org/Scriptures/ita1927_usfx.zip
replacement,Reina-Valera (1909),Psalms 87:2,Ama Jehová las puertas de Sión más que todas las moradas de Jacob.,Psalms 90:14,Sácianos presto de tu misericordia: y cantaremos y nos alegraremos todos nuestros días.,"The original compares Zion with other dwellings; this complete prayer asks for love, joy and gladness.",https://ebible.org/Scriptures/spaRV1909_usfx.zip
replacement,Sathyavedapusthakam (1910),Psalms 87:2,"സീയോന്റെ പടിവാതിലുകളെ തന്നേ, യാക്കോബിന്റെ സകലനിവാസങ്ങളെക്കാളും അധികം സ്നേഹിക്കുന്നു.",Psalms 90:14,കാലത്തു തന്നേ ഞങ്ങളെ നിന്റെ ദയകൊണ്ടു തൃപ്തരാക്കേണമേ; എന്നാൽ ഞങ്ങളുടെ ആയുഷ്കാലമൊക്കെയും ഞങ്ങൾ ഘോഷിച്ചാനന്ദിക്കും.,"The original compares Zion with other dwellings; this complete prayer asks for love, joy and gladness.",https://api.getbible.net/v2/mal1910.json
replacement,Ang Dating Biblia (1905),Psalms 87:2,"Minahal ng Panginoon ang mga pintuang-bayan ng Sion, ng higit kay sa lahat na tahanan ng Jacob.",Psalms 90:14,Oh busugin mo kami sa kinaumagahan ng iyong kagandahang-loob; upang kami ay mangagalak at mangatuwa sa lahat ng kaarawan namin.,"The original compares Zion with other dwellings; this complete prayer asks for love, joy and gladness.",https://api.getbible.net/v2/tagalog.json
replacement,Berean Standard Bible (BSB),Psalms 55:14,We shared sweet fellowship together; we walked with the crowd into the house of God.,Psalms 133:1,"Behold, how good and pleasant it is when brothers live together in harmony!",The original describes a friendship within a lament about betrayal; this full verse celebrates unity directly.,https://ebible.org/Scriptures/engbsb_usfx.zip
replacement,Bible in Basic English (BBE),Psalms 55:14,"We had loving talk together, and went to the house of God in company.",Psalms 133:1,See how good and how pleasing it is for brothers to be living together in harmony!,The original describes a friendship within a lament about betrayal; this full verse celebrates unity directly.,https://ebible.org/Scriptures/engBBE_usfx.zip
replacement,King James Version (KJV),Psalms 55:14,"We took sweet counsel together, and walked unto the house of God in company.",Psalms 133:1,"Behold, how good and how pleasant it is for brethren to dwell together in unity!",The original describes a friendship within a lament about betrayal; this full verse celebrates unity directly.,https://ebible.org/Scriptures/eng-kjv2006_usfx.zip
replacement,World English Bible (WEB),Psalms 55:14,We took sweet fellowship together. We walked in God’s house with company.,Psalms 133:1,See how good and how pleasant it is for brothers to live together in unity!,The original describes a friendship within a lament about betrayal; this full verse celebrates unity directly.,https://ebible.org/Scriptures/engwebu_usfx.zip
replacement,Lutherbibel (1912),Psalms 55:14,die wir freundlich miteinander waren unter uns; wir wandelten im Hause Gottes unter der Menge.,Psalms 133:1,"Ein Lied Davids im höhern Chor. Siehe, wie fein und lieblich ist's, daß Brüder einträchtig beieinander wohnen!",The original describes a friendship within a lament about betrayal; this full verse celebrates unity directly.,https://ebible.org/Scriptures/deu1912_usfx.zip
replacement,Louis Segond (1910),Psalms 55:14,"C’est toi, que j’estimais mon égal, Toi, mon confident et mon ami!",Psalms 133:1,"Cantique des degrés. De David. Voici, oh! Qu’il est agréable, qu’il est doux Pour des frères de demeurer ensemble!",The original describes a friendship within a lament about betrayal; this full verse celebrates unity directly.,https://ebible.org/Scriptures/fraLSG_usfx.zip
replacement,Riveduta (1927),Psalms 55:14,"Insieme avevamo dolci colloqui, insieme ce n’andavamo tra la folla alla casa di Dio.",Psalms 133:1,"Canto dei pellegrinaggi. Di Davide. Ecco, quant’è buono e quant’è piacevole che fratelli dimorino assieme!",The original describes a friendship within a lament about betrayal; this full verse celebrates unity directly.,https://ebible.org/Scriptures/ita1927_usfx.zip
replacement,Reina-Valera (1909),Psalms 55:14,"Que juntos comunicábamos dulcemente los secretos, á la casa de Dios andábamos en compañía.",Psalms 133:1,Cántico gradual: de David. ¡MIRAD cuán bueno y cuán delicioso es habitar los hermanos igualmente en uno!,The original describes a friendship within a lament about betrayal; this full verse celebrates unity directly.,https://ebible.org/Scriptures/spaRV1909_usfx.zip
replacement,Sathyavedapusthakam (1910),Psalms 55:14,നാം തമ്മിൽ മധുരസമ്പൎക്കം ചെയ്തു പുരുഷാരവുമായി ദൈവാലയത്തിലേക്കു പോയല്ലോ.,Psalms 133:1,"ഇതാ, സഹോദരന്മാർ ഒത്തൊരുമിച്ചു വസിക്കുന്നതു എത്ര ശുഭവും എത്ര മനോഹരവും ആകുന്നു!",The original describes a friendship within a lament about betrayal; this full verse celebrates unity directly.,https://api.getbible.net/v2/mal1910.json
replacement,Ang Dating Biblia (1905),Psalms 55:14,"Tayo ay maligayang nagpapayuhang magkasama, tayo'y lumalakad na magkaakbay sa bahay ng Dios.",Psalms 133:1,"Masdan ninyo, na pagkabuti at pagkaligaya sa mga magkakapatid na magsitahang magkakasama sa pagkakaisa!",The original describes a friendship within a lament about betrayal; this full verse celebrates unity directly.,https://api.getbible.net/v2/tagalog.json
source-correction,Louis Segond (1910),John 10:17,"Le Père m’aime, parce que je donne ma vie, afin de la reprendre.",John 10:17,"Le Père m’aime, parce que je donnema vie, afin de la reprendre.","Match the named edition source exactly, including its verse numbering, wording, capitalization and punctuation; normalize layout whitespace only.",https://ebible.org/Scriptures/fraLSG_usfx.zip
replacement,Berean Standard Bible (BSB),John 14:24,"Whoever does not love Me does not keep My words. The word that you hear is not My own, but it is from the Father who sent Me.",John 15:12,"This is My commandment, that you love one another as I have loved you.",Replace an isolated negative contrast with a complete positive command to love one another.,https://ebible.org/Scriptures/engbsb_usfx.zip
replacement,Bible in Basic English (BBE),John 14:24,He who has no love for me does not keep my words; and the word which you are hearing is not my word but the Father's who sent me.,John 15:12,"This is the law I give you: Have love one for another, even as I have love for you.",Replace an isolated negative contrast with a complete positive command to love one another.,https://ebible.org/Scriptures/engBBE_usfx.zip
replacement,King James Version (KJV),John 14:24,"He that loveth me not keepeth not my sayings: and the word which ye hear is not mine, but the Father's which sent me.",John 15:12,"This is my commandment, That ye love one another, as I have loved you.",Replace an isolated negative contrast with a complete positive command to love one another.,https://ebible.org/Scriptures/eng-kjv2006_usfx.zip
replacement,World English Bible (WEB),John 14:24,"He who doesn’t love me doesn’t keep my words. The word which you hear isn’t mine, but the Father’s who sent me.",John 15:12,"“This is my commandment, that you love one another, even as I have loved you.",Replace an isolated negative contrast with a complete positive command to love one another.,https://ebible.org/Scriptures/engwebu_usfx.zip
replacement,Lutherbibel (1912),John 14:24,"Wer mich aber nicht liebt, der hält meine Worte nicht. Und das Wort, das ihr hört, ist nicht mein, sondern des Vaters, der mich gesandt hat.",John 15:12,"Das ist mein Gebot, daß ihr euch untereinander liebet, gleichwie ich euch liebe.",Replace an isolated negative contrast with a complete positive command to love one another.,https://ebible.org/Scriptures/deu1912_usfx.zip
replacement,Louis Segond (1910),John 14:24,"Celui qui ne m’aime pas ne garde point mes paroles. Et la parole que vous entendez n’est pas de moi, mais du Père qui m’a envoyé.",John 15:12,"C’est ici mon commandement: Aimez-vous les uns les autres, comme je vous ai aimés.",Replace an isolated negative contrast with a complete positive command to love one another.,https://ebible.org/Scriptures/fraLSG_usfx.zip
replacement,Riveduta (1927),John 14:24,"Chi non mi ama non osserva le mie parole; e la parola che voi udite non è mia, ma è del Padre che mi ha mandato.",John 15:12,"Questo è il mio comandamento: che vi amiate gli uni gli altri, come io ho amato voi.",Replace an isolated negative contrast with a complete positive command to love one another.,https://ebible.org/Scriptures/ita1927_usfx.zip
replacement,Reina-Valera (1909),John 14:24,"El que no me ama, no guarda mis palabras: y la palabra que habéis oído, no es mía, sino del Padre que me envió.",John 15:12,"Este es mi mandamiento: Que os améis los unos á los otros, como yo os he amado.",Replace an isolated negative contrast with a complete positive command to love one another.,https://ebible.org/Scriptures/spaRV1909_usfx.zip
replacement,Sathyavedapusthakam (1910),John 14:24,എന്നെ സ്നേഹിക്കാത്തവൻ എന്റെ വചനം പ്രമാണിക്കുന്നില്ല; നിങ്ങൾ കേൾക്കുന്ന വചനം എന്റേതല്ല എന്നെ അയച്ച പിതാവിന്റെതത്രേ എന്നു ഉത്തരം പറഞ്ഞു.,John 15:12,ഞാൻ നിങ്ങളെ സ്നേഹിച്ചിരിക്കുന്നതുപോലെ നിങ്ങളും തമ്മിൽ തമ്മിൽ സ്നേഹിക്കേണം എന്നാകുന്നു എന്റെ കല്പന.,Replace an isolated negative contrast with a complete positive command to love one another.,https://api.getbible.net/v2/mal1910.json
replacement,Ang Dating Biblia (1905),John 14:24,"Ang hindi umiibig sa akin ay hindi tumutupad ng aking mga salita: at ang salitang inyong narinig ay hindi akin, kundi sa Amang nagsugo sa akin.",John 15:12,"Ito ang aking utos, na kayo'y mangagibigan sa isa't isa, na gaya ng pagibig ko sa inyo.",Replace an isolated negative contrast with a complete positive command to love one another.,https://api.getbible.net/v2/tagalog.json
replacement,Berean Standard Bible (BSB),John 14:31,"But I do exactly what the Father has commanded Me, so that the world may know that I love the Father. Get up! Let us go on from here.",John 15:11,I have told you these things so that My joy may be in you and your joy may be complete.,The original closes with a scene-transition instruction; the replacement directly explains Jesus' teaching about joy.,https://ebible.org/Scriptures/engbsb_usfx.zip
replacement,Bible in Basic English (BBE),John 14:31,"But he comes so that the world may see that I have love for the Father, and that I am doing as I am ordered by the Father. Get up, and let us go.",John 15:11,I have said these things to you so that I may have joy in you and so that your joy may be complete.,The original closes with a scene-transition instruction; the replacement directly explains Jesus' teaching about joy.,https://ebible.org/Scriptures/engBBE_usfx.zip
replacement,King James Version (KJV),John 14:31,"But that the world may know that I love the Father; and as the Father gave me commandment, even so I do. Arise, let us go hence.",John 15:11,"These things have I spoken unto you, that my joy might remain in you, and that your joy might be full.",The original closes with a scene-transition instruction; the replacement directly explains Jesus' teaching about joy.,https://ebible.org/Scriptures/eng-kjv2006_usfx.zip
replacement,World English Bible (WEB),John 14:31,"But that the world may know that I love the Father, and as the Father commanded me, even so I do. Arise, let’s go from here.",John 15:11,"I have spoken these things to you, that my joy may remain in you, and that your joy may be made full.",The original closes with a scene-transition instruction; the replacement directly explains Jesus' teaching about joy.,https://ebible.org/Scriptures/engwebu_usfx.zip
replacement,Lutherbibel (1912),John 14:31,"Aber auf daß die Welt erkenne, daß ich den Vater liebe und ich also tue, wie mir der Vater geboten hat: stehet auf und lasset uns von hinnen gehen.",John 15:11,"Solches rede ich zu euch, auf daß meine Freude in euch bleibe und eure Freude vollkommen werde.",The original closes with a scene-transition instruction; the replacement directly explains Jesus' teaching about joy.,https://ebible.org/Scriptures/deu1912_usfx.zip
replacement,Louis Segond (1910),John 14:31,"mais afin que le monde sache que j’aime le Père, et que j’agis selon l’ordre que le Père m’a donné, levez-vous, partons d’ici.",John 15:11,"Je vous ai dit ces choses, afin que ma joie soit en vous, et que votre joie soit parfaite.",The original closes with a scene-transition instruction; the replacement directly explains Jesus' teaching about joy.,https://ebible.org/Scriptures/fraLSG_usfx.zip
replacement,Riveduta (1927),John 14:31,"ma così avviene, affinché il mondo conosca che amo il Padre, e opero come il Padre m’ha ordinato. Levatevi, andiamo via di qui.",John 15:11,"Queste cose vi ho detto, affinché la mia allegrezza dimori in voi, e la vostra allegrezza sia resa completa.",The original closes with a scene-transition instruction; the replacement directly explains Jesus' teaching about joy.,https://ebible.org/Scriptures/ita1927_usfx.zip
replacement,Reina-Valera (1909),John 14:31,"Empero para que conozca el mundo que amo al Padre, y como el Padre me dió el mandamiento, así hago. Levantaos, vamos de aquí.",John 15:11,"Estas cosas os he hablado, para que mi gozo esté en vosotros, y vuestro gozo sea cumplido.",The original closes with a scene-transition instruction; the replacement directly explains Jesus' teaching about joy.,https://ebible.org/Scriptures/spaRV1909_usfx.zip
replacement,Sathyavedapusthakam (1910),John 14:31,എങ്കിലും ഞാൻ പിതാവിനെ സ്നേഹിക്കുന്നു എന്നും പിതാവു എന്നോടു കല്പിച്ചതുപോലെ ഞാൻ ചെയ്യുന്നു എന്നും ലോകം അറിയട്ടെ. എഴുന്നേല്പിൻ; നാം പോക.,John 15:11,എന്റെ സന്തോഷം നിങ്ങളിൽ ഇരിപ്പാനും നിങ്ങളുടെ സന്തോഷം പൂൎണ്ണമാകുവാനും ഞാൻ ഇതു നിങ്ങളോടു സംസാരിച്ചിരിക്കുന്നു.,The original closes with a scene-transition instruction; the replacement directly explains Jesus' teaching about joy.,https://api.getbible.net/v2/mal1910.json
replacement,Ang Dating Biblia (1905),John 14:31,"Datapuwa't upang maalaman ng sanglibutan na ako'y umiibig sa Ama, at ayon sa kautusang ibinigay sa akin ng Ama, ay gayon din ang aking ginagawa. Magsitindig kayo, at magsialis tayo rito.",John 15:11,"Ang mga bagay na ito ay sinalita ko sa inyo, upang ang aking kagalakan ay mapasa inyo, at upang ang inyong kagalakan ay malubos.",The original closes with a scene-transition instruction; the replacement directly explains Jesus' teaching about joy.,https://api.getbible.net/v2/tagalog.json
replacement,Berean Standard Bible (BSB),John 5:20,"The Father loves the Son and shows Him all He does. And to your amazement, He will show Him even greater works than these.",John 15:13,"Greater love has no one than this, that he lay down his life for his friends.",The original refers to coming signs in its discourse; this complete saying describes sacrificial love.,https://ebible.org/Scriptures/engbsb_usfx.zip
replacement,Bible in Basic English (BBE),John 5:20,For the Father has love for the Son and lets him see everything which he does: and he will let him see greater works than these so that you may be full of wonder.,John 15:13,"Greater love has no man than this, that a man gives up his life for his friends.",The original refers to coming signs in its discourse; this complete saying describes sacrificial love.,https://ebible.org/Scriptures/engBBE_usfx.zip
replacement,King James Version (KJV),John 5:20,"For the Father loveth the Son, and sheweth him all things that himself doeth: and he will shew him greater works than these, that ye may marvel.",John 15:13,"Greater love hath no man than this, that a man lay down his life for his friends.",The original refers to coming signs in its discourse; this complete saying describes sacrificial love.,https://ebible.org/Scriptures/eng-kjv2006_usfx.zip
replacement,World English Bible (WEB),John 5:20,"For the Father has affection for the Son, and shows him all things that he himself does. He will show him greater works than these, that you may marvel.",John 15:13,"Greater love has no one than this, that someone lay down his life for his friends.",The original refers to coming signs in its discourse; this complete saying describes sacrificial love.,https://ebible.org/Scriptures/engwebu_usfx.zip
replacement,Lutherbibel (1912),John 5:20,"Der Vater aber hat den Sohn lieb und zeigt ihm alles, was er tut, und wird ihm noch größere Werke zeigen, daß ihr euch verwundern werdet.",John 15:13,"Niemand hat größere Liebe denn die, daß er sein Leben läßt für seine Freunde.",The original refers to coming signs in its discourse; this complete saying describes sacrificial love.,https://ebible.org/Scriptures/deu1912_usfx.zip
replacement,Louis Segond (1910),John 5:20,"Car le Père aime le Fils, et lui montre tout ce qu’il fait; et il lui montrera des œuvres plus grandes que celles-ci, afin que vous soyez dans l’étonnement.",John 15:13,Il n’y a pas de plus grand amour que de donner sa vie pour ses amis.,The original refers to coming signs in its discourse; this complete saying describes sacrificial love.,https://ebible.org/Scriptures/fraLSG_usfx.zip
replacement,Riveduta (1927),John 5:20,"Poiché il Padre ama il Figliuolo, e gli mostra tutto quello che Egli fa; e gli mostrerà delle opere maggiori di queste, affinché ne restiate maravigliati.",John 15:13,Nessuno ha amore più grande che quello di dar la sua vita per i suoi amici.,The original refers to coming signs in its discourse; this complete saying describes sacrificial love.,https://ebible.org/Scriptures/ita1927_usfx.zip
replacement,Reina-Valera (1909),John 5:20,"Porque el Padre ama al Hijo, y le muestra todas las cosas que él hace; y mayores obras que éstas le mostrará, de suerte que vosotros os maravilléis.",John 15:13,"Nadie tiene mayor amor que este, que ponga alguno su vida por sus amigos.",The original refers to coming signs in its discourse; this complete saying describes sacrificial love.,https://ebible.org/Scriptures/spaRV1909_usfx.zip
replacement,Sathyavedapusthakam (1910),John 5:20,പിതാവു പുത്രനെ സ്നേഹിക്കയും താൻ ചെയ്യുന്നതു ഒക്കെയും അവന്നു കാണിച്ചുകൊടുക്കയും ചെയ്യുന്നു; നിങ്ങൾ ആശ്ചൎയ്യപ്പെടുമാറു ഇവയിൽ വലിയ പ്രവൃത്തികളും അവന്നു കാണിച്ചുകൊടുക്കും.,John 15:13,സ്നേഹിതന്മാൎക്കുവേണ്ടി ജീവനെ കൊടുക്കുന്നതിലും അധികമുള്ള സ്നേഹം ആൎക്കും ഇല്ല.,The original refers to coming signs in its discourse; this complete saying describes sacrificial love.,https://api.getbible.net/v2/mal1910.json
replacement,Ang Dating Biblia (1905),John 5:20,"Sapagka't sinisinta ng Ama ang Anak, at sa kaniya'y ipinakikita ang lahat ng mga bagay na kaniyang ginagawa: at lalong dakilang mga gawa kay sa mga ito ang sa kaniya'y ipakikita niya, upang kayo'y magsipanggilalas.",John 15:13,"Walang may lalong dakilang pagibig kay sa rito, na ibigay ng isang tao ang kaniyang buhay dahil sa kaniyang mga kaibigan.",The original refers to coming signs in its discourse; this complete saying describes sacrificial love.,https://api.getbible.net/v2/tagalog.json
replacement,Berean Standard Bible (BSB),John 8:42,"Jesus said to them, “If God were your Father, you would love Me, for I have come here from God. I have not come on My own, but He sent Me.",John 6:37,"Everyone the Father gives Me will come to Me, and the one who comes to Me I will never drive away.",The original challenges its hearers' claimed relationship with God; this full verse offers assurance of welcome.,https://ebible.org/Scriptures/engbsb_usfx.zip
replacement,Bible in Basic English (BBE),John 8:42,"Jesus said to them, If God was your Father you would have love for me, because it was from God I came and am here. I did not come of myself, but he sent me.",John 6:37,Whatever the Father gives to me will come to me; and I will not send away anyone who comes to me.,The original challenges its hearers' claimed relationship with God; this full verse offers assurance of welcome.,https://ebible.org/Scriptures/engBBE_usfx.zip
replacement,King James Version (KJV),John 8:42,"Jesus said unto them, If God were your Father, ye would love me: for I proceeded forth and came from God; neither came I of myself, but he sent me.",John 6:37,All that the Father giveth me shall come to me; and him that cometh to me I will in no wise cast out.,The original challenges its hearers' claimed relationship with God; this full verse offers assurance of welcome.,https://ebible.org/Scriptures/eng-kjv2006_usfx.zip
replacement,World English Bible (WEB),John 8:42,"Therefore Jesus said to them, “If God were your father, you would love me, for I came out and have come from God. For I haven’t come of myself, but he sent me.",John 6:37,All those whom the Father gives me will come to me. He who comes to me I will in no way throw out.,The original challenges its hearers' claimed relationship with God; this full verse offers assurance of welcome.,https://ebible.org/Scriptures/engwebu_usfx.zip
replacement,Lutherbibel (1912),John 8:42,"Jesus sprach zu ihnen: Wäre Gott euer Vater, so liebtet ihr mich; denn ich bin ausgegangen und komme von Gott; denn ich bin nicht von mir selber gekommen, sondern er hat mich gesandt.",John 6:37,"Alles, was mir mein Vater gibt, das kommt zu mir; und wer zu mir kommt, den werde ich nicht hinausstoßen.",The original challenges its hearers' claimed relationship with God; this full verse offers assurance of welcome.,https://ebible.org/Scriptures/deu1912_usfx.zip
replacement,Louis Segond (1910),John 8:42,"Jésus leur dit: Si Dieu était votre Père, vous m’aimeriez, car c’est de Dieu que je suis sorti et que je viens; je ne suis pas venu de moi-même, mais c’est lui qui m’a envoyé.",John 6:37,"Tous ceux que le Père me donne viendront à moi, et je ne mettrai pas dehors celui qui vient à moi;",The original challenges its hearers' claimed relationship with God; this full verse offers assurance of welcome.,https://ebible.org/Scriptures/fraLSG_usfx.zip
replacement,Riveduta (1927),John 8:42,"Gesù disse loro: Se Dio fosse vostro Padre, amereste me, perché io son proceduto e vengo da Dio, perché io non son venuto da me, ma è Lui che mi ha mandato.",John 6:37,"Tutto quel che il Padre mi dà, verrà a me; e colui che viene a me, io non lo caccerò fuori;",The original challenges its hearers' claimed relationship with God; this full verse offers assurance of welcome.,https://ebible.org/Scriptures/ita1927_usfx.zip
replacement,Reina-Valera (1909),John 8:42,"Jesús entonces les dijo: Si vuestro padre fuera Dios, ciertamente me amaríais: porque yo de Dios he salido, y he venido; que no he venido de mí mismo, mas él me envió.",John 6:37,"Todo lo que el Padre me da, vendrá á mí; y al que á mí viene, no le hecho fuera.",The original challenges its hearers' claimed relationship with God; this full verse offers assurance of welcome.,https://ebible.org/Scriptures/spaRV1909_usfx.zip
replacement,Sathyavedapusthakam (1910),John 8:42,"യേശു അവരോടു പറഞ്ഞതു: ദൈവം നിങ്ങളുടെ പിതാവു എങ്കിൽ നിങ്ങൾ എന്നെ സ്നേഹിക്കുമായിരുന്നു; ഞാൻ ദൈവത്തിന്റെ അടുക്കൽനിന്നു വന്നിരിക്കുന്നു; ഞാൻ സ്വയമായി വന്നതല്ല, അവൻ എന്നെ അയച്ചതാകുന്നു.",John 6:37,പിതാവു എനിക്കു തരുന്നതു ഒക്കെയും എന്റെ അടുക്കൽ വരും; എന്റെ അടുക്കൽ വരുന്നവനെ ഞാൻ ഒരുനാളും തള്ളിക്കളകയില്ല.,The original challenges its hearers' claimed relationship with God; this full verse offers assurance of welcome.,https://api.getbible.net/v2/mal1910.json
replacement,Ang Dating Biblia (1905),John 8:42,"Sinabi sa kanila ni Jesus, Kung ang Dios ang inyong ama, ay inyong iibigin ako: sapagka't ako'y nagmula at nanggaling sa Dios; sapagka't hindi ako naparito sa aking sarili, kundi sinugo niya ako.",John 6:37,Ang lahat ng ibinibigay sa akin ng Ama ay magsisilapit sa akin; at ang lumalapit sa akin sa anomang paraan ay hindi ko itataboy.,The original challenges its hearers' claimed relationship with God; this full verse offers assurance of welcome.,https://api.getbible.net/v2/tagalog.json
replacement,Berean Standard Bible (BSB),Matthew 10:37,Anyone who loves his father or mother more than Me is not worthy of Me; anyone who loves his son or daughter more than Me is not worthy of Me;,James 1:19,"My beloved brothers, understand this: Everyone should be quick to listen, slow to speak, and slow to anger,",The original is a demanding comparison about family allegiance; this full verse encourages patient listening and self-control.,https://ebible.org/Scriptures/engbsb_usfx.zip
replacement,Bible in Basic English (BBE),Matthew 10:37,He who has more love for his father or mother than for me is not good enough for me; he who has more love for son or daughter than for me is not good enough for me.,James 1:19,"You have knowledge of this, dear brothers. But let every man be quick in hearing, slow in words, slow to get angry;",The original is a demanding comparison about family allegiance; this full verse encourages patient listening and self-control.,https://ebible.org/Scriptures/engBBE_usfx.zip
replacement,King James Version (KJV),Matthew 10:37,He that loveth father or mother more than me is not worthy of me: and he that loveth son or daughter more than me is not worthy of me.,James 1:19,"Wherefore, my beloved brethren, let every man be swift to hear, slow to speak, slow to wrath:",The original is a demanding comparison about family allegiance; this full verse encourages patient listening and self-control.,https://ebible.org/Scriptures/eng-kjv2006_usfx.zip
replacement,World English Bible (WEB),Matthew 10:37,He who loves father or mother more than me is not worthy of me; and he who loves son or daughter more than me isn’t worthy of me.,James 1:19,"So, then, my beloved brothers, let every man be swift to hear, slow to speak, and slow to anger;",The original is a demanding comparison about family allegiance; this full verse encourages patient listening and self-control.,https://ebible.org/Scriptures/engwebu_usfx.zip
replacement,Lutherbibel (1912),Matthew 10:37,"Wer Vater oder Mutter mehr liebt denn mich, der ist mein nicht wert; und wer Sohn oder Tochter mehr liebt denn mich, der ist mein nicht wert.",James 1:19,"Darum, liebe Brüder, ein jeglicher Mensch sei schnell, zu hören, langsam aber, zu reden, und langsam zum Zorn.",The original is a demanding comparison about family allegiance; this full verse encourages patient listening and self-control.,https://ebible.org/Scriptures/deu1912_usfx.zip
replacement,Louis Segond (1910),Matthew 10:37,"Celui qui aime son père ou sa mère plus que moi n’est pas digne de moi, et celui qui aime son fils ou sa fille plus que moi n’est pas digne de moi;",James 1:19,"Sachez-le, mes frères bien-aimés. Ainsi, que tout homme soit prompt à écouter, lent à parler, lent à se mettre en colère;",The original is a demanding comparison about family allegiance; this full verse encourages patient listening and self-control.,https://ebible.org/Scriptures/fraLSG_usfx.zip
replacement,Riveduta (1927),Matthew 10:37,"Chi ama padre o madre più di me, non è degno di me; e chi ama figliuolo o figliuola più di me, non è degno di me;",James 1:19,"Questo lo sapete, fratelli miei diletti; ma sia ogni uomo pronto ad ascoltare, tardo al parlare, lento all’ira;",The original is a demanding comparison about family allegiance; this full verse encourages patient listening and self-control.,https://ebible.org/Scriptures/ita1927_usfx.zip
replacement,Reina-Valera (1909),Matthew 10:37,"El que ama padre ó madre más que á mí, no es digno de mí; y el que ama hijo ó hija más que á mí, no es digno de mí.",James 1:19,"Por esto, mis amados hermanos, todo hombre sea pronto para oir, tardío para hablar, tardío para airarse:",The original is a demanding comparison about family allegiance; this full verse encourages patient listening and self-control.,https://ebible.org/Scriptures/spaRV1909_usfx.zip
replacement,Sathyavedapusthakam (1910),Matthew 10:37,എന്നെക്കാൾ അധികം അപ്പനെയോ അമ്മയെയോ പ്രിയപ്പെടുന്നവൻ എനിക്കു യോഗ്യനല്ല; എന്നെക്കാൾ അധികം മകനെയോ മകളെയോ പ്രിയപ്പെടുന്നവൻ എനിക്കു യോഗ്യനല്ല.,James 1:19,"പ്രിയസഹോദരന്മാരേ, നിങ്ങൾ അതു അറിയുന്നുവല്ലോ. എന്നാൽ ഏതു മനുഷ്യനും കേൾപ്പാൻ വേഗതയും പറവാൻ താമസവും കോപത്തിന്നു താമസവുമുള്ളവൻ ആയിരിക്കട്ടെ.",The original is a demanding comparison about family allegiance; this full verse encourages patient listening and self-control.,https://api.getbible.net/v2/mal1910.json
replacement,Ang Dating Biblia (1905),Matthew 10:37,Ang umiibig sa ama o sa ina ng higit kay sa akin ay hindi karapatdapat sa akin; at ang umiibig sa anak na lalake o anak na babae ng higit kay sa akin ay hindi karapatdapat sa akin.,James 1:19,"Nalalaman ninyo ito, minamahal kong mga kapatid. Nguni't magmaliksi ang bawa't tao sa pakikinig, magmakupad sa pananalita, magmakupad sa pagkagalit;",The original is a demanding comparison about family allegiance; this full verse encourages patient listening and self-control.,https://api.getbible.net/v2/tagalog.json
source-correction,Berean Standard Bible (BSB),Matthew 19:19,"Honor your father and mother, and love your neighbor as yourself.’ ”",Matthew 19:19,"honor your father and mother, and love your neighbor as yourself.’”","Match the named edition source exactly, including its verse numbering, wording, capitalization and punctuation; normalize layout whitespace only.",https://ebible.org/Scriptures/engbsb_usfx.zip
source-correction,Louis Segond (1910),Matthew 19:19,honore ton père et ta mère; et: tu aimeras ton prochain comme toi-même.,Matthew 19:19,honore ton père et ta mère; et:tu aimeras ton prochain comme toi-même.,"Match the named edition source exactly, including its verse numbering, wording, capitalization and punctuation; normalize layout whitespace only.",https://ebible.org/Scriptures/fraLSG_usfx.zip
replacement,Berean Standard Bible (BSB),2 Peter 1:14,"Because I know that this tent will soon be laid aside, as our Lord Jesus Christ has made clear to me.",2 Peter 1:2,Grace and peace be multiplied to you through the knowledge of God and of Jesus our Lord.,The original refers to Peter's approaching death using 'this tent'; this complete blessing expresses grace and peace.,https://ebible.org/Scriptures/engbsb_usfx.zip
replacement,Bible in Basic English (BBE),2 Peter 1:14,"For I am conscious that in a short time I will have to put off this tent of flesh, as our Lord Jesus Christ has made clear to me.",2 Peter 1:2,"May grace and peace ever be increasing in you, in the knowledge of God and of Jesus our Lord;",The original refers to Peter's approaching death using 'this tent'; this complete blessing expresses grace and peace.,https://ebible.org/Scriptures/engBBE_usfx.zip
replacement,King James Version (KJV),2 Peter 1:14,"Knowing that shortly I must put off this my tabernacle, even as our Lord Jesus Christ hath shewed me.",2 Peter 1:2,"Grace and peace be multiplied unto you through the knowledge of God, and of Jesus our Lord,",The original refers to Peter's approaching death using 'this tent'; this complete blessing expresses grace and peace.,https://ebible.org/Scriptures/eng-kjv2006_usfx.zip
replacement,World English Bible (WEB),2 Peter 1:14,"Knowing that the putting off of my tent comes swiftly, even as our Lord Jesus Christ made clear to me.",2 Peter 1:2,"Grace to you and peace be multiplied in the knowledge of God and of Jesus our Lord,",The original refers to Peter's approaching death using 'this tent'; this complete blessing expresses grace and peace.,https://ebible.org/Scriptures/engwebu_usfx.zip
replacement,Lutherbibel (1912),2 Peter 1:14,"denn ich weiß, daß ich meine Hütte bald ablegen muß, wie mir denn auch unser HERR Jesus Christus eröffnet hat.",2 Peter 1:2,"Gott gebe euch viel Gnade und Frieden durch die Erkenntnis Gottes und Jesu Christi, unsers HERRN!",The original refers to Peter's approaching death using 'this tent'; this complete blessing expresses grace and peace.,https://ebible.org/Scriptures/deu1912_usfx.zip
replacement,Louis Segond (1910),2 Peter 1:14,"car je sais que je la quitterai subitement, ainsi que notre Seigneur Jésus-Christ me l’a fait connaître.",2 Peter 1:2,que la grâce et la paix vous soient multipliées par la connaissance de Dieu et de Jésus notre Seigneur!,The original refers to Peter's approaching death using 'this tent'; this complete blessing expresses grace and peace.,https://ebible.org/Scriptures/fraLSG_usfx.zip
replacement,Riveduta (1927),2 Peter 1:14,"perché so che presto dovrò lasciare questa mia tenda, come il Signor nostro Gesù Cristo me lo ha dichiarato.",2 Peter 1:2,grazia e pace vi siano moltiplicate nella conoscenza di Dio e di Gesù nostro Signore.,The original refers to Peter's approaching death using 'this tent'; this complete blessing expresses grace and peace.,https://ebible.org/Scriptures/ita1927_usfx.zip
replacement,Reina-Valera (1909),2 Peter 1:14,"Sabiendo que brevemente tengo de dejar mi tabernáculo, como nuestro Señor Jesucristo me ha declarado.",2 Peter 1:2,"Gracia y paz os sea multiplicada en el conocimiento de Dios, y de nuestro Señor Jesús.",The original refers to Peter's approaching death using 'this tent'; this complete blessing expresses grace and peace.,https://ebible.org/Scriptures/spaRV1909_usfx.zip
replacement,Sathyavedapusthakam (1910),2 Peter 1:14,ഞാൻ ഈ കൂടാരത്തിൽ ഇരിക്കുന്നേടത്തോളം നിങ്ങളെ ഓൎപ്പിച്ചുണൎത്തുക യുക്തം എന്നു വിചാരിക്കുന്നു.,2 Peter 1:2,ദൈവത്തിന്റെയും നമ്മുടെ കൎത്താവായ യേശുവിന്റെയും പരിജ്ഞാനത്തിൽ നിങ്ങൾക്കു കൃപയും സമാധാനവും വൎദ്ധിക്കുമാറാകട്ടെ.,The original refers to Peter's approaching death using 'this tent'; this complete blessing expresses grace and peace.,https://api.getbible.net/v2/mal1910.json
replacement,Ang Dating Biblia (1905),2 Peter 1:14,"Yamang aking nalalaman na dumarating na madali ang paghiwalay ko sa aking tabernakulo, na gaya ng ipinahiwatig sa akin ng Panginoon nating Jesucristo.",2 Peter 1:2,Biyaya at kapayapaan ang sa inyo'y dumami sa pagkakilala sa Dios at kay Jesus na Panginoon natin;,The original refers to Peter's approaching death using 'this tent'; this complete blessing expresses grace and peace.,https://api.getbible.net/v2/tagalog.json
source-correction,Lutherbibel (1912),Psalms 89:15,"Wohl dem Volk, das jauchzen kann! HERR, sie werden im Licht deines Antlitzes wandeln;",Psalms 89:16,"Wohl dem Volk, das jauchzen kann! HERR, sie werden im Licht deines Antlitzes wandeln;","Match the named edition source exactly, including its verse numbering, wording, capitalization and punctuation; normalize layout whitespace only.",https://ebible.org/Scriptures/deu1912_usfx.zip
source-correction,Louis Segond (1910),Psalms 89:15,La justice et l’équité sont la base de ton trône. La bonté et la fidélité sont devant ta face.,Psalms 89:16,"Heureux le peuple qui connaît le son de la trompette; Il marche à la clarté de ta face, ô Éternel!","Match the named edition source exactly, including its verse numbering, wording, capitalization and punctuation; normalize layout whitespace only.",https://ebible.org/Scriptures/fraLSG_usfx.zip
source-correction,King James Version (KJV),2 Corinthians 4:5,"For we preach not ourselves, but Christ Jesus the Lord; and ourselves your servants for Jesus' sake.",2 Corinthians 4:5,"For we preach not ourselves, but Christ Jesus the Lord; and ourselves your servants for Jesus’ sake.","Match the named edition source exactly, including its verse numbering, wording, capitalization and punctuation; normalize layout whitespace only.",https://ebible.org/Scriptures/eng-kjv2006_usfx.zip
replacement,Berean Standard Bible (BSB),Psalms 106:25,They grumbled in their tents and did not listen to the voice of the LORD.,Psalms 34:10,"Young lions go lacking and hungry, but those who seek the LORD lack no good thing.",The original describes grumbling and disobedience; this full verse contrasts hunger with the care of God for those who seek Him.,https://ebible.org/Scriptures/engbsb_usfx.zip
replacement,Bible in Basic English (BBE),Psalms 106:25,"Talking against him secretly in their tents, they did not give ear to the voice of the Lord.",Psalms 34:10,The young lions are in need and have no food; but those who are looking to the Lord will have every good thing.,The original describes grumbling and disobedience; this full verse contrasts hunger with the care of God for those who seek Him.,https://ebible.org/Scriptures/engBBE_usfx.zip
replacement,King James Version (KJV),Psalms 106:25,"But murmured in their tents, and hearkened not unto the voice of the LORD.",Psalms 34:10,"The young lions do lack, and suffer hunger: but they that seek the LORD shall not want any good thing.",The original describes grumbling and disobedience; this full verse contrasts hunger with the care of God for those who seek Him.,https://ebible.org/Scriptures/eng-kjv2006_usfx.zip
replacement,World English Bible (WEB),Psalms 106:25,"But murmured in their tents, and didn’t listen to the LORD’s voice.",Psalms 34:10,"The young lions do lack, and suffer hunger, but those who seek the LORD shall not lack any good thing.",The original describes grumbling and disobedience; this full verse contrasts hunger with the care of God for those who seek Him.,https://ebible.org/Scriptures/engwebu_usfx.zip
replacement,Lutherbibel (1912),Psalms 106:25,und murrten in ihren Hütten; sie gehorchten der Stimme des HERRN nicht.,Psalms 34:11,"Reiche müssen darben und hungern; aber die den HERRN suchen, haben keinen Mangel an irgend einem Gut.",The original describes grumbling and disobedience; this full verse contrasts hunger with the care of God for those who seek Him.,https://ebible.org/Scriptures/deu1912_usfx.zip
replacement,Louis Segond (1910),Psalms 106:25,"Ils murmurèrent dans leurs tentes, Ils n’obéirent point à sa voix.",Psalms 34:11,"Les lionceaux éprouvent la disette et la faim, Mais ceux qui cherchent l’Éternel ne sont privés d’aucun bien.",The original describes grumbling and disobedience; this full verse contrasts hunger with the care of God for those who seek Him.,https://ebible.org/Scriptures/fraLSG_usfx.zip
replacement,Riveduta (1927),Psalms 106:25,"e mormorarono nelle loro tende, e non dettero ascolto alla voce dell’Eterno.",Psalms 34:10,"I leoncelli soffron penuria e fame, ma quelli che cercano l’Eterno non mancano d’alcun bene.",The original describes grumbling and disobedience; this full verse contrasts hunger with the care of God for those who seek Him.,https://ebible.org/Scriptures/ita1927_usfx.zip
replacement,Reina-Valera (1909),Psalms 106:25,"Antes murmuraron en sus tiendas, y no oyeron la voz de Jehová.",Psalms 34:10,"Los leoncillos necesitaron, y tuvieron hambre; pero los que buscan á Jehová, no tendrán falta de ningún bien.",The original describes grumbling and disobedience; this full verse contrasts hunger with the care of God for those who seek Him.,https://ebible.org/Scriptures/spaRV1909_usfx.zip
replacement,Sathyavedapusthakam (1910),Psalms 106:25,അവർ തങ്ങളുടെ കൂടാരങ്ങളിൽവെച്ചു പിറുപിറുത്തു; യഹോവയുടെ വചനം കേൾക്കാതെയിരുന്നു.,Psalms 34:10,ബാലസിംഹങ്ങളും ഇരകിട്ടാതെ വിശന്നിരിക്കും; യഹോവയെ അന്വേഷിക്കുന്നവൎക്കോ ഒരു നന്മെക്കും കുറവില്ല.,The original describes grumbling and disobedience; this full verse contrasts hunger with the care of God for those who seek Him.,https://api.getbible.net/v2/mal1910.json
replacement,Ang Dating Biblia (1905),Psalms 106:25,"Kundi nangagsiungol sa kanilang mga tolda, at hindi nangakinig sa tinig ng Panginoon.",Psalms 34:10,Ang mga batang leon ay kinakapos at nagtitiis ng gutom. Nguni't silang nagsisihanap sa Panginoon ay hindi kukulangin ng anomang mabuting bagay.,The original describes grumbling and disobedience; this full verse contrasts hunger with the care of God for those who seek Him.,https://api.getbible.net/v2/tagalog.json
replacement,Berean Standard Bible (BSB),Romans 2:16,"On the day when God will judge men’s secrets through Christ Jesus, as proclaimed by my gospel.",James 5:13,Is any one of you suffering? He should pray. Is anyone cheerful? He should sing praises.,The original is a dependent clause about judgment; this full verse encourages prayer in suffering and praise in joy.,https://ebible.org/Scriptures/engbsb_usfx.zip
replacement,Bible in Basic English (BBE),Romans 2:16,"In the day when God will be a judge of the secrets of men, as it says in the good news of which I am a preacher, through Jesus Christ.",James 5:13,Is anyone among you in trouble? let him say prayers. Is anyone glad? let him make a song of praise.,The original is a dependent clause about judgment; this full verse encourages prayer in suffering and praise in joy.,https://ebible.org/Scriptures/engBBE_usfx.zip
replacement,King James Version (KJV),Romans 2:16,In the day when God shall judge the secrets of men by Jesus Christ according to my gospel.,James 5:13,Is any among you afflicted? let him pray. Is any merry? let him sing psalms.,The original is a dependent clause about judgment; this full verse encourages prayer in suffering and praise in joy.,https://ebible.org/Scriptures/eng-kjv2006_usfx.zip
replacement,World English Bible (WEB),Romans 2:16,"In the day when God will judge the secrets of men, according to my Good News, by Jesus Christ.",James 5:13,Is any among you suffering? Let him pray. Is any cheerful? Let him sing praises.,The original is a dependent clause about judgment; this full verse encourages prayer in suffering and praise in joy.,https://ebible.org/Scriptures/engwebu_usfx.zip
replacement,Lutherbibel (1912),Romans 2:16,"auf den Tag, da Gott das Verborgene der Menschen durch Jesus Christus richten wird laut meines Evangeliums.",James 5:13,"Leidet jemand unter euch, der bete; ist jemand gutes Muts, der singe Psalmen.",The original is a dependent clause about judgment; this full verse encourages prayer in suffering and praise in joy.,https://ebible.org/Scriptures/deu1912_usfx.zip
replacement,Louis Segond (1910),Romans 2:16,"C’est ce qui paraîtra au jour où, selon mon Évangile, Dieu jugera par Jésus-Christ les actions secrètes des hommes.",James 5:13,Quelqu’un parmi vous est-il dans la souffrance? Qu’il prie. Quelqu’un est-il dans la joie? Qu’il chante des cantiques.,The original is a dependent clause about judgment; this full verse encourages prayer in suffering and praise in joy.,https://ebible.org/Scriptures/fraLSG_usfx.zip
replacement,Riveduta (1927),Romans 2:16,"Tutto ciò si vedrà nel giorno in cui Dio giudicherà i segreti degli uomini per mezzo di Gesù Cristo, secondo il mio Evangelo.",James 5:13,C’è fra voi qualcuno che soffre? Preghi. C’è qualcuno d’animo lieto? Salmeggi.,The original is a dependent clause about judgment; this full verse encourages prayer in suffering and praise in joy.,https://ebible.org/Scriptures/ita1927_usfx.zip
replacement,Reina-Valera (1909),Romans 2:16,"En el día que juzgará el Señor lo encubierto de los hombres, conforme á mi evangelio, por Jesucristo.",James 5:13,¿Está alguno entre vosotros afligido? haga oración. ¿Está alguno alegre? cante salmos.,The original is a dependent clause about judgment; this full verse encourages prayer in suffering and praise in joy.,https://ebible.org/Scriptures/spaRV1909_usfx.zip
replacement,Sathyavedapusthakam (1910),Romans 2:16,ദൈവം യേശുക്രിസ്തു മുഖാന്തരം മനുഷ്യരുടെ രഹസ്യങ്ങളെ എന്റെ സുവിശേഷപ്രകാരം ന്യായം വിധിക്കുന്ന നാളിൽ തന്നേ.,James 5:13,നിങ്ങളിൽ കഷ്ടമനുഭവിക്കുന്നവൻ പ്രാൎത്ഥിക്കട്ടെ; സുഖം അനുഭവിക്കുന്നവൻ പാട്ടു പാടട്ടെ.,The original is a dependent clause about judgment; this full verse encourages prayer in suffering and praise in joy.,https://api.getbible.net/v2/mal1910.json
replacement,Ang Dating Biblia (1905),Romans 2:16,"Sa araw na hahatulan ng Dios ang mga lihim ng mga tao, ayon sa aking evangelio, sa pamamagitan ni Jesucristo.",James 5:13,Nagbabata baga ang sinoman sa inyo? siya'y manalangin. Natutuwa ang sinoman? awitin niya ang mga pagpupuri.,The original is a dependent clause about judgment; this full verse encourages prayer in suffering and praise in joy.,https://api.getbible.net/v2/tagalog.json
source-correction,Berean Standard Bible (BSB),Romans 5:2,Through whom we have gained access by faith into this grace in which we stand. And we rejoice in the hope of the glory of God.,Romans 5:2,through whom we have gained access by faith into this grace in which we stand. And we rejoice in the hope of the glory of God.,"Match the named edition source exactly, including its verse numbering, wording, capitalization and punctuation; normalize layout whitespace only.",https://ebible.org/Scriptures/engbsb_usfx.zip
source-correction,World English Bible (WEB),Romans 5:2,Through whom we also have our access by faith into this grace in which we stand. We rejoice in hope of the glory of God.,Romans 5:2,through whom we also have our access by faith into this grace in which we stand. We rejoice in hope of the glory of God.,"Match the named edition source exactly, including its verse numbering, wording, capitalization and punctuation; normalize layout whitespace only.",https://ebible.org/Scriptures/engwebu_usfx.zip
source-correction,Lutherbibel (1912),Psalms 140:6,"Ich aber sage zum HERRN: Du bist mein Gott; HERR, vernimm die Stimme meines Flehens!",Psalms 140:7,"Ich aber sage zum HERRN: Du bist mein Gott; HERR, vernimm die Stimme meines Flehens!","Match the named edition source exactly, including its verse numbering, wording, capitalization and punctuation; normalize layout whitespace only.",https://ebible.org/Scriptures/deu1912_usfx.zip
source-correction,Louis Segond (1910),Psalms 140:6,"Des orgueilleux me tendent un piège et des filets, Ils placent des rets le long du chemin, Ils me dressent des embûches. — Pause.",Psalms 140:7,"Je dis à l’Éternel: Tu es mon Dieu! Éternel, prête l’oreille à la voix de mes supplications!","Match the named edition source exactly, including its verse numbering, wording, capitalization and punctuation; normalize layout whitespace only.",https://ebible.org/Scriptures/fraLSG_usfx.zip
replacement,Berean Standard Bible (BSB),Psalms 105:19,Until his prediction came true and the word of the LORD proved him right.,Psalms 119:76,"May Your loving devotion comfort me, I pray, according to Your promise to Your servant.",The original's 'his' depends on the Joseph narrative; this complete prayer explicitly asks for comfort through God's love.,https://ebible.org/Scriptures/engbsb_usfx.zip
replacement,Bible in Basic English (BBE),Psalms 105:19,Till the time when his word came true; he was tested by the word of the Lord.,Psalms 119:76,"Let your mercy now be my comfort, as you have said to your servant.",The original's 'his' depends on the Joseph narrative; this complete prayer explicitly asks for comfort through God's love.,https://ebible.org/Scriptures/engBBE_usfx.zip
replacement,King James Version (KJV),Psalms 105:19,Until the time that his word came: the word of the LORD tried him.,Psalms 119:76,"Let, I pray thee, thy merciful kindness be for my comfort, according to thy word unto thy servant.",The original's 'his' depends on the Joseph narrative; this complete prayer explicitly asks for comfort through God's love.,https://ebible.org/Scriptures/eng-kjv2006_usfx.zip
replacement,World English Bible (WEB),Psalms 105:19,"Until the time that his word happened, and the LORD’s word proved him true.",Psalms 119:76,"Please let your loving kindness be for my comfort, according to your word to your servant.",The original's 'his' depends on the Joseph narrative; this complete prayer explicitly asks for comfort through God's love.,https://ebible.org/Scriptures/engwebu_usfx.zip
replacement,Lutherbibel (1912),Psalms 105:19,bis daß sein Wort kam und die Rede des HERRN ihn durchläuterte.,Psalms 119:76,"Deine Gnade müsse mein Trost sein, wie du deinem Knecht zugesagt hast.",The original's 'his' depends on the Joseph narrative; this complete prayer explicitly asks for comfort through God's love.,https://ebible.org/Scriptures/deu1912_usfx.zip
replacement,Louis Segond (1910),Psalms 105:19,"Jusqu’au temps où arriva ce qu’il avait annoncé, Et où la parole de l’Éternel l’éprouva.",Psalms 119:76,"Que ta bonté soit ma consolation, Comme tu l’as promis à ton serviteur!",The original's 'his' depends on the Joseph narrative; this complete prayer explicitly asks for comfort through God's love.,https://ebible.org/Scriptures/fraLSG_usfx.zip
replacement,Riveduta (1927),Psalms 105:19,"fino al tempo che avvenne quello che avea detto, e la parola dell’Eterno, nella prova, gli rese giustizia.",Psalms 119:76,"Deh, sia la tua benignità il mio conforto, secondo la tua parola detta al tuo servitore.",The original's 'his' depends on the Joseph narrative; this complete prayer explicitly asks for comfort through God's love.,https://ebible.org/Scriptures/ita1927_usfx.zip
replacement,Reina-Valera (1909),Psalms 105:19,"Hasta la hora que llegó su palabra, el dicho de Jehová le probó.",Psalms 119:76,"Sea ahora tu misericordia para consolarme, conforme á lo que has dicho á tu siervo.",The original's 'his' depends on the Joseph narrative; this complete prayer explicitly asks for comfort through God's love.,https://ebible.org/Scriptures/spaRV1909_usfx.zip
replacement,Sathyavedapusthakam (1910),Psalms 105:19,അവർ അവന്റെ കാലുകളെ വിലങ്ങുകൊണ്ടു ബന്ധിക്കയും അവൻ ഇരിമ്പു ചങ്ങലയിൽ കുടുങ്ങുകയും ചെയ്തു.,Psalms 119:76,അടിയനോടുള്ള നിന്റെ വാഗ്ദാനപ്രകാരം നിന്റെ ദയ എന്റെ ആശ്വാസത്തിന്നായി ഭവിക്കുമാറാകട്ടെ.,The original's 'his' depends on the Joseph narrative; this complete prayer explicitly asks for comfort through God's love.,https://api.getbible.net/v2/mal1910.json
replacement,Ang Dating Biblia (1905),Psalms 105:19,Hanggang sa panahon na nangyari ang kaniyang salita; tinikman siya ng salita ng Panginoon.,Psalms 119:76,"Isinasamo ko sa iyo na maging kaaliwan ko ang iyong kagandahang-loob, ayon sa iyong salita sa iyong lingkod.",The original's 'his' depends on the Joseph narrative; this complete prayer explicitly asks for comfort through God's love.,https://api.getbible.net/v2/tagalog.json
replacement,Berean Standard Bible (BSB),Psalms 118:27,The LORD is God; He has made His light to shine upon us. Bind the festal sacrifice with cords to the horns of the altar.,Psalms 100:4,Enter His gates with thanksgiving and His courts with praise; give thanks to Him and bless His name.,The original includes binding a sacrifice to altar horns; this complete invitation to thanksgiving works more clearly on its own.,https://ebible.org/Scriptures/engbsb_usfx.zip
replacement,Bible in Basic English (BBE),Psalms 118:27,"The Lord is God, and he has given us light; let the holy dance be ordered with branches, even up to the horns of the altar.",Psalms 100:4,"Come into his doors with joy, and into his house with praise; give him honour, blessing his name.",The original includes binding a sacrifice to altar horns; this complete invitation to thanksgiving works more clearly on its own.,https://ebible.org/Scriptures/engBBE_usfx.zip
replacement,King James Version (KJV),Psalms 118:27,"God is the LORD, which hath shewed us light: bind the sacrifice with cords, even unto the horns of the altar.",Psalms 100:4,"Enter into his gates with thanksgiving, and into his courts with praise: be thankful unto him, and bless his name.",The original includes binding a sacrifice to altar horns; this complete invitation to thanksgiving works more clearly on its own.,https://ebible.org/Scriptures/eng-kjv2006_usfx.zip
replacement,World English Bible (WEB),Psalms 118:27,"The LORD is God, and he has given us light. Bind the sacrifice with cords, even to the horns of the altar.",Psalms 100:4,"Enter into his gates with thanksgiving, and into his courts with praise. Give thanks to him, and bless his name.",The original includes binding a sacrifice to altar horns; this complete invitation to thanksgiving works more clearly on its own.,https://ebible.org/Scriptures/engwebu_usfx.zip
replacement,Lutherbibel (1912),Psalms 118:27,"der HERR ist Gott, der uns erleuchtet. Schmücket das Fest mit Maien bis an die Hörner des Altars!",Psalms 100:4,"Geht zu seinen Toren ein mit Danken, zu seinen Vorhöfen mit Loben; danket ihm, lobet seinen Namen!",The original includes binding a sacrifice to altar horns; this complete invitation to thanksgiving works more clearly on its own.,https://ebible.org/Scriptures/deu1912_usfx.zip
replacement,Louis Segond (1910),Psalms 118:27,"L’Éternel est Dieu, et il nous éclaire. Attachez la victime avec des liens, Amenez-la jusqu’aux cornes de l’autel!",Psalms 100:4,"Entrez dans ses portes avec des louanges, Dans ses parvis avec des cantiques! Célébrez-le, bénissez son nom!",The original includes binding a sacrifice to altar horns; this complete invitation to thanksgiving works more clearly on its own.,https://ebible.org/Scriptures/fraLSG_usfx.zip
replacement,Riveduta (1927),Psalms 118:27,"L’Eterno è Dio ed ha fatto risplender su noi la sua luce; legate con funi la vittima della solennità, e menatela ai corni dell’altare.",Psalms 100:4,"Entrate nelle sue porte con ringraziamento, e nei suoi cortili con lode; celebratelo, benedite il suo nome.",The original includes binding a sacrifice to altar horns; this complete invitation to thanksgiving works more clearly on its own.,https://ebible.org/Scriptures/ita1927_usfx.zip
replacement,Reina-Valera (1909),Psalms 118:27,Dios es Jehová que nos ha resplandecido: atad víctimas con cuerdas á los cuernos del altar.,Psalms 100:4,"Entrad por sus puertas con reconocimiento, por sus atrios con alabanza: alabadle, bendecid su nombre.",The original includes binding a sacrifice to altar horns; this complete invitation to thanksgiving works more clearly on its own.,https://ebible.org/Scriptures/spaRV1909_usfx.zip
replacement,Sathyavedapusthakam (1910),Psalms 118:27,യഹോവ തന്നേ ദൈവം; അവൻ നമുക്കു പ്രകാശം തന്നിരിക്കുന്നു; യാഗപീഠത്തിന്റെ കൊമ്പുകളോളം യാഗപശുവിനെ കയറുകൊണ്ടു കെട്ടുവിൻ.,Psalms 100:4,അവന്റെ വാതിലുകളിൽ സ്തോത്രത്തോടും അവന്റെ പ്രാകാരങ്ങളിൽ സ്തുതിയോടും കൂടെ വരുവിൻ; അവന്നു സ്തോത്രം ചെയ്തു അവന്റെ നാമത്തെ വാഴ്ത്തുവിൻ.,The original includes binding a sacrifice to altar horns; this complete invitation to thanksgiving works more clearly on its own.,https://api.getbible.net/v2/mal1910.json
replacement,Ang Dating Biblia (1905),Psalms 118:27,"Ang Panginoon ay Dios, at binigyan niya kami ng liwanag; talian ninyo ang hain ng mga panali, sa makatuwid baga'y sa mga tila sungay ng dambana.",Psalms 100:4,"Magsipasok kayo sa kaniyang mga pintuang-daan na may pagpapasalamat, at sa kaniyang looban na may pagpupuri: mangagpasalamat kayo sa kaniya, at purihin ninyo ang kaniyang pangalan.",The original includes binding a sacrifice to altar horns; this complete invitation to thanksgiving works more clearly on its own.,https://api.getbible.net/v2/tagalog.json
source-correction,Lutherbibel (1912),Psalms 64:10,"Die Gerechten werden sich des HERRN freuen und auf ihn trauen, und alle frommen Herzen werden sich des rühmen.",Psalms 64:11,"Die Gerechten werden sich des HERRN freuen und auf ihn trauen, und alle frommen Herzen werden sich des rühmen.","Match the named edition source exactly, including its verse numbering, wording, capitalization and punctuation; normalize layout whitespace only.",https://ebible.org/Scriptures/deu1912_usfx.zip
source-correction,Louis Segond (1910),Psalms 64:10,"Tous les hommes sont saisis de crainte, Ils publient ce que Dieu fait, Et prennent garde à son œuvre.",Psalms 64:11,"Le juste se réjouit en l’Éternel et cherche en lui son refuge, Tous ceux qui ont le cœur droit se glorifient.","Match the named edition source exactly, including its verse numbering, wording, capitalization and punctuation; normalize layout whitespace only.",https://ebible.org/Scriptures/fraLSG_usfx.zip
source-correction,Lutherbibel (1912),Psalms 56:4,Ich will Gottes Namen rühmen; auf Gott will ich hoffen und mich nicht fürchten; was sollte mir Fleisch tun?,Psalms 56:5,Ich will Gottes Namen rühmen; auf Gott will ich hoffen und mich nicht fürchten; was sollte mir Fleisch tun?,"Match the named edition source exactly, including its verse numbering, wording, capitalization and punctuation; normalize layout whitespace only.",https://ebible.org/Scriptures/deu1912_usfx.zip
source-correction,Louis Segond (1910),Psalms 56:4,"Quand je suis dans la crainte, En toi je me confie.",Psalms 56:5,"Je me glorifierai en Dieu, en sa parole; Je me confie en Dieu, je ne crains rien: Que peuvent me faire des hommes?","Match the named edition source exactly, including its verse numbering, wording, capitalization and punctuation; normalize layout whitespace only.",https://ebible.org/Scriptures/fraLSG_usfx.zip
replacement,Berean Standard Bible (BSB),Isaiah 26:13,"O LORD our God, other lords besides You have ruled over us, but Your name alone do we confess.",Isaiah 66:13,"As a mother comforts her son, so will I comfort you, and you will be consoled over Jerusalem.”",The original contrasts past rulers; this complete maternal image expresses God's comfort.,https://ebible.org/Scriptures/engbsb_usfx.zip
replacement,Bible in Basic English (BBE),Isaiah 26:13,"O Lord, our God, other lords than you have had rule over us; but in you only is our salvation, and no other name will we take on our lips.",Isaiah 66:13,"As to one who is comforted by his mother, so will I give you comfort: and you will be comforted in Jerusalem.",The original contrasts past rulers; this complete maternal image expresses God's comfort.,https://ebible.org/Scriptures/engBBE_usfx.zip
replacement,King James Version (KJV),Isaiah 26:13,"O LORD our God, other lords beside thee have had dominion over us: but by thee only will we make mention of thy name.",Isaiah 66:13,"As one whom his mother comforteth, so will I comfort you; and ye shall be comforted in Jerusalem.",The original contrasts past rulers; this complete maternal image expresses God's comfort.,https://ebible.org/Scriptures/eng-kjv2006_usfx.zip
replacement,World English Bible (WEB),Isaiah 26:13,"LORD our God, other lords besides you have had dominion over us, but we will only acknowledge your name.",Isaiah 66:13,"As one whom his mother comforts, so I will comfort you. You will be comforted in Jerusalem.”",The original contrasts past rulers; this complete maternal image expresses God's comfort.,https://ebible.org/Scriptures/engwebu_usfx.zip
replacement,Lutherbibel (1912),Isaiah 26:13,"HERR, unser Gott, es herrschen wohl andere Herren über uns denn du; aber wir gedenken doch allein dein und deines Namens.",Isaiah 66:13,"Ich will euch trösten, wie einen seine Mutter tröstet; ja, ihr sollt an Jerusalem ergötzt werden.",The original contrasts past rulers; this complete maternal image expresses God's comfort.,https://ebible.org/Scriptures/deu1912_usfx.zip
replacement,Louis Segond (1910),Isaiah 26:13,"Éternel, notre Dieu, d’autres maîtres que toi ont dominé sur nous; Mais c’est grâce à toi seul que nous invoquons ton nom.",Isaiah 66:13,"Comme un homme que sa mère console, Ainsi je vous consolerai; Vous serez consolés dans Jérusalem.",The original contrasts past rulers; this complete maternal image expresses God's comfort.,https://ebible.org/Scriptures/fraLSG_usfx.zip
replacement,Riveduta (1927),Isaiah 26:13,"O Eterno, Dio nostro, altri signori, fuori di te, han dominato su noi; ma, grazie a te solo, noi possiamo celebrare il tuo nome.",Isaiah 66:13,"Come un uomo cui sua madre consola, così io consolerò voi, e sarete consolati in Gerusalemme.",The original contrasts past rulers; this complete maternal image expresses God's comfort.,https://ebible.org/Scriptures/ita1927_usfx.zip
replacement,Reina-Valera (1909),Isaiah 26:13,"Jehová Dios nuestro, señores se han enseñoreado de nosotros fuera de ti; mas en ti solamente nos acordaremos de tu nombre.",Isaiah 66:13,"Como aquel á quien consuela su madre, así os consolaré yo á vosotros, y en Jerusalem tomaréis consuelo.",The original contrasts past rulers; this complete maternal image expresses God's comfort.,https://ebible.org/Scriptures/spaRV1909_usfx.zip
replacement,Sathyavedapusthakam (1910),Isaiah 26:13,"ഞങ്ങളുടെ ദൈവമായ യഹോവേ, നീയല്ലാതെ വേറെ കർത്താക്കന്മാർ ഞങ്ങളുടെമേൽ കൎത്തൃത്വം നടത്തീട്ടുണ്ടു; എന്നാൽ നിന്നെ മാത്രം, നിന്റെ നാമത്തെ തന്നേ, ഞങ്ങൾ സ്വീകരിക്കുന്നു.",Isaiah 66:13,അമ്മ ആശ്വസിപ്പിക്കുന്നതുപോലെ ഞാൻ നിങ്ങളെ ആശ്വസിപ്പിക്കും; നിങ്ങൾ യെരൂശലേമിൽ ആശ്വാസം പ്രാപിക്കും.,The original contrasts past rulers; this complete maternal image expresses God's comfort.,https://api.getbible.net/v2/mal1910.json
replacement,Ang Dating Biblia (1905),Isaiah 26:13,"Oh Panginoon naming Dios, ang ibang mga panginoon, bukod sa iyo ay nagtaglay ng pagkapanginoon sa amin; nguni't ikaw lamang ang babanggitin namin sa pangalan.",Isaiah 66:13,Kung paanong ang sinoma'y inaaliw ng ina gayon ko aaliwin kayo; at kayo'y mangaaliw sa Jerusalem.,The original contrasts past rulers; this complete maternal image expresses God's comfort.,https://api.getbible.net/v2/tagalog.json
replacement,Berean Standard Bible (BSB),2 Corinthians 8:5,"And not only did they do as we expected, but they gave themselves first to the Lord and then to us, through the will of God.",Hebrews 10:24,And let us consider how to spur one another on to love and good deeds.,The original describes a particular group's gift and relies on the preceding account; this full verse encourages love and good deeds.,https://ebible.org/Scriptures/engbsb_usfx.zip
replacement,Bible in Basic English (BBE),2 Corinthians 8:5,"And going even farther than our hope, they first gave themselves to the Lord and to us after the purpose of God.",Hebrews 10:24,And let us be moving one another at all times to love and good works;,The original describes a particular group's gift and relies on the preceding account; this full verse encourages love and good deeds.,https://ebible.org/Scriptures/engBBE_usfx.zip
replacement,King James Version (KJV),2 Corinthians 8:5,"And this they did, not as we hoped, but first gave their own selves to the Lord, and unto us by the will of God.",Hebrews 10:24,And let us consider one another to provoke unto love and to good works:,The original describes a particular group's gift and relies on the preceding account; this full verse encourages love and good deeds.,https://ebible.org/Scriptures/eng-kjv2006_usfx.zip
replacement,World English Bible (WEB),2 Corinthians 8:5,"This was not as we had expected, but first they gave their own selves to the Lord, and to us through the will of God.",Hebrews 10:24,"Let’s consider how to provoke one another to love and good works,",The original describes a particular group's gift and relies on the preceding account; this full verse encourages love and good deeds.,https://ebible.org/Scriptures/engwebu_usfx.zip
replacement,Lutherbibel (1912),2 Corinthians 8:5,"und nicht, wie wir hofften, sondern sie ergaben sich selbst, zuerst dem HERRN und darnach uns, durch den Willen Gottes,",Hebrews 10:24,und lasset uns untereinander unser selbst wahrnehmen mit Reizen zur Liebe und guten Werken,The original describes a particular group's gift and relies on the preceding account; this full verse encourages love and good deeds.,https://ebible.org/Scriptures/deu1912_usfx.zip
replacement,Louis Segond (1910),2 Corinthians 8:5,"Et non seulement ils ont contribué comme nous l’espérions, mais ils se sont d’abord donnés eux-mêmes au Seigneur, puis à nous, par la volonté de Dieu.",Hebrews 10:24,"Veillons les uns sur les autres, pour nous exciter à la charité et aux bonnes œuvres.",The original describes a particular group's gift and relies on the preceding account; this full verse encourages love and good deeds.,https://ebible.org/Scriptures/fraLSG_usfx.zip
replacement,Riveduta (1927),2 Corinthians 8:5,"E l’hanno fatto non solo come avevamo sperato; ma prima si sono dati loro stessi al Signore, e poi a noi, per la volontà di Dio.",Hebrews 10:24,"E facciamo attenzione gli uni agli altri per incitarci a carità e a buone opere,",The original describes a particular group's gift and relies on the preceding account; this full verse encourages love and good deeds.,https://ebible.org/Scriptures/ita1927_usfx.zip
replacement,Reina-Valera (1909),2 Corinthians 8:5,"Y no como lo esperábamos, mas aun á sí mismos se dieron primeramente al Señor, y á nosotros por la voluntad de Dios.",Hebrews 10:24,Y considerémonos los unos á los otros para provocarnos al amor y á las buenas obras;,The original describes a particular group's gift and relies on the preceding account; this full verse encourages love and good deeds.,https://ebible.org/Scriptures/spaRV1909_usfx.zip
replacement,Sathyavedapusthakam (1910),2 Corinthians 8:5,അതും ഞങ്ങൾ വിചാരിച്ചിരുന്നതുപോലെയല്ല; അവർ മുമ്പെ തങ്ങളെത്തന്നേ കൎത്താവിന്നും പിന്നെ ദൈവേഷ്ടത്തിന്നൊത്തവണ്ണം ഞങ്ങൾക്കും ഏല്പിച്ചു.,Hebrews 10:24,ചിലർ ചെയ്യുന്നതുപോലെ നമ്മുടെ സഭായോഗങ്ങളെ ഉപേക്ഷിക്കാതെ തമ്മിൽ പ്രബോധിപ്പിച്ചുകൊണ്ടു സ്നേഹത്തിന്നും,The original describes a particular group's gift and relies on the preceding account; this full verse encourages love and good deeds.,https://api.getbible.net/v2/mal1910.json
replacement,Ang Dating Biblia (1905),2 Corinthians 8:5,"At ito, ay hindi ayon sa aming inaasahan, kundi ibinigay muna nila ang kanilang sarili sa Panginoon, at sa amin sa pamamagitan ng kalooban ng Dios.",Hebrews 10:24,At tayo'y mangagtinginan upang tayo'y mangaudyok sa pagiibigan at mabubuting gawa;,The original describes a particular group's gift and relies on the preceding account; this full verse encourages love and good deeds.,https://api.getbible.net/v2/tagalog.json
replacement,Berean Standard Bible (BSB),Deuteronomy 13:3,You must not listen to the words of that prophet or dreamer. For the LORD your God is testing you to find out whether you love Him with all your heart and with all your soul.,Proverbs 12:25,"Anxiety weighs down the heart of a man, but a good word cheers it up.",The original warning about false prophets is lengthy and context-dependent; this complete proverb connects kind words with encouragement.,https://ebible.org/Scriptures/engbsb_usfx.zip
replacement,Bible in Basic English (BBE),Deuteronomy 13:3,"Then give no attention to the words of that prophet or that dreamer of dreams: for the Lord your God is testing you, to see if all the love of your heart and soul is given to him.",Proverbs 12:25,"Care in the heart of a man makes it weighted down, but a good word makes it glad.",The original warning about false prophets is lengthy and context-dependent; this complete proverb connects kind words with encouragement.,https://ebible.org/Scriptures/engBBE_usfx.zip
replacement,King James Version (KJV),Deuteronomy 13:3,"Thou shalt not hearken unto the words of that prophet, or that dreamer of dreams: for the LORD your God proveth you, to know whether ye love the LORD your God with all your heart and with all your soul.",Proverbs 12:25,Heaviness in the heart of man maketh it stoop: but a good word maketh it glad.,The original warning about false prophets is lengthy and context-dependent; this complete proverb connects kind words with encouragement.,https://ebible.org/Scriptures/eng-kjv2006_usfx.zip
replacement,World English Bible (WEB),Deuteronomy 13:3,"You shall not listen to the words of that prophet, or to that dreamer of dreams; for the LORD your God is testing you, to know whether you love the LORD your God with all your heart and with all your soul.",Proverbs 12:25,"Anxiety in a man’s heart weighs it down, but a kind word makes it glad.",The original warning about false prophets is lengthy and context-dependent; this complete proverb connects kind words with encouragement.,https://ebible.org/Scriptures/engwebu_usfx.zip
replacement,Lutherbibel (1912),Deuteronomy 13:3,"so sollst du nicht gehorchen den Worten des Propheten oder Träumers; denn der HERR, euer Gott, versucht euch, daß er erfahre, ob ihr ihn von ganzem Herzen liebhabt.",Proverbs 12:25,"Sorge im Herzen kränkt, aber ein freundliches Wort erfreut.",The original warning about false prophets is lengthy and context-dependent; this complete proverb connects kind words with encouragement.,https://ebible.org/Scriptures/deu1912_usfx.zip
replacement,Louis Segond (1910),Deuteronomy 13:3,"tu n’écouteras pas les paroles de ce prophète ou de ce songeur, car c’est l’Éternel, votre Dieu, qui vous met à l’épreuve pour savoir si vous aimez l’Éternel, votre Dieu, de tout votre cœur et de toute votre âme.",Proverbs 12:25,"L’inquiétude dans le cœur de l’homme l’abat, Mais une bonne parole le réjouit.",The original warning about false prophets is lengthy and context-dependent; this complete proverb connects kind words with encouragement.,https://ebible.org/Scriptures/fraLSG_usfx.zip
replacement,Riveduta (1927),Deuteronomy 13:3,"tu non darai retta alle parole di quel profeta o di quel sognatore; perché l’Eterno, il vostro Dio, vi mette alla prova per sapere se amate l’Eterno, il vostro Dio, con tutto il vostro cuore e con tutta l’anima vostra.",Proverbs 12:25,"Il cordoglio ch’è nel cuore dell’uomo l’abbatte, ma la parola buona lo rallegra.",The original warning about false prophets is lengthy and context-dependent; this complete proverb connects kind words with encouragement.,https://ebible.org/Scriptures/ita1927_usfx.zip
replacement,Reina-Valera (1909),Deuteronomy 13:3,"No darás oído á las palabras de tal profeta, ni al tal soñador de sueños: porque Jehová vuestro Dios os prueba, para saber si amáis á Jehová vuestro Dios con todo vuestro corazón, y con toda vuestra alma.",Proverbs 12:25,"El cuidado congojoso en el corazón del hombre, lo abate; mas la buena palabra lo alegra.",The original warning about false prophets is lengthy and context-dependent; this complete proverb connects kind words with encouragement.,https://ebible.org/Scriptures/spaRV1909_usfx.zip
replacement,Sathyavedapusthakam (1910),Deuteronomy 13:3,നീ അറിഞ്ഞിട്ടില്ലാത്ത അന്യദൈവങ്ങളെ നാം ചെന്നു സേവിക്ക എന്നു പറഞ്ഞുംകൊണ്ടു ഒരു അടയാളമോ അത്ഭുതമോ മുന്നറിയിക്കയും അവൻ പറഞ്ഞ അടയാളമോ അത്ഭുതമോ സംഭവിക്കയും ചെയ്താൽ,Proverbs 12:25,മനോവ്യസനം ഹേതുവായി മനുഷ്യന്റെ മനസ്സിടിയുന്നു; ഒരു നല്ല വാക്കോ അതിനെ സന്തോഷിപ്പിക്കുന്നു.,The original warning about false prophets is lengthy and context-dependent; this complete proverb connects kind words with encouragement.,https://api.getbible.net/v2/mal1910.json
replacement,Ang Dating Biblia (1905),Deuteronomy 13:3,"Ay huwag mong didinggin ang mga salita ng manghuhulang yaon, o ng mapanaginiping yaon ng mga panaginip: sapagka't sinusubok kayo ng Panginoon ninyong Dios, upang maalaman kung iniibig ninyo ang Panginoon ninyong Dios ng inyong buong puso at ng inyong buong kaluluwa.",Proverbs 12:25,Ang kabigatan sa puso ng tao ay nagpapahukot; nguni't ang mabuting salita ay nagpapasaya.,The original warning about false prophets is lengthy and context-dependent; this complete proverb connects kind words with encouragement.,https://api.getbible.net/v2/tagalog.json
replacement,Berean Standard Bible (BSB),Isaiah 43:1,"But now, this is what the LORD says— He who created you, O Jacob, and He who formed you, O Israel: “Do not fear, for I have redeemed you; I have called you by your name; you are Mine!",Isaiah 42:3,A bruised reed He will not break and a smoldering wick He will not extinguish; He will faithfully bring forth justice.,Replace a lengthy introduction and assurance with a complete image of gentleness toward the bruised and weak.,https://ebible.org/Scriptures/engbsb_usfx.zip
replacement,Bible in Basic English (BBE),Isaiah 43:1,"But now, says the Lord your Maker, O Jacob, and your life-giver, O Israel: have no fear, for I have taken up your cause; naming you by your name, I have made you mine.",Isaiah 42:3,"He will not let a crushed stem be quite broken, and he will not let a feebly burning light be put out: he will go on sending out the true word to the peoples.",Replace a lengthy introduction and assurance with a complete image of gentleness toward the bruised and weak.,https://ebible.org/Scriptures/engBBE_usfx.zip
replacement,King James Version (KJV),Isaiah 43:1,"But now thus saith the LORD that created thee, O Jacob, and he that formed thee, O Israel, Fear not: for I have redeemed thee, I have called thee by thy name; thou art mine.",Isaiah 42:3,"A bruised reed shall he not break, and the smoking flax shall he not quench: he shall bring forth judgment unto truth.",Replace a lengthy introduction and assurance with a complete image of gentleness toward the bruised and weak.,https://ebible.org/Scriptures/eng-kjv2006_usfx.zip
replacement,World English Bible (WEB),Isaiah 43:1,"But now the LORD who created you, Jacob, and he who formed you, Israel, says: “Don’t be afraid, for I have redeemed you. I have called you by your name. You are mine.",Isaiah 42:3,He won’t break a bruised reed. He won’t quench a dimly burning wick. He will faithfully bring justice.,Replace a lengthy introduction and assurance with a complete image of gentleness toward the bruised and weak.,https://ebible.org/Scriptures/engwebu_usfx.zip
replacement,Lutherbibel (1912),Isaiah 43:1,"Und nun spricht der HERR, der dich geschaffen hat, Jakob, und dich gemacht hat, Israel: Fürchte dich nicht, denn ich habe dich erlöst; ich habe dich bei deinem Namen gerufen; du bist mein!",Isaiah 42:3,"Das zerstoßene Rohr wird er nicht zerbrechen, und den glimmenden Docht wird er nicht auslöschen. Er wird das Recht wahrhaftig halten lehren.",Replace a lengthy introduction and assurance with a complete image of gentleness toward the bruised and weak.,https://ebible.org/Scriptures/deu1912_usfx.zip
replacement,Louis Segond (1910),Isaiah 43:1,"Ainsi parle maintenant l’Éternel, qui t’a créé, ô Jacob! Celui qui t’a formé, ô Israël! Ne crains rien, car je te rachète, Je t’appelle par ton nom: tu es à moi!",Isaiah 42:3,"Il ne brisera point le roseau cassé, Et il n’éteindra point la mèche qui brûle encore; Il annoncera la justice selon la vérité.",Replace a lengthy introduction and assurance with a complete image of gentleness toward the bruised and weak.,https://ebible.org/Scriptures/fraLSG_usfx.zip
replacement,Riveduta (1927),Isaiah 43:1,"Ma ora così parla l’Eterno, il tuo Creatore, o Giacobbe, Colui che t’ha formato, o Israele! Non temere, perché io t’ho riscattato, t’ho chiamato per nome; tu sei mio!",Isaiah 42:3,Non spezzerà la canna rotta e non spegnerà il lucignolo fumante; insegnerà la giustizia secondo verità.,Replace a lengthy introduction and assurance with a complete image of gentleness toward the bruised and weak.,https://ebible.org/Scriptures/ita1927_usfx.zip
replacement,Reina-Valera (1909),Isaiah 43:1,"Y AHORA, así dice Jehová Criador tuyo, oh Jacob, y Formador tuyo, oh Israel: No temas, porque yo te redimí; te puse nombre, mío eres tú.",Isaiah 42:3,"No quebrará la caña cascada, ni apagará el pábilo que humeare: sacará el juicio á verdad.",Replace a lengthy introduction and assurance with a complete image of gentleness toward the bruised and weak.,https://ebible.org/Scriptures/spaRV1909_usfx.zip
replacement,Sathyavedapusthakam (1910),Isaiah 43:1,"ഇപ്പോഴോ യാക്കോബേ, നിന്നെ സൃഷ്ടിച്ചവനും, യിസ്രായേലേ, നിന്നെ നിൎമ്മിച്ചവനുമായ യഹോവ ഇപ്രകാരം അരുളിച്ചെയ്യുന്നു: ഭയപ്പെടേണ്ടാ, ഞാൻ നിന്നെ വീണ്ടെടുത്തിരിക്കുന്നു; ഞാൻ നിന്നെ പേർ ചൊല്ലി വിളിച്ചിരിക്കുന്നു; നീ എനിക്കുള്ളവൻ തന്നേ.",Isaiah 42:3,ചതഞ്ഞ ഓട അവൻ ഒടിച്ചുകളകയില്ല; പുകയുന്ന തിരി കെടുത്തുകളകയില്ല; അവൻ സത്യത്തോടെ ന്യായം പ്രസ്താവിക്കും.,Replace a lengthy introduction and assurance with a complete image of gentleness toward the bruised and weak.,https://api.getbible.net/v2/mal1910.json
replacement,Ang Dating Biblia (1905),Isaiah 43:1,"Nguni't ngayo'y ganito ang sabi ng Panginoon na lumalang sa iyo, Oh Jacob, at naganyo sa iyo, Oh Israel, Ikaw ay huwag matakot, sapagka't tinubos kita; tinawag kita sa iyong pangalan, ikaw ay akin.",Isaiah 42:3,"Ang gapok na tambo ay hindi niya babaliin, ni ang timsim na umuusok ay hindi niya papatayin: siya'y maglalapat ng kahatulan sa katotohanan.",Replace a lengthy introduction and assurance with a complete image of gentleness toward the bruised and weak.,https://api.getbible.net/v2/tagalog.json
replacement,Berean Standard Bible (BSB),1 Samuel 2:1,"At that time Hannah prayed: “My heart rejoices in the LORD; my horn is exalted in the LORD. My mouth speaks boldly against my enemies, for I rejoice in Your salvation.",1 Chronicles 16:23,"Sing to the LORD, all the earth. Proclaim His salvation day after day.",Replace a long narrative prayer about triumph over enemies with a complete invitation to sing and proclaim salvation.,https://ebible.org/Scriptures/engbsb_usfx.zip
replacement,Bible in Basic English (BBE),1 Samuel 2:1,"And Hannah, in prayer before the Lord, said, My heart is glad in the Lord, my horn is lifted up in the Lord: my mouth is open wide over my haters; because my joy is in your salvation.",1 Chronicles 16:23,"Make songs to the Lord, all the earth; give the good news of his salvation day by day.",Replace a long narrative prayer about triumph over enemies with a complete invitation to sing and proclaim salvation.,https://ebible.org/Scriptures/engBBE_usfx.zip
replacement,King James Version (KJV),1 Samuel 2:1,"And Hannah prayed, and said, My heart rejoiceth in the LORD, mine horn is exalted in the LORD: my mouth is enlarged over mine enemies; because I rejoice in thy salvation.",1 Chronicles 16:23,"Sing unto the LORD, all the earth; shew forth from day to day his salvation.",Replace a long narrative prayer about triumph over enemies with a complete invitation to sing and proclaim salvation.,https://ebible.org/Scriptures/eng-kjv2006_usfx.zip
replacement,World English Bible (WEB),1 Samuel 2:1,"Hannah prayed, and said, “My heart exults in the LORD! My horn is exalted in the LORD. My mouth is enlarged over my enemies, because I rejoice in your salvation.",1 Chronicles 16:23,"Sing to the LORD, all the earth! Display his salvation from day to day.",Replace a long narrative prayer about triumph over enemies with a complete invitation to sing and proclaim salvation.,https://ebible.org/Scriptures/engwebu_usfx.zip
replacement,Lutherbibel (1912),1 Samuel 2:1,Und Hanna betete und sprach: Mein Herz ist fröhlich in dem HERRN; mein Horn ist erhöht in dem HERRN. Mein Mund hat sich weit aufgetan über meine Feinde; denn ich freue mich deines Heils.,1 Chronicles 16:23,"Singet dem HERRN, alle Lande; verkündiget täglich sein Heil!",Replace a long narrative prayer about triumph over enemies with a complete invitation to sing and proclaim salvation.,https://ebible.org/Scriptures/deu1912_usfx.zip
replacement,Louis Segond (1910),1 Samuel 2:1,"Anne pria, et dit: Mon cœur se réjouit en l’Éternel, Ma force a été relevée par l’Éternel; Ma bouche s’est ouverte contre mes ennemis, Car je me réjouis de ton secours.",1 Chronicles 16:23,"Chantez à l’Éternel, vous tous habitants de la terre! Annoncez de jour en jour son salut;",Replace a long narrative prayer about triumph over enemies with a complete invitation to sing and proclaim salvation.,https://ebible.org/Scriptures/fraLSG_usfx.zip
replacement,Riveduta (1927),1 Samuel 2:1,"Allora Anna pregò e disse: “Il mio cuore esulta nell’Eterno, l’Eterno mi ha dato una forza vittoriosa, la mia bocca s’apre contro i miei nemici perché gioisco per la liberazione che tu m’hai concessa.",1 Chronicles 16:23,"Cantate all’Eterno, abitanti di tutta la terra, annunziate di giorno in giorno la sua salvezza!",Replace a long narrative prayer about triumph over enemies with a complete invitation to sing and proclaim salvation.,https://ebible.org/Scriptures/ita1927_usfx.zip
replacement,Reina-Valera (1909),1 Samuel 2:1,"Y ANNA oró y dijo: mi corazón se regocija en Jehová, mi cuerno es ensalzado en Jehová; mi boca se ensanchó sobre mis enemigos, por cuanto me alegré en tu salud.",1 Chronicles 16:23,"Cantad á Jehová, toda la tierra, anunciad de día en día su salud.",Replace a long narrative prayer about triumph over enemies with a complete invitation to sing and proclaim salvation.,https://ebible.org/Scriptures/spaRV1909_usfx.zip
replacement,Sathyavedapusthakam (1910),1 Samuel 2:1,അനന്തരം ഹന്നാ പ്രാൎത്ഥിച്ചു പറഞ്ഞതെന്തെന്നാൽ: എന്റെ ഹൃദയം യഹോവയിൽ ആനന്ദിക്കുന്നു; എന്റെ കൊമ്പു യഹോവയാൽ ഉയൎന്നിരിക്കുന്നു; എന്റെ വായ് ശത്രുക്കളുടെ നേരെ വിശാലമാകുന്നു; നിന്റെ രക്ഷയിൽ ഞാൻ സന്തോഷിക്കുന്നു.,1 Chronicles 16:23,"സൎവ്വഭൂവാസികളേ, യഹോവെക്കു പാടുവിൻ; നാൾക്കുനാൾ അവന്റെ രക്ഷയെ പ്രസ്താവിപ്പിൻ.",Replace a long narrative prayer about triumph over enemies with a complete invitation to sing and proclaim salvation.,https://api.getbible.net/v2/mal1910.json
replacement,Ang Dating Biblia (1905),1 Samuel 2:1,"At si Ana ay nanalangin, at nagsabi: Nagagalak ang aking puso sa Panginoon; Ang aking sungay ay pinalaki ng Panginoon; Binigyan ako ng bibig sa aking mga kaaway; Sapagka't ako'y nagagalak sa iyong pagliligtas.",1 Chronicles 16:23,"Kayo'y magsiawit sa Panginoon, buong lupa, Ihayag ninyo ang kaniyang pagliligtas sa araw-araw.",Replace a long narrative prayer about triumph over enemies with a complete invitation to sing and proclaim salvation.,https://api.getbible.net/v2/tagalog.json
